0 0.367989 0.480074 0.0104715 0.00851174 0.938999
0 0.296111 0.158405 0.00993168 0.00838746 0.932425
0 0.351923 0.111634 0.0110729 0.00743323 0.925663
0 0.462843 0.584855 0.0108627 0.007496 0.92446
0 0.470699 0.293044 0.0100819 0.00832758 0.92439
0 0.745859 0.384193 0.0106418 0.00769318 0.921958
0 0.707463 0.398194 0.0104123 0.00843411 0.920239
0 0.297881 0.36833 0.00950281 0.00781641 0.920158
0 0.625275 0.321211 0.00972764 0.00722204 0.918998
0 0.349817 0.524659 0.0106967 0.00716806 0.918122
0 0.175549 0.241197 0.00965032 0.00785316 0.915925
0 0.528373 0.406789 0.00984244 0.00791825 0.915473
0 0.628717 0.345134 0.0102736 0.00749255 0.91513
0 0.528176 0.289147 0.00961954 0.00835055 0.914338
0 0.374449 0.337682 0.0100346 0.00838252 0.913751
0 0.664898 0.432791 0.0113082 0.00755343 0.913486
0 0.792665 0.378946 0.0107562 0.00709591 0.913106
0 0.694773 0.55704 0.0107422 0.0074102 0.912816
0 0.761881 0.686714 0.0103881 0.00777514 0.911552
0 0.768614 0.36263 0.0105188 0.00763036 0.91149
0 0.811506 0.511221 0.010366 0.00705855 0.911323
0 0.520896 0.338217 0.010612 0.00792028 0.911012
0 0.726785 0.676009 0.0103111 0.00776818 0.911011
0 0.789974 0.199932 0.0101692 0.00744614 0.910499
0 0.843332 0.444187 0.0109008 0.00774877 0.909633
0 0.485401 0.227069 0.0107824 0.0081955 0.909026
0 0.819034 0.366707 0.0102265 0.00731008 0.908799
0 0.0970546 0.682415 0.0102604 0.00834153 0.908122
0 0.541994 0.205574 0.0105022 0.00858891 0.907781
0 0.6273 0.192549 0.00995091 0.00821932 0.906576
0 0.707072 0.462164 0.0105658 0.00723315 0.905886
0 0.628573 0.524281 0.00962341 0.0077109 0.905027
0 0.857169 0.205559 0.00987171 0.00838474 0.904799
0 0.819757 0.673232 0.010519 0.00823605 0.904561
0 0.681643 0.608651 0.011522 0.00789879 0.904237
0 0.84279 0.514198 0.0112076 0.00777756 0.904186
0 0.738112 0.314331 0.0102203 0.00803863 0.904173
0 0.357031 0.275766 0.0112728 0.00832107 0.903767
0 0.462292 0.473738 0.00964259 0.00809058 0.9029
0 0.807405 0.420992 0.0101103 0.00779182 0.902081
0 0.45454 0.455635 0.0102907 0.00761153 0.901976
0 0.589155 0.226673 0.0089027 0.00736041 0.901953
0 0.727507 0.746117 0.0102411 0.0073138 0.901392
0 0.830507 0.695544 0.00976183 0.00848958 0.901032
0 0.626695 0.660415 0.00955652 0.00827008 0.900861
0 0.298092 0.555995 0.0113673 0.00834728 0.900023
0 0.521747 0.676386 0.00935893 0.0083669 0.899532
0 0.471774 0.782584 0.0102065 0.00826215 0.897651
0 0.804334 0.364736 0.00931715 0.00799349 0.89764
0 0.637169 0.687765 0.00929127 0.00776539 0.897349
0 0.554266 0.744985 0.0104057 0.0072317 0.896515
0 0.899709 0.288546 0.00954159 0.00750312 0.896302
0 0.521801 0.738373 0.00946671 0.0080719 0.89509
0 0.618901 0.350017 0.00915895 0.00763557 0.894564
0 0.868724 0.16284 0.00965607 0.0076138 0.894195
0 0.616162 0.570466 0.00878797 0.00801183 0.894185
0 0.836112 0.791633 0.0102971 0.00711241 0.893085
0 0.495698 0.469174 0.00980349 0.00755861 0.892901
0 0.547759 0.351116 0.00957796 0.00806085 0.890287
0 0.607275 0.491726 0.00938557 0.00779285 0.890148
0 0.456276 0.121572 0.0107423 0.00732828 0.889537
0 0.788567 0.627038 0.0101188 0.00750811 0.889292
0 0.848534 0.398026 0.0103396 0.00830823 0.889262
0 0.702629 0.455806 0.0105043 0.00679528 0.889081
0 0.873171 0.736267 0.0112588 0.00928933 0.888849
0 0.866562 0.731004 0.00944535 0.00793845 0.888141
0 0.840682 0.295355 0.0110959 0.00813184 0.887311
0 0.131527 0.494486 0.010471 0.00742731 0.887006
0 0.39276 0.143726 0.00982202 0.0085567 0.886075
0 0.580371 0.691633 0.00960609 0.00769661 0.885956
0 0.413611 0.735909 0.00941124 0.00787935 0.882815
0 0.146531 0.149396 0.0103463 0.00671093 0.881777
0 0.884284 0.433388 0.0104381 0.00725849 0.881595
0 0.194306 0.592587 0.0104951 0.00745798 0.880033
0 0.735673 0.156251 0.00933571 0.00666408 0.879009
0 0.797261 0.470132 0.0105171 0.00747072 0.878992
0 0.696939 0.344978 0.0102946 0.00877838 0.878866
0 0.897461 0.349596 0.0109121 0.00753288 0.877527
0 0.656216 0.332016 0.0113364 0.007791 0.87746
0 0.155165 0.175405 0.0104633 0.00772867 0.876664
0 0.767459 0.730578 0.01034 0.0069333 0.876327
0 0.568347 0.914572 0.0109114 0.00800499 0.876138
0 0.529876 0.677625 0.00952161 0.00718144 0.876031
0 0.696732 0.124679 0.0102777 0.00782994 0.875017
0 0.888987 0.261038 0.0107854 0.00860254 0.87431
0 0.914834 0.456346 0.00955612 0.00663212 0.870645
0 0.810901 0.260987 0.00931763 0.00790096 0.869185
0 0.095347 0.227287 0.0100136 0.00700159 0.867543
0 0.60207 0.674518 0.00956456 0.00711175 0.866172
0 0.145457 0.534187 0.00998514 0.00803194 0.865603
0 0.89629 0.357377 0.0100318 0.00680315 0.864226
0 0.776207 0.423488 0.00974302 0.00706337 0.864055
0 0.638742 0.61889 0.0107289 0.00756267 0.863777
0 0.291494 0.231828 0.010327 0.00814121 0.86314
0 0.840517 0.65454 0.00972187 0.00711175 0.861007
0 0.899171 0.919826 0.00958688 0.00844895 0.860286
0 0.363982 0.202882 0.0106527 0.00699154 0.860061
0 0.829505 0.459195 0.00894932 0.00752818 0.858777
0 0.5475 0.795905 0.00921695 0.00751937 0.858263
0 0.531063 0.14559 0.00942291 0.00769854 0.857591
0 0.322732 0.170515 0.0102828 0.00824409 0.857566
0 0.397879 0.583619 0.00998619 0.00645852 0.856436
0 0.281985 0.772538 0.0103828 0.00729891 0.854009
0 0.68122 0.779717 0.0102444 0.00818713 0.852926
0 0.627103 0.572536 0.0108075 0.00734444 0.851246
0 0.883571 0.567232 0.00931957 0.0078702 0.850908
0 0.629254 0.909695 0.0103864 0.00732809 0.85018
0 0.834018 0.712146 0.0108909 0.007263 0.847615
0 0.620088 0.727976 0.00967524 0.00868649 0.846728
0 0.784585 0.668179 0.0104798 0.00735147 0.843097
0 0.739762 0.627989 0.0103069 0.00695849 0.8413
0 0.726457 0.376506 0.00981818 0.00758286 0.840833
0 0.535884 0.686818 0.0103411 0.00732258 0.839493
0 0.949387 0.360812 0.00969095 0.0071601 0.837863
0 0.859275 0.754021 0.00943098 0.00770018 0.835634
0 0.671837 0.769339 0.009402 0.00823387 0.825159
0 0.753586 0.502847 0.00941936 0.00755846 0.813904
0 0.570344 0.716369 0.00996754 0.0066033 0.808075
0 0.584368 0.667239 0.00890548 0.00736624 0.803242
0 0.0973038 0.922843 0.0116638 0.00793554 0.801508
0 0.0605592 0.686418 0.0101073 0.00671938 0.795781
0 0.896696 0.590049 0.00882951 0.00620034 0.791862
0 0.408277 0.75419 0.0103062 0.00854753 0.789874
0 0.595395 0.504949 0.00750341 0.00675135 0.775963
0 0.871148 0.651379 0.0107792 0.00780699 0.773715
0 0.639963 0.182137 0.0112289 0.00752072 0.767228
0 0.684396 0.696248 0.0100833 0.007533 0.766849
0 0.891951 0.645711 0.0104436 0.0071789 0.766482
0 0.495834 0.221566 0.0101689 0.00837456 0.762532
0 0.656457 0.513961 0.00973329 0.00811441 0.757526
0 0.768928 0.632226 0.00941839 0.00714759 0.757035
0 0.822995 0.471417 0.00934637 0.00849839 0.750457
0 0.80043 0.759778 0.0107542 0.00747093 0.729592
0 0.8644 0.613447 0.0111786 0.00717956 0.712906
0 0.939424 0.401748 0.0121179 0.00818534 0.711303
0 0.698994 0.71359 0.0102986 0.00779107 0.71116
0 0.602851 0.386343 0.00811941 0.00693494 0.708061
0 0.808239 0.497342 0.0091912 0.00753736 0.693247
0 0.609294 0.319483 0.00994029 0.0068558 0.691411
0 0.768889 0.795242 0.0103599 0.00776121 0.68902
0 0.604426 0.377198 0.00989109 0.00806118 0.68593
0 0.505133 0.713819 0.0101998 0.00774371 0.682113
0 0.894702 0.431649 0.0106828 0.00768565 0.679324
0 0.833599 0.733301 0.00913864 0.00674305 0.678399
0 0.596759 0.43522 0.00830401 0.00672231 0.664408
0 0.940909 0.663579 0.0109491 0.00724066 0.657547
0 0.905908 0.2289 0.00904749 0.00649614 0.633247
0 0.85899 0.63698 0.0101805 0.00744011 0.617477
0 0.634154 0.36083 0.00863365 0.00665877 0.607264
0 0.602623 0.412494 0.00837982 0.00645813 0.522328
0 0.714206 0.335463 0.0103952 0.00817547 0.518735
0 0.90423 0.200653 0.00879407 0.00769234 0.47737
0 0.794892 0.438408 0.0103627 0.00750757 0.473088
0 0.924422 0.395599 0.00874434 0.00740215 0.469591
0 0.910594 0.65874 0.0116714 0.00818295 0.424254
0 0.757317 0.779575 0.0114782 0.00890611 0.407501
0 0.887344 0.525773 0.0107283 0.0076432 0.395401
0 0.952642 0.760799 0.00983837 0.0076208 0.39375
0 0.86776 0.628594 0.0123586 0.0119146 0.391754
0 0.911446 0.638506 0.0104457 0.00743151 0.37713
0 0.869936 0.532774 0.0095453 0.0079339 0.358845
0 0.785347 0.705246 0.0102092 0.00708722 0.357349
0 0.933623 0.43256 0.008817 0.00769303 0.346147
0 0.597755 0.481814 0.00962797 0.00865352 0.344141
0 0.666439 0.372679 0.010661 0.00755576 0.323709
0 0.88706 0.612234 0.00994146 0.00757127 0.308337
0 0.882121 0.662212 0.0102973 0.00819161 0.295004
0 0.610407 0.324681 0.0103742 0.00697802 0.285615
0 0.793307 0.509946 0.0129621 0.00948927 0.270808
0 0.893787 0.727646 0.012577 0.00914425 0.269767
0 0.884278 0.550242 0.00967884 0.00713445 0.264672
0 0.932238 0.169796 0.00935784 0.00713377 0.263877
0 0.890854 0.336996 0.0118416 0.00821589 0.240346
0 0.633896 0.714886 0.00986109 0.00744048 0.229817
0 0.94651 0.674724 0.00971089 0.00808007 0.226426
0 0.732283 0.326333 0.0104844 0.00788395 0.194254
0 0.781816 0.681818 0.00911652 0.00819221 0.186549
0 0.64931 0.824095 0.0118302 0.00871126 0.17747
0 0.75199 0.545494 0.011896 0.00937465 0.168071
0 0.600905 0.288757 0.0080893 0.00637914 0.166613
0 0.947438 0.78589 0.0127983 0.0098682 0.166483
0 0.914156 0.685707 0.012075 0.00959275 0.165988
0 0.840934 0.481816 0.0118384 0.00914537 0.161988
0 0.920396 0.417376 0.0118417 0.00890423 0.15679
0 0.905531 0.419969 0.0125137 0.00919845 0.140255
0 0.928395 0.451808 0.0090068 0.00899167 0.138772
0 0.680999 0.691344 0.0105766 0.00795909 0.132858
0 0.94441 0.694009 0.0115852 0.00897883 0.127755
0 0.763526 0.774139 0.0100769 0.00901449 0.116376
0 0.949043 0.7428 0.00926782 0.00776479 0.114073
0 0.954946 0.467505 0.0122665 0.0106115 0.105722
0 0.367989 0.480074 0.0104715 0.00851174 0.938999
0 0.296111 0.158405 0.00993168 0.00838746 0.932425
0 0.351923 0.111634 0.0110729 0.00743323 0.925663
0 0.462843 0.584855 0.0108627 0.007496 0.92446
0 0.470699 0.293044 0.0100819 0.00832758 0.92439
0 0.745859 0.384193 0.0106418 0.00769318 0.921958
0 0.707463 0.398194 0.0104123 0.00843411 0.920239
0 0.297881 0.36833 0.00950281 0.00781641 0.920158
0 0.625275 0.321211 0.00972764 0.00722204 0.918998
0 0.349817 0.524659 0.0106967 0.00716806 0.918122
0 0.175549 0.241197 0.00965032 0.00785316 0.915925
0 0.528373 0.406789 0.00984244 0.00791825 0.915473
0 0.628717 0.345134 0.0102736 0.00749255 0.91513
0 0.528176 0.289147 0.00961954 0.00835055 0.914338
0 0.374449 0.337682 0.0100346 0.00838252 0.913751
0 0.664898 0.432791 0.0113082 0.00755343 0.913486
0 0.792665 0.378946 0.0107562 0.00709591 0.913106
0 0.694773 0.55704 0.0107422 0.0074102 0.912816
0 0.761881 0.686714 0.0103881 0.00777514 0.911552
0 0.768614 0.36263 0.0105188 0.00763036 0.91149
0 0.811506 0.511221 0.010366 0.00705855 0.911323
0 0.520896 0.338217 0.010612 0.00792028 0.911012
0 0.726785 0.676009 0.0103111 0.00776818 0.911011
0 0.789974 0.199932 0.0101692 0.00744614 0.910499
0 0.843332 0.444187 0.0109008 0.00774877 0.909633
0 0.485401 0.227069 0.0107824 0.0081955 0.909026
0 0.819034 0.366707 0.0102265 0.00731008 0.908799
0 0.0970546 0.682415 0.0102604 0.00834153 0.908122
0 0.541994 0.205574 0.0105022 0.00858891 0.907781
0 0.6273 0.192549 0.00995091 0.00821932 0.906576
0 0.707072 0.462164 0.0105658 0.00723315 0.905886
0 0.628573 0.524281 0.00962341 0.0077109 0.905027
0 0.857169 0.205559 0.00987171 0.00838474 0.904799
0 0.819757 0.673232 0.010519 0.00823605 0.904561
0 0.681643 0.608651 0.011522 0.00789879 0.904237
0 0.84279 0.514198 0.0112076 0.00777756 0.904186
0 0.738112 0.314331 0.0102203 0.00803863 0.904173
0 0.357031 0.275766 0.0112728 0.00832107 0.903767
0 0.462292 0.473738 0.00964259 0.00809058 0.9029
0 0.807405 0.420992 0.0101103 0.00779182 0.902081
0 0.45454 0.455635 0.0102907 0.00761153 0.901976
0 0.589155 0.226673 0.0089027 0.00736041 0.901953
0 0.727507 0.746117 0.0102411 0.0073138 0.901392
0 0.830507 0.695544 0.00976183 0.00848958 0.901032
0 0.626695 0.660415 0.00955652 0.00827008 0.900861
0 0.298092 0.555995 0.0113673 0.00834728 0.900023
0 0.521747 0.676386 0.00935893 0.0083669 0.899532
0 0.471774 0.782584 0.0102065 0.00826215 0.897651
0 0.804334 0.364736 0.00931715 0.00799349 0.89764
0 0.637169 0.687765 0.00929127 0.00776539 0.897349
0 0.554266 0.744985 0.0104057 0.0072317 0.896515
0 0.899709 0.288546 0.00954159 0.00750312 0.896302
0 0.521801 0.738373 0.00946671 0.0080719 0.89509
0 0.618901 0.350017 0.00915895 0.00763557 0.894564
0 0.868724 0.16284 0.00965607 0.0076138 0.894195
0 0.616162 0.570466 0.00878797 0.00801183 0.894185
0 0.836112 0.791633 0.0102971 0.00711241 0.893085
0 0.495698 0.469174 0.00980349 0.00755861 0.892901
0 0.547759 0.351116 0.00957796 0.00806085 0.890287
0 0.607275 0.491726 0.00938557 0.00779285 0.890148
0 0.456276 0.121572 0.0107423 0.00732828 0.889537
0 0.788567 0.627038 0.0101188 0.00750811 0.889292
0 0.848534 0.398026 0.0103396 0.00830823 0.889262
0 0.702629 0.455806 0.0105043 0.00679528 0.889081
0 0.873171 0.736267 0.0112588 0.00928933 0.888849
0 0.866562 0.731004 0.00944535 0.00793845 0.888141
0 0.840682 0.295355 0.0110959 0.00813184 0.887311
0 0.131527 0.494486 0.010471 0.00742731 0.887006
0 0.39276 0.143726 0.00982202 0.0085567 0.886075
0 0.580371 0.691633 0.00960609 0.00769661 0.885956
0 0.413611 0.735909 0.00941124 0.00787935 0.882815
0 0.146531 0.149396 0.0103463 0.00671093 0.881777
0 0.884284 0.433388 0.0104381 0.00725849 0.881595
0 0.194306 0.592587 0.0104951 0.00745798 0.880033
0 0.735673 0.156251 0.00933571 0.00666408 0.879009
0 0.797261 0.470132 0.0105171 0.00747072 0.878992
0 0.696939 0.344978 0.0102946 0.00877838 0.878866
0 0.897461 0.349596 0.0109121 0.00753288 0.877527
0 0.656216 0.332016 0.0113364 0.007791 0.87746
0 0.155165 0.175405 0.0104633 0.00772867 0.876664
0 0.767459 0.730578 0.01034 0.0069333 0.876327
0 0.568347 0.914572 0.0109114 0.00800499 0.876138
0 0.529876 0.677625 0.00952161 0.00718144 0.876031
0 0.696732 0.124679 0.0102777 0.00782994 0.875017
0 0.888987 0.261038 0.0107854 0.00860254 0.87431
0 0.914834 0.456346 0.00955612 0.00663212 0.870645
0 0.810901 0.260987 0.00931763 0.00790096 0.869185
0 0.095347 0.227287 0.0100136 0.00700159 0.867543
0 0.60207 0.674518 0.00956456 0.00711175 0.866172
0 0.145457 0.534187 0.00998514 0.00803194 0.865603
0 0.89629 0.357377 0.0100318 0.00680315 0.864226
0 0.776207 0.423488 0.00974302 0.00706337 0.864055
0 0.638742 0.61889 0.0107289 0.00756267 0.863777
0 0.291494 0.231828 0.010327 0.00814121 0.86314
0 0.840517 0.65454 0.00972187 0.00711175 0.861007
0 0.899171 0.919826 0.00958688 0.00844895 0.860286
0 0.363982 0.202882 0.0106527 0.00699154 0.860061
0 0.829505 0.459195 0.00894932 0.00752818 0.858777
0 0.5475 0.795905 0.00921695 0.00751937 0.858263
0 0.531063 0.14559 0.00942291 0.00769854 0.857591
0 0.322732 0.170515 0.0102828 0.00824409 0.857566
0 0.397879 0.583619 0.00998619 0.00645852 0.856436
0 0.281985 0.772538 0.0103828 0.00729891 0.854009
0 0.68122 0.779717 0.0102444 0.00818713 0.852926
0 0.627103 0.572536 0.0108075 0.00734444 0.851246
0 0.883571 0.567232 0.00931957 0.0078702 0.850908
0 0.629254 0.909695 0.0103864 0.00732809 0.85018
0 0.834018 0.712146 0.0108909 0.007263 0.847615
0 0.620088 0.727976 0.00967524 0.00868649 0.846728
0 0.784585 0.668179 0.0104798 0.00735147 0.843097
0 0.739762 0.627989 0.0103069 0.00695849 0.8413
0 0.726457 0.376506 0.00981818 0.00758286 0.840833
0 0.535884 0.686818 0.0103411 0.00732258 0.839493
0 0.949387 0.360812 0.00969095 0.0071601 0.837863
0 0.859275 0.754021 0.00943098 0.00770018 0.835634
0 0.671837 0.769339 0.009402 0.00823387 0.825159
0 0.753586 0.502847 0.00941936 0.00755846 0.813904
0 0.570344 0.716369 0.00996754 0.0066033 0.808075
0 0.584368 0.667239 0.00890548 0.00736624 0.803242
0 0.0973038 0.922843 0.0116638 0.00793554 0.801508
0 0.0605592 0.686418 0.0101073 0.00671938 0.795781
0 0.896696 0.590049 0.00882951 0.00620034 0.791862
0 0.408277 0.75419 0.0103062 0.00854753 0.789874
0 0.595395 0.504949 0.00750341 0.00675135 0.775963
0 0.871148 0.651379 0.0107792 0.00780699 0.773715
0 0.639963 0.182137 0.0112289 0.00752072 0.767228
0 0.684396 0.696248 0.0100833 0.007533 0.766849
0 0.891951 0.645711 0.0104436 0.0071789 0.766482
0 0.495834 0.221566 0.0101689 0.00837456 0.762532
0 0.656457 0.513961 0.00973329 0.00811441 0.757526
0 0.768928 0.632226 0.00941839 0.00714759 0.757035
0 0.822995 0.471417 0.00934637 0.00849839 0.750457
0 0.80043 0.759778 0.0107542 0.00747093 0.729592
0 0.8644 0.613447 0.0111786 0.00717956 0.712906
0 0.939424 0.401748 0.0121179 0.00818534 0.711303
0 0.698994 0.71359 0.0102986 0.00779107 0.71116
0 0.602851 0.386343 0.00811941 0.00693494 0.708061
0 0.808239 0.497342 0.0091912 0.00753736 0.693247
0 0.609294 0.319483 0.00994029 0.0068558 0.691411
0 0.768889 0.795242 0.0103599 0.00776121 0.68902
0 0.604426 0.377198 0.00989109 0.00806118 0.68593
0 0.505133 0.713819 0.0101998 0.00774371 0.682113
0 0.894702 0.431649 0.0106828 0.00768565 0.679324
0 0.833599 0.733301 0.00913864 0.00674305 0.678399
0 0.596759 0.43522 0.00830401 0.00672231 0.664408
0 0.940909 0.663579 0.0109491 0.00724066 0.657547
0 0.905908 0.2289 0.00904749 0.00649614 0.633247
0 0.85899 0.63698 0.0101805 0.00744011 0.617477
0 0.634154 0.36083 0.00863365 0.00665877 0.607264
0 0.602623 0.412494 0.00837982 0.00645813 0.522328
0 0.714206 0.335463 0.0103952 0.00817547 0.518735
0 0.90423 0.200653 0.00879407 0.00769234 0.47737
0 0.794892 0.438408 0.0103627 0.00750757 0.473088
0 0.924422 0.395599 0.00874434 0.00740215 0.469591
0 0.910594 0.65874 0.0116714 0.00818295 0.424254
0 0.757317 0.779575 0.0114782 0.00890611 0.407501
0 0.887344 0.525773 0.0107283 0.0076432 0.395401
0 0.952642 0.760799 0.00983837 0.0076208 0.39375
0 0.86776 0.628594 0.0123586 0.0119146 0.391754
0 0.911446 0.638506 0.0104457 0.00743151 0.37713
0 0.869936 0.532774 0.0095453 0.0079339 0.358845
0 0.785347 0.705246 0.0102092 0.00708722 0.357349
0 0.933623 0.43256 0.008817 0.00769303 0.346147
0 0.597755 0.481814 0.00962797 0.00865352 0.344141
0 0.666439 0.372679 0.010661 0.00755576 0.323709
0 0.88706 0.612234 0.00994146 0.00757127 0.308337
0 0.882121 0.662212 0.0102973 0.00819161 0.295004
0 0.610407 0.324681 0.0103742 0.00697802 0.285615
0 0.793307 0.509946 0.0129621 0.00948927 0.270808
0 0.893787 0.727646 0.012577 0.00914425 0.269767
0 0.884278 0.550242 0.00967884 0.00713445 0.264672
0 0.932238 0.169796 0.00935784 0.00713377 0.263877
0 0.890854 0.336996 0.0118416 0.00821589 0.240346
0 0.633896 0.714886 0.00986109 0.00744048 0.229817
0 0.94651 0.674724 0.00971089 0.00808007 0.226426
0 0.732283 0.326333 0.0104844 0.00788395 0.194254
0 0.781816 0.681818 0.00911652 0.00819221 0.186549
0 0.64931 0.824095 0.0118302 0.00871126 0.17747
0 0.75199 0.545494 0.011896 0.00937465 0.168071
0 0.600905 0.288757 0.0080893 0.00637914 0.166613
0 0.947438 0.78589 0.0127983 0.0098682 0.166483
0 0.914156 0.685707 0.012075 0.00959275 0.165988
0 0.840934 0.481816 0.0118384 0.00914537 0.161988
0 0.920396 0.417376 0.0118417 0.00890423 0.15679
0 0.905531 0.419969 0.0125137 0.00919845 0.140255
0 0.928395 0.451808 0.0090068 0.00899167 0.138772
0 0.680999 0.691344 0.0105766 0.00795909 0.132858
0 0.94441 0.694009 0.0115852 0.00897883 0.127755
0 0.763526 0.774139 0.0100769 0.00901449 0.116376
0 0.949043 0.7428 0.00926782 0.00776479 0.114073
0 0.954946 0.467505 0.0122665 0.0106115 0.105722
0 0.667579 0.394283 0.0127633 0.00984906 0.880076
0 0.517356 0.410584 0.0146372 0.0121703 0.869808
0 0.469154 0.0471396 0.0107534 0.00883005 0.86549
0 0.243201 0.370894 0.0126096 0.0108019 0.860005
0 0.83784 0.152341 0.0125942 0.00933659 0.859153
0 0.69935 0.633114 0.0155148 0.0105122 0.849322
0 0.376239 0.146706 0.0104452 0.00710338 0.848647
0 0.943535 0.736782 0.00930633 0.0084831 0.846667
0 0.264009 0.33358 0.0102686 0.00889076 0.84485
0 0.636324 0.67319 0.0139053 0.0121821 0.843551
0 0.409515 0.365261 0.013438 0.00845643 0.843135
0 0.912575 0.531958 0.0107968 0.0105086 0.839533
0 0.363833 0.536344 0.0160934 0.0105858 0.833074
0 0.559459 0.742977 0.0129223 0.010962 0.825107
0 0.621261 0.595958 0.0140727 0.0118323 0.820054
0 0.21881 0.668643 0.0131484 0.0104823 0.819091
0 0.764173 0.404156 0.0124531 0.0115901 0.812311
0 0.206165 0.265916 0.0112229 0.00881437 0.807325
0 0.245406 0.976166 0.0166883 0.0118114 0.806621
0 0.696954 0.416211 0.00973487 0.00862866 0.802961
0 0.622058 0.405033 0.0170342 0.0118966 0.798297
0 0.571406 0.549717 0.0155259 0.0102807 0.796971
0 0.579776 0.656242 0.014806 0.0126902 0.794513
0 0.739163 0.157984 0.0122028 0.010579 0.792701
0 0.755951 0.69645 0.0127936 0.0118963 0.786452
0 0.579739 0.256602 0.0139914 0.00912582 0.782438
0 0.448346 0.640999 0.0145034 0.00884447 0.778197
0 0.42399 0.196983 0.0133237 0.0093519 0.777818
0 0.542442 0.858999 0.0149712 0.0115441 0.773814
0 0.693099 0.866687 0.0125072 0.0107967 0.773668
0 0.0307381 0.618156 0.0150313 0.0108287 0.766929
0 0.325763 0.0457611 0.0111419 0.00872777 0.766492
0 0.528986 0.363895 0.0142623 0.0109384 0.765743
0 0.700816 0.234683 0.0136559 0.00863858 0.761335
0 0.351051 0.0765388 0.0116328 0.00780714 0.76081
0 0.797168 0.426405 0.0116313 0.00947749 0.757304
0 0.611774 0.633548 0.0148001 0.0113027 0.74786
0 0.922881 0.373005 0.0121121 0.0109164 0.7427
0 0.343472 0.248739 0.0141883 0.0088669 0.737455
0 0.26577 0.206841 0.0127857 0.0101613 0.73665
0 0.615058 0.659106 0.0132336 0.0107193 0.736202
0 0.429813 0.301996 0.0125453 0.00924649 0.725923
0 0.74879 0.703686 0.0132565 0.0117525 0.714208
0 0.175824 0.673892 0.013485 0.0116904 0.713457
0 0.0768332 0.374619 0.0128573 0.0112788 0.705264
0 0.356505 0.471539 0.0152551 0.0122073 0.703978
0 0.13103 0.208866 0.0120912 0.0107064 0.703101
0 0.683527 0.520772 0.0133407 0.00990846 0.687269
0 0.842515 0.214996 0.0117486 0.00861398 0.68373
0 0.490192 0.520329 0.0135125 0.0118093 0.679386
0 0.323298 0.579019 0.0124598 0.0122818 0.666951
0 0.731602 0.503075 0.0144803 0.00939212 0.660449
0 0.716735 0.631667 0.015728 0.0102112 0.65799
0 0.790636 0.408478 0.0114313 0.00910771 0.650957
0 0.585624 0.23597 0.0153932 0.0089078 0.648613
0 0.342698 0.363086 0.0144792 0.0112003 0.6481
0 0.601455 0.715879 0.0164564 0.0111439 0.638601
0 0.161272 0.206634 0.0137807 0.0117144 0.622983
0 0.578026 0.270547 0.00986695 0.00915552 0.619251
0 0.305456 0.756947 0.0135268 0.0132823 0.617863
0 0.834616 0.393312 0.0148098 0.00929463 0.608451
0 0.698862 0.43627 0.0117242 0.0102799 0.58274
0 0.429105 0.391473 0.013335 0.0101353 0.582011
0 0.702318 0.459481 0.0122744 0.00984816 0.580478
0 0.420383 0.213685 0.0134676 0.0111348 0.577847
0 0.384339 0.570402 0.0146954 0.0112392 0.57023
0 0.862728 0.121327 0.0134955 0.0103958 0.565015
0 0.95365 0.520101 0.0145355 0.0112713 0.564777
0 0.0131593 0.986279 0.0149796 0.0143774 0.562339
0 0.517775 0.379562 0.0142344 0.0120755 0.558263
0 0.354009 0.406972 0.0159363 0.0101215 0.552821
0 0.175139 0.707665 0.0165679 0.0113275 0.547637
0 0.494774 0.210414 0.013615 0.00902224 0.5252
0 0.158954 0.718191 0.016349 0.010555 0.52061
0 0.709858 0.258851 0.0124449 0.00931949 0.497893
0 0.224542 0.21637 0.0141083 0.0101865 0.495841
0 0.433412 0.0919998 0.0120058 0.00808904 0.493176
0 0.549518 0.55225 0.0121034 0.00919312 0.487196
0 0.3886 0.323864 0.0141024 0.00849339 0.482466
0 0.22082 0.0840585 0.0144409 0.00859356 0.458254
0 0.38184 0.517425 0.0132618 0.0107571 0.449023
0 0.733511 0.39801 0.0150527 0.00894913 0.435188
0 0.889807 0.309617 0.0127834 0.00922291 0.42629
0 0.469065 0.179604 0.0133223 0.00961149 0.419687
0 0.471398 0.37775 0.0112694 0.00913605 0.410165
0 0.460789 0.814194 0.0128195 0.0126758 0.397426
0 0.652476 0.394487 0.0133918 0.0104932 0.397082
0 0.630925 0.98063 0.0117975 0.00944386 0.393838
0 0.594078 0.367549 0.0113813 0.0106382 0.385466
0 0.181342 0.0362394 0.0145048 0.00949657 0.338033
0 0.0750237 0.848777 0.0133791 0.0105955 0.333524
0 0.130862 0.337016 0.0141049 0.00852052 0.322573
0 0.155054 0.607747 0.0150283 0.0111201 0.302532
0 0.0251469 0.675614 0.0122584 0.0115824 0.295323
0 0.326372 0.139986 0.0133433 0.00791871 0.293708
0 0.408178 0.831126 0.0148593 0.0132472 0.291681
0 0.173759 0.317788 0.0135729 0.0107445 0.290151
0 0.557271 0.240471 0.0131669 0.00829079 0.287067
0 0.73957 0.437813 0.0109528 0.00817562 0.280864
0 0.137343 0.732878 0.0127021 0.00994207 0.278611
0 0.141632 0.20054 0.0152863 0.00965734 0.275869
0 0.183421 0.608376 0.0127989 0.0118413 0.270468
0 0.603471 0.638329 0.00896543 0.0061353 0.265621
0 0.547699 0.692519 0.0153127 0.0105776 0.258462
0 0.679429 0.415577 0.0146455 0.0124427 0.256145
0 0.705494 0.424049 0.0130434 0.00887577 0.254631
0 0.610917 0.280288 0.00806778 0.00843799 0.244543
0 0.729624 0.459302 0.0129145 0.00751738 0.238974
0 0.61605 0.280306 0.00869553 0.00791983 0.235921
0 0.365056 0.551141 0.0145748 0.0125486 0.224896
0 0.856098 0.37903 0.0157585 0.0101492 0.221937
0 0.785593 0.606245 0.0166062 0.0101909 0.221736
0 0.0257911 0.330425 0.0133437 0.0110989 0.216334
0 0.192632 0.603016 0.0154509 0.0107289 0.215763
0 0.650429 0.692265 0.0132691 0.0105946 0.202609
0 0.996396 0.140723 0.00720901 0.0103114 0.198803
0 0.0669338 0.184259 0.0129711 0.00943269 0.19747
0 0.391928 0.541907 0.0129069 0.0115731 0.191871
0 0.714648 0.137668 0.0150457 0.00983132 0.187504
0 0.194809 0.306449 0.0152541 0.00874489 0.183657
0 0.0684874 0.829126 0.0137124 0.00986299 0.17685
0 0.440616 0.213237 0.0118388 0.0100208 0.173471
0 0.00540233 0.757436 0.010795 0.0118056 0.161962
0 0.351382 0.330054 0.013979 0.00868561 0.157468
0 0.725044 0.868856 0.0135623 0.0132383 0.157224
0 0.606497 0.146623 0.0143816 0.0117178 0.156316
0 0.595918 0.12369 0.0123196 0.011626 0.143986
0 0.750774 0.294013 0.0117623 0.00764662 0.140826
0 0.576673 0.687777 0.0138426 0.0105663 0.139952
0 0.752068 0.285143 0.0130314 0.00736679 0.139098
0 0.616623 0.688411 0.015458 0.0106127 0.138294
0 0.651512 0.808888 0.00873602 0.00750866 0.134043
0 0.176829 0.602334 0.0144203 0.011403 0.133311
0 0.00365106 0.263855 0.00730212 0.00856239 0.130114
0 0.431581 0.417718 0.0151185 0.01229 0.128896
0 0.702291 0.279543 0.0142268 0.00954676 0.123101
0 0.504779 0.53694 0.015268 0.0096226 0.122138
0 0.197184 0.128141 0.00929119 0.00733784 0.11937
0 0.996957 0.479881 0.0060713 0.00835988 0.116155
0 0.0229154 0.178439 0.0135127 0.0107495 0.116038
0 0.538842 0.152109 0.0138133 0.00893687 0.115983
0 0.0546757 0.960435 0.0173683 0.0129539 0.113007
0 0.697511 0.525311 0.0123655 0.010165 0.111315
0 0.35634 0.292839 0.014915 0.00988939 0.108344
0 0.547191 0.997833 0.0122867 0.0043335 0.107485
0 0.667579 0.394283 0.0127633 0.00984906 0.880076
0 0.517356 0.410584 0.0146372 0.0121703 0.869808
0 0.469154 0.0471396 0.0107534 0.00883005 0.86549
0 0.243201 0.370894 0.0126096 0.0108019 0.860005
0 0.83784 0.152341 0.0125942 0.00933659 0.859153
0 0.69935 0.633114 0.0155148 0.0105122 0.849322
0 0.376239 0.146706 0.0104452 0.00710338 0.848647
0 0.943535 0.736782 0.00930633 0.0084831 0.846667
0 0.264009 0.33358 0.0102686 0.00889076 0.84485
0 0.636324 0.67319 0.0139053 0.0121821 0.843551
0 0.409515 0.365261 0.013438 0.00845643 0.843135
0 0.912575 0.531958 0.0107968 0.0105086 0.839533
0 0.363833 0.536344 0.0160934 0.0105858 0.833074
0 0.559459 0.742977 0.0129223 0.010962 0.825107
0 0.621261 0.595958 0.0140727 0.0118323 0.820054
0 0.21881 0.668643 0.0131484 0.0104823 0.819091
0 0.764173 0.404156 0.0124531 0.0115901 0.812311
0 0.206165 0.265916 0.0112229 0.00881437 0.807325
0 0.245406 0.976166 0.0166883 0.0118114 0.806621
0 0.696954 0.416211 0.00973487 0.00862866 0.802961
0 0.622058 0.405033 0.0170342 0.0118966 0.798297
0 0.571406 0.549717 0.0155259 0.0102807 0.796971
0 0.579776 0.656242 0.014806 0.0126902 0.794513
0 0.739163 0.157984 0.0122028 0.010579 0.792701
0 0.755951 0.69645 0.0127936 0.0118963 0.786452
0 0.579739 0.256602 0.0139914 0.00912582 0.782438
0 0.448346 0.640999 0.0145034 0.00884447 0.778197
0 0.42399 0.196983 0.0133237 0.0093519 0.777818
0 0.542442 0.858999 0.0149712 0.0115441 0.773814
0 0.693099 0.866687 0.0125072 0.0107967 0.773668
0 0.0307381 0.618156 0.0150313 0.0108287 0.766929
0 0.325763 0.0457611 0.0111419 0.00872777 0.766492
0 0.528986 0.363895 0.0142623 0.0109384 0.765743
0 0.700816 0.234683 0.0136559 0.00863858 0.761335
0 0.351051 0.0765388 0.0116328 0.00780714 0.76081
0 0.797168 0.426405 0.0116313 0.00947749 0.757304
0 0.611774 0.633548 0.0148001 0.0113027 0.74786
0 0.922881 0.373005 0.0121121 0.0109164 0.7427
0 0.343472 0.248739 0.0141883 0.0088669 0.737455
0 0.26577 0.206841 0.0127857 0.0101613 0.73665
0 0.615058 0.659106 0.0132336 0.0107193 0.736202
0 0.429813 0.301996 0.0125453 0.00924649 0.725923
0 0.74879 0.703686 0.0132565 0.0117525 0.714208
0 0.175824 0.673892 0.013485 0.0116904 0.713457
0 0.0768332 0.374619 0.0128573 0.0112788 0.705264
0 0.356505 0.471539 0.0152551 0.0122073 0.703978
0 0.13103 0.208866 0.0120912 0.0107064 0.703101
0 0.683527 0.520772 0.0133407 0.00990846 0.687269
0 0.842515 0.214996 0.0117486 0.00861398 0.68373
0 0.490192 0.520329 0.0135125 0.0118093 0.679386
0 0.323298 0.579019 0.0124598 0.0122818 0.666951
0 0.731602 0.503075 0.0144803 0.00939212 0.660449
0 0.716735 0.631667 0.015728 0.0102112 0.65799
0 0.790636 0.408478 0.0114313 0.00910771 0.650957
0 0.585624 0.23597 0.0153932 0.0089078 0.648613
0 0.342698 0.363086 0.0144792 0.0112003 0.6481
0 0.601455 0.715879 0.0164564 0.0111439 0.638601
0 0.161272 0.206634 0.0137807 0.0117144 0.622983
0 0.578026 0.270547 0.00986695 0.00915552 0.619251
0 0.305456 0.756947 0.0135268 0.0132823 0.617863
0 0.834616 0.393312 0.0148098 0.00929463 0.608451
0 0.698862 0.43627 0.0117242 0.0102799 0.58274
0 0.429105 0.391473 0.013335 0.0101353 0.582011
0 0.702318 0.459481 0.0122744 0.00984816 0.580478
0 0.420383 0.213685 0.0134676 0.0111348 0.577847
0 0.384339 0.570402 0.0146954 0.0112392 0.57023
0 0.862728 0.121327 0.0134955 0.0103958 0.565015
0 0.95365 0.520101 0.0145355 0.0112713 0.564777
0 0.0131593 0.986279 0.0149796 0.0143774 0.562339
0 0.517775 0.379562 0.0142344 0.0120755 0.558263
0 0.354009 0.406972 0.0159363 0.0101215 0.552821
0 0.175139 0.707665 0.0165679 0.0113275 0.547637
0 0.494774 0.210414 0.013615 0.00902224 0.5252
0 0.158954 0.718191 0.016349 0.010555 0.52061
0 0.709858 0.258851 0.0124449 0.00931949 0.497893
0 0.224542 0.21637 0.0141083 0.0101865 0.495841
0 0.433412 0.0919998 0.0120058 0.00808904 0.493176
0 0.549518 0.55225 0.0121034 0.00919312 0.487196
0 0.3886 0.323864 0.0141024 0.00849339 0.482466
0 0.22082 0.0840585 0.0144409 0.00859356 0.458254
0 0.38184 0.517425 0.0132618 0.0107571 0.449023
0 0.733511 0.39801 0.0150527 0.00894913 0.435188
0 0.889807 0.309617 0.0127834 0.00922291 0.42629
0 0.469065 0.179604 0.0133223 0.00961149 0.419687
0 0.471398 0.37775 0.0112694 0.00913605 0.410165
0 0.460789 0.814194 0.0128195 0.0126758 0.397426
0 0.652476 0.394487 0.0133918 0.0104932 0.397082
0 0.630925 0.98063 0.0117975 0.00944386 0.393838
0 0.594078 0.367549 0.0113813 0.0106382 0.385466
0 0.181342 0.0362394 0.0145048 0.00949657 0.338033
0 0.0750237 0.848777 0.0133791 0.0105955 0.333524
0 0.130862 0.337016 0.0141049 0.00852052 0.322573
0 0.155054 0.607747 0.0150283 0.0111201 0.302532
0 0.0251469 0.675614 0.0122584 0.0115824 0.295323
0 0.326372 0.139986 0.0133433 0.00791871 0.293708
0 0.408178 0.831126 0.0148593 0.0132472 0.291681
0 0.173759 0.317788 0.0135729 0.0107445 0.290151
0 0.557271 0.240471 0.0131669 0.00829079 0.287067
0 0.73957 0.437813 0.0109528 0.00817562 0.280864
0 0.137343 0.732878 0.0127021 0.00994207 0.278611
0 0.141632 0.20054 0.0152863 0.00965734 0.275869
0 0.183421 0.608376 0.0127989 0.0118413 0.270468
0 0.603471 0.638329 0.00896543 0.0061353 0.265621
0 0.547699 0.692519 0.0153127 0.0105776 0.258462
0 0.679429 0.415577 0.0146455 0.0124427 0.256145
0 0.705494 0.424049 0.0130434 0.00887577 0.254631
0 0.610917 0.280288 0.00806778 0.00843799 0.244543
0 0.729624 0.459302 0.0129145 0.00751738 0.238974
0 0.61605 0.280306 0.00869553 0.00791983 0.235921
0 0.365056 0.551141 0.0145748 0.0125486 0.224896
0 0.856098 0.37903 0.0157585 0.0101492 0.221937
0 0.785593 0.606245 0.0166062 0.0101909 0.221736
0 0.0257911 0.330425 0.0133437 0.0110989 0.216334
0 0.192632 0.603016 0.0154509 0.0107289 0.215763
0 0.650429 0.692265 0.0132691 0.0105946 0.202609
0 0.996396 0.140723 0.00720901 0.0103114 0.198803
0 0.0669338 0.184259 0.0129711 0.00943269 0.19747
0 0.391928 0.541907 0.0129069 0.0115731 0.191871
0 0.714648 0.137668 0.0150457 0.00983132 0.187504
0 0.194809 0.306449 0.0152541 0.00874489 0.183657
0 0.0684874 0.829126 0.0137124 0.00986299 0.17685
0 0.440616 0.213237 0.0118388 0.0100208 0.173471
0 0.00540233 0.757436 0.010795 0.0118056 0.161962
0 0.351382 0.330054 0.013979 0.00868561 0.157468
0 0.725044 0.868856 0.0135623 0.0132383 0.157224
0 0.606497 0.146623 0.0143816 0.0117178 0.156316
0 0.595918 0.12369 0.0123196 0.011626 0.143986
0 0.750774 0.294013 0.0117623 0.00764662 0.140826
0 0.576673 0.687777 0.0138426 0.0105663 0.139952
0 0.752068 0.285143 0.0130314 0.00736679 0.139098
0 0.616623 0.688411 0.015458 0.0106127 0.138294
0 0.651512 0.808888 0.00873602 0.00750866 0.134043
0 0.176829 0.602334 0.0144203 0.011403 0.133311
0 0.00365106 0.263855 0.00730212 0.00856239 0.130114
0 0.431581 0.417718 0.0151185 0.01229 0.128896
0 0.702291 0.279543 0.0142268 0.00954676 0.123101
0 0.504779 0.53694 0.015268 0.0096226 0.122138
0 0.197184 0.128141 0.00929119 0.00733784 0.11937
0 0.996957 0.479881 0.0060713 0.00835988 0.116155
0 0.0229154 0.178439 0.0135127 0.0107495 0.116038
0 0.538842 0.152109 0.0138133 0.00893687 0.115983
0 0.0546757 0.960435 0.0173683 0.0129539 0.113007
0 0.697511 0.525311 0.0123655 0.010165 0.111315
0 0.35634 0.292839 0.014915 0.00988939 0.108344
0 0.547191 0.997833 0.0122867 0.0043335 0.107485
0 0.667579 0.394283 0.0127633 0.00984906 0.880076
0 0.517356 0.410584 0.0146372 0.0121703 0.869808
0 0.469154 0.0471396 0.0107534 0.00883005 0.86549
0 0.243201 0.370894 0.0126096 0.0108019 0.860005
0 0.83784 0.152341 0.0125942 0.00933659 0.859153
0 0.69935 0.633114 0.0155148 0.0105122 0.849322
0 0.376239 0.146706 0.0104452 0.00710338 0.848647
0 0.943535 0.736782 0.00930633 0.0084831 0.846667
0 0.264009 0.33358 0.0102686 0.00889076 0.84485
0 0.636324 0.67319 0.0139053 0.0121821 0.843551
0 0.409515 0.365261 0.013438 0.00845643 0.843135
0 0.912575 0.531958 0.0107968 0.0105086 0.839533
0 0.363833 0.536344 0.0160934 0.0105858 0.833074
0 0.559459 0.742977 0.0129223 0.010962 0.825107
0 0.621261 0.595958 0.0140727 0.0118323 0.820054
0 0.21881 0.668643 0.0131484 0.0104823 0.819091
0 0.764173 0.404156 0.0124531 0.0115901 0.812311
0 0.206165 0.265916 0.0112229 0.00881437 0.807325
0 0.245406 0.976166 0.0166883 0.0118114 0.806621
0 0.696954 0.416211 0.00973487 0.00862866 0.802961
0 0.622058 0.405033 0.0170342 0.0118966 0.798297
0 0.571406 0.549717 0.0155259 0.0102807 0.796971
0 0.579776 0.656242 0.014806 0.0126902 0.794513
0 0.739163 0.157984 0.0122028 0.010579 0.792701
0 0.755951 0.69645 0.0127936 0.0118963 0.786452
0 0.579739 0.256602 0.0139914 0.00912582 0.782438
0 0.448346 0.640999 0.0145034 0.00884447 0.778197
0 0.42399 0.196983 0.0133237 0.0093519 0.777818
0 0.542442 0.858999 0.0149712 0.0115441 0.773814
0 0.693099 0.866687 0.0125072 0.0107967 0.773668
0 0.0307381 0.618156 0.0150313 0.0108287 0.766929
0 0.325763 0.0457611 0.0111419 0.00872777 0.766492
0 0.528986 0.363895 0.0142623 0.0109384 0.765743
0 0.700816 0.234683 0.0136559 0.00863858 0.761335
0 0.351051 0.0765388 0.0116328 0.00780714 0.76081
0 0.797168 0.426405 0.0116313 0.00947749 0.757304
0 0.611774 0.633548 0.0148001 0.0113027 0.74786
0 0.922881 0.373005 0.0121121 0.0109164 0.7427
0 0.343472 0.248739 0.0141883 0.0088669 0.737455
0 0.26577 0.206841 0.0127857 0.0101613 0.73665
0 0.615058 0.659106 0.0132336 0.0107193 0.736202
0 0.429813 0.301996 0.0125453 0.00924649 0.725923
0 0.74879 0.703686 0.0132565 0.0117525 0.714208
0 0.175824 0.673892 0.013485 0.0116904 0.713457
0 0.0768332 0.374619 0.0128573 0.0112788 0.705264
0 0.356505 0.471539 0.0152551 0.0122073 0.703978
0 0.13103 0.208866 0.0120912 0.0107064 0.703101
0 0.683527 0.520772 0.0133407 0.00990846 0.687269
0 0.842515 0.214996 0.0117486 0.00861398 0.68373
0 0.490192 0.520329 0.0135125 0.0118093 0.679386
0 0.323298 0.579019 0.0124598 0.0122818 0.666951
0 0.731602 0.503075 0.0144803 0.00939212 0.660449
0 0.716735 0.631667 0.015728 0.0102112 0.65799
0 0.790636 0.408478 0.0114313 0.00910771 0.650957
0 0.585624 0.23597 0.0153932 0.0089078 0.648613
0 0.342698 0.363086 0.0144792 0.0112003 0.6481
0 0.601455 0.715879 0.0164564 0.0111439 0.638601
0 0.161272 0.206634 0.0137807 0.0117144 0.622983
0 0.578026 0.270547 0.00986695 0.00915552 0.619251
0 0.305456 0.756947 0.0135268 0.0132823 0.617863
0 0.834616 0.393312 0.0148098 0.00929463 0.608451
0 0.698862 0.43627 0.0117242 0.0102799 0.58274
0 0.429105 0.391473 0.013335 0.0101353 0.582011
0 0.702318 0.459481 0.0122744 0.00984816 0.580478
0 0.420383 0.213685 0.0134676 0.0111348 0.577847
0 0.384339 0.570402 0.0146954 0.0112392 0.57023
0 0.862728 0.121327 0.0134955 0.0103958 0.565015
0 0.95365 0.520101 0.0145355 0.0112713 0.564777
0 0.0131593 0.986279 0.0149796 0.0143774 0.562339
0 0.517775 0.379562 0.0142344 0.0120755 0.558263
0 0.354009 0.406972 0.0159363 0.0101215 0.552821
0 0.175139 0.707665 0.0165679 0.0113275 0.547637
0 0.494774 0.210414 0.013615 0.00902224 0.5252
0 0.158954 0.718191 0.016349 0.010555 0.52061
0 0.709858 0.258851 0.0124449 0.00931949 0.497893
0 0.224542 0.21637 0.0141083 0.0101865 0.495841
0 0.433412 0.0919998 0.0120058 0.00808904 0.493176
0 0.549518 0.55225 0.0121034 0.00919312 0.487196
0 0.3886 0.323864 0.0141024 0.00849339 0.482466
0 0.22082 0.0840585 0.0144409 0.00859356 0.458254
0 0.38184 0.517425 0.0132618 0.0107571 0.449023
0 0.733511 0.39801 0.0150527 0.00894913 0.435188
0 0.889807 0.309617 0.0127834 0.00922291 0.42629
0 0.469065 0.179604 0.0133223 0.00961149 0.419687
0 0.471398 0.37775 0.0112694 0.00913605 0.410165
0 0.460789 0.814194 0.0128195 0.0126758 0.397426
0 0.652476 0.394487 0.0133918 0.0104932 0.397082
0 0.630925 0.98063 0.0117975 0.00944386 0.393838
0 0.594078 0.367549 0.0113813 0.0106382 0.385466
0 0.181342 0.0362394 0.0145048 0.00949657 0.338033
0 0.0750237 0.848777 0.0133791 0.0105955 0.333524
0 0.130862 0.337016 0.0141049 0.00852052 0.322573
0 0.155054 0.607747 0.0150283 0.0111201 0.302532
0 0.0251469 0.675614 0.0122584 0.0115824 0.295323
0 0.326372 0.139986 0.0133433 0.00791871 0.293708
0 0.408178 0.831126 0.0148593 0.0132472 0.291681
0 0.173759 0.317788 0.0135729 0.0107445 0.290151
0 0.557271 0.240471 0.0131669 0.00829079 0.287067
0 0.73957 0.437813 0.0109528 0.00817562 0.280864
0 0.137343 0.732878 0.0127021 0.00994207 0.278611
0 0.141632 0.20054 0.0152863 0.00965734 0.275869
0 0.183421 0.608376 0.0127989 0.0118413 0.270468
0 0.603471 0.638329 0.00896543 0.0061353 0.265621
0 0.547699 0.692519 0.0153127 0.0105776 0.258462
0 0.679429 0.415577 0.0146455 0.0124427 0.256145
0 0.705494 0.424049 0.0130434 0.00887577 0.254631
0 0.610917 0.280288 0.00806778 0.00843799 0.244543
0 0.729624 0.459302 0.0129145 0.00751738 0.238974
0 0.61605 0.280306 0.00869553 0.00791983 0.235921
0 0.365056 0.551141 0.0145748 0.0125486 0.224896
0 0.856098 0.37903 0.0157585 0.0101492 0.221937
0 0.785593 0.606245 0.0166062 0.0101909 0.221736
0 0.0257911 0.330425 0.0133437 0.0110989 0.216334
0 0.192632 0.603016 0.0154509 0.0107289 0.215763
0 0.650429 0.692265 0.0132691 0.0105946 0.202609
0 0.996396 0.140723 0.00720901 0.0103114 0.198803
0 0.0669338 0.184259 0.0129711 0.00943269 0.19747
0 0.391928 0.541907 0.0129069 0.0115731 0.191871
0 0.714648 0.137668 0.0150457 0.00983132 0.187504
0 0.194809 0.306449 0.0152541 0.00874489 0.183657
0 0.0684874 0.829126 0.0137124 0.00986299 0.17685
0 0.440616 0.213237 0.0118388 0.0100208 0.173471
0 0.00540233 0.757436 0.010795 0.0118056 0.161962
0 0.351382 0.330054 0.013979 0.00868561 0.157468
0 0.725044 0.868856 0.0135623 0.0132383 0.157224
0 0.606497 0.146623 0.0143816 0.0117178 0.156316
0 0.595918 0.12369 0.0123196 0.011626 0.143986
0 0.750774 0.294013 0.0117623 0.00764662 0.140826
0 0.576673 0.687777 0.0138426 0.0105663 0.139952
0 0.752068 0.285143 0.0130314 0.00736679 0.139098
0 0.616623 0.688411 0.015458 0.0106127 0.138294
0 0.651512 0.808888 0.00873602 0.00750866 0.134043
0 0.176829 0.602334 0.0144203 0.011403 0.133311
0 0.00365106 0.263855 0.00730212 0.00856239 0.130114
0 0.431581 0.417718 0.0151185 0.01229 0.128896
0 0.702291 0.279543 0.0142268 0.00954676 0.123101
0 0.504779 0.53694 0.015268 0.0096226 0.122138
0 0.197184 0.128141 0.00929119 0.00733784 0.11937
0 0.996957 0.479881 0.0060713 0.00835988 0.116155
0 0.0229154 0.178439 0.0135127 0.0107495 0.116038
0 0.538842 0.152109 0.0138133 0.00893687 0.115983
0 0.0546757 0.960435 0.0173683 0.0129539 0.113007
0 0.697511 0.525311 0.0123655 0.010165 0.111315
0 0.35634 0.292839 0.014915 0.00988939 0.108344
0 0.547191 0.997833 0.0122867 0.0043335 0.107485
0 0.667579 0.394283 0.0127633 0.00984906 0.880076
0 0.517356 0.410584 0.0146372 0.0121703 0.869808
0 0.469154 0.0471396 0.0107534 0.00883005 0.86549
0 0.243201 0.370894 0.0126096 0.0108019 0.860005
0 0.83784 0.152341 0.0125942 0.00933659 0.859153
0 0.69935 0.633114 0.0155148 0.0105122 0.849322
0 0.376239 0.146706 0.0104452 0.00710338 0.848647
0 0.943535 0.736782 0.00930633 0.0084831 0.846667
0 0.264009 0.33358 0.0102686 0.00889076 0.84485
0 0.636324 0.67319 0.0139053 0.0121821 0.843551
0 0.409515 0.365261 0.013438 0.00845643 0.843135
0 0.912575 0.531958 0.0107968 0.0105086 0.839533
0 0.363833 0.536344 0.0160934 0.0105858 0.833074
0 0.559459 0.742977 0.0129223 0.010962 0.825107
0 0.621261 0.595958 0.0140727 0.0118323 0.820054
0 0.21881 0.668643 0.0131484 0.0104823 0.819091
0 0.764173 0.404156 0.0124531 0.0115901 0.812311
0 0.206165 0.265916 0.0112229 0.00881437 0.807325
0 0.245406 0.976166 0.0166883 0.0118114 0.806621
0 0.696954 0.416211 0.00973487 0.00862866 0.802961
0 0.622058 0.405033 0.0170342 0.0118966 0.798297
0 0.571406 0.549717 0.0155259 0.0102807 0.796971
0 0.579776 0.656242 0.014806 0.0126902 0.794513
0 0.739163 0.157984 0.0122028 0.010579 0.792701
0 0.755951 0.69645 0.0127936 0.0118963 0.786452
0 0.579739 0.256602 0.0139914 0.00912582 0.782438
0 0.448346 0.640999 0.0145034 0.00884447 0.778197
0 0.42399 0.196983 0.0133237 0.0093519 0.777818
0 0.542442 0.858999 0.0149712 0.0115441 0.773814
0 0.693099 0.866687 0.0125072 0.0107967 0.773668
0 0.0307381 0.618156 0.0150313 0.0108287 0.766929
0 0.325763 0.0457611 0.0111419 0.00872777 0.766492
0 0.528986 0.363895 0.0142623 0.0109384 0.765743
0 0.700816 0.234683 0.0136559 0.00863858 0.761335
0 0.351051 0.0765388 0.0116328 0.00780714 0.76081
0 0.797168 0.426405 0.0116313 0.00947749 0.757304
0 0.611774 0.633548 0.0148001 0.0113027 0.74786
0 0.922881 0.373005 0.0121121 0.0109164 0.7427
0 0.343472 0.248739 0.0141883 0.0088669 0.737455
0 0.26577 0.206841 0.0127857 0.0101613 0.73665
0 0.615058 0.659106 0.0132336 0.0107193 0.736202
0 0.429813 0.301996 0.0125453 0.00924649 0.725923
0 0.74879 0.703686 0.0132565 0.0117525 0.714208
0 0.175824 0.673892 0.013485 0.0116904 0.713457
0 0.0768332 0.374619 0.0128573 0.0112788 0.705264
0 0.356505 0.471539 0.0152551 0.0122073 0.703978
0 0.13103 0.208866 0.0120912 0.0107064 0.703101
0 0.683527 0.520772 0.0133407 0.00990846 0.687269
0 0.842515 0.214996 0.0117486 0.00861398 0.68373
0 0.490192 0.520329 0.0135125 0.0118093 0.679386
0 0.323298 0.579019 0.0124598 0.0122818 0.666951
0 0.731602 0.503075 0.0144803 0.00939212 0.660449
0 0.716735 0.631667 0.015728 0.0102112 0.65799
0 0.790636 0.408478 0.0114313 0.00910771 0.650957
0 0.585624 0.23597 0.0153932 0.0089078 0.648613
0 0.342698 0.363086 0.0144792 0.0112003 0.6481
0 0.601455 0.715879 0.0164564 0.0111439 0.638601
0 0.161272 0.206634 0.0137807 0.0117144 0.622983
0 0.578026 0.270547 0.00986695 0.00915552 0.619251
0 0.305456 0.756947 0.0135268 0.0132823 0.617863
0 0.834616 0.393312 0.0148098 0.00929463 0.608451
0 0.698862 0.43627 0.0117242 0.0102799 0.58274
0 0.429105 0.391473 0.013335 0.0101353 0.582011
0 0.702318 0.459481 0.0122744 0.00984816 0.580478
0 0.420383 0.213685 0.0134676 0.0111348 0.577847
0 0.384339 0.570402 0.0146954 0.0112392 0.57023
0 0.862728 0.121327 0.0134955 0.0103958 0.565015
0 0.95365 0.520101 0.0145355 0.0112713 0.564777
0 0.0131593 0.986279 0.0149796 0.0143774 0.562339
0 0.517775 0.379562 0.0142344 0.0120755 0.558263
0 0.354009 0.406972 0.0159363 0.0101215 0.552821
0 0.175139 0.707665 0.0165679 0.0113275 0.547637
0 0.494774 0.210414 0.013615 0.00902224 0.5252
0 0.158954 0.718191 0.016349 0.010555 0.52061
0 0.709858 0.258851 0.0124449 0.00931949 0.497893
0 0.224542 0.21637 0.0141083 0.0101865 0.495841
0 0.433412 0.0919998 0.0120058 0.00808904 0.493176
0 0.549518 0.55225 0.0121034 0.00919312 0.487196
0 0.3886 0.323864 0.0141024 0.00849339 0.482466
0 0.22082 0.0840585 0.0144409 0.00859356 0.458254
0 0.38184 0.517425 0.0132618 0.0107571 0.449023
0 0.733511 0.39801 0.0150527 0.00894913 0.435188
0 0.889807 0.309617 0.0127834 0.00922291 0.42629
0 0.469065 0.179604 0.0133223 0.00961149 0.419687
0 0.471398 0.37775 0.0112694 0.00913605 0.410165
0 0.460789 0.814194 0.0128195 0.0126758 0.397426
0 0.652476 0.394487 0.0133918 0.0104932 0.397082
0 0.630925 0.98063 0.0117975 0.00944386 0.393838
0 0.594078 0.367549 0.0113813 0.0106382 0.385466
0 0.181342 0.0362394 0.0145048 0.00949657 0.338033
0 0.0750237 0.848777 0.0133791 0.0105955 0.333524
0 0.130862 0.337016 0.0141049 0.00852052 0.322573
0 0.155054 0.607747 0.0150283 0.0111201 0.302532
0 0.0251469 0.675614 0.0122584 0.0115824 0.295323
0 0.326372 0.139986 0.0133433 0.00791871 0.293708
0 0.408178 0.831126 0.0148593 0.0132472 0.291681
0 0.173759 0.317788 0.0135729 0.0107445 0.290151
0 0.557271 0.240471 0.0131669 0.00829079 0.287067
0 0.73957 0.437813 0.0109528 0.00817562 0.280864
0 0.137343 0.732878 0.0127021 0.00994207 0.278611
0 0.141632 0.20054 0.0152863 0.00965734 0.275869
0 0.183421 0.608376 0.0127989 0.0118413 0.270468
0 0.603471 0.638329 0.00896543 0.0061353 0.265621
0 0.547699 0.692519 0.0153127 0.0105776 0.258462
0 0.679429 0.415577 0.0146455 0.0124427 0.256145
0 0.705494 0.424049 0.0130434 0.00887577 0.254631
0 0.610917 0.280288 0.00806778 0.00843799 0.244543
0 0.729624 0.459302 0.0129145 0.00751738 0.238974
0 0.61605 0.280306 0.00869553 0.00791983 0.235921
0 0.365056 0.551141 0.0145748 0.0125486 0.224896
0 0.856098 0.37903 0.0157585 0.0101492 0.221937
0 0.785593 0.606245 0.0166062 0.0101909 0.221736
0 0.0257911 0.330425 0.0133437 0.0110989 0.216334
0 0.192632 0.603016 0.0154509 0.0107289 0.215763
0 0.650429 0.692265 0.0132691 0.0105946 0.202609
0 0.996396 0.140723 0.00720901 0.0103114 0.198803
0 0.0669338 0.184259 0.0129711 0.00943269 0.19747
0 0.391928 0.541907 0.0129069 0.0115731 0.191871
0 0.714648 0.137668 0.0150457 0.00983132 0.187504
0 0.194809 0.306449 0.0152541 0.00874489 0.183657
0 0.0684874 0.829126 0.0137124 0.00986299 0.17685
0 0.440616 0.213237 0.0118388 0.0100208 0.173471
0 0.00540233 0.757436 0.010795 0.0118056 0.161962
0 0.351382 0.330054 0.013979 0.00868561 0.157468
0 0.725044 0.868856 0.0135623 0.0132383 0.157224
0 0.606497 0.146623 0.0143816 0.0117178 0.156316
0 0.595918 0.12369 0.0123196 0.011626 0.143986
0 0.750774 0.294013 0.0117623 0.00764662 0.140826
0 0.576673 0.687777 0.0138426 0.0105663 0.139952
0 0.752068 0.285143 0.0130314 0.00736679 0.139098
0 0.616623 0.688411 0.015458 0.0106127 0.138294
0 0.651512 0.808888 0.00873602 0.00750866 0.134043
0 0.176829 0.602334 0.0144203 0.011403 0.133311
0 0.00365106 0.263855 0.00730212 0.00856239 0.130114
0 0.431581 0.417718 0.0151185 0.01229 0.128896
0 0.702291 0.279543 0.0142268 0.00954676 0.123101
0 0.504779 0.53694 0.015268 0.0096226 0.122138
0 0.197184 0.128141 0.00929119 0.00733784 0.11937
0 0.996957 0.479881 0.0060713 0.00835988 0.116155
0 0.0229154 0.178439 0.0135127 0.0107495 0.116038
0 0.538842 0.152109 0.0138133 0.00893687 0.115983
0 0.0546757 0.960435 0.0173683 0.0129539 0.113007
0 0.697511 0.525311 0.0123655 0.010165 0.111315
0 0.35634 0.292839 0.014915 0.00988939 0.108344
0 0.547191 0.997833 0.0122867 0.0043335 0.107485
0 0.667579 0.394283 0.0127633 0.00984906 0.880076
0 0.517356 0.410584 0.0146372 0.0121703 0.869808
0 0.469154 0.0471396 0.0107534 0.00883005 0.86549
0 0.243201 0.370894 0.0126096 0.0108019 0.860005
0 0.83784 0.152341 0.0125942 0.00933659 0.859153
0 0.69935 0.633114 0.0155148 0.0105122 0.849322
0 0.376239 0.146706 0.0104452 0.00710338 0.848647
0 0.943535 0.736782 0.00930633 0.0084831 0.846667
0 0.264009 0.33358 0.0102686 0.00889076 0.84485
0 0.636324 0.67319 0.0139053 0.0121821 0.843551
0 0.409515 0.365261 0.013438 0.00845643 0.843135
0 0.912575 0.531958 0.0107968 0.0105086 0.839533
0 0.363833 0.536344 0.0160934 0.0105858 0.833074
0 0.559459 0.742977 0.0129223 0.010962 0.825107
0 0.621261 0.595958 0.0140727 0.0118323 0.820054
0 0.21881 0.668643 0.0131484 0.0104823 0.819091
0 0.764173 0.404156 0.0124531 0.0115901 0.812311
0 0.206165 0.265916 0.0112229 0.00881437 0.807325
0 0.245406 0.976166 0.0166883 0.0118114 0.806621
0 0.696954 0.416211 0.00973487 0.00862866 0.802961
0 0.622058 0.405033 0.0170342 0.0118966 0.798297
0 0.571406 0.549717 0.0155259 0.0102807 0.796971
0 0.579776 0.656242 0.014806 0.0126902 0.794513
0 0.739163 0.157984 0.0122028 0.010579 0.792701
0 0.755951 0.69645 0.0127936 0.0118963 0.786452
0 0.579739 0.256602 0.0139914 0.00912582 0.782438
0 0.448346 0.640999 0.0145034 0.00884447 0.778197
0 0.42399 0.196983 0.0133237 0.0093519 0.777818
0 0.542442 0.858999 0.0149712 0.0115441 0.773814
0 0.693099 0.866687 0.0125072 0.0107967 0.773668
0 0.0307381 0.618156 0.0150313 0.0108287 0.766929
0 0.325763 0.0457611 0.0111419 0.00872777 0.766492
0 0.528986 0.363895 0.0142623 0.0109384 0.765743
0 0.700816 0.234683 0.0136559 0.00863858 0.761335
0 0.351051 0.0765388 0.0116328 0.00780714 0.76081
0 0.797168 0.426405 0.0116313 0.00947749 0.757304
0 0.611774 0.633548 0.0148001 0.0113027 0.74786
0 0.922881 0.373005 0.0121121 0.0109164 0.7427
0 0.343472 0.248739 0.0141883 0.0088669 0.737455
0 0.26577 0.206841 0.0127857 0.0101613 0.73665
0 0.615058 0.659106 0.0132336 0.0107193 0.736202
0 0.429813 0.301996 0.0125453 0.00924649 0.725923
0 0.74879 0.703686 0.0132565 0.0117525 0.714208
0 0.175824 0.673892 0.013485 0.0116904 0.713457
0 0.0768332 0.374619 0.0128573 0.0112788 0.705264
0 0.356505 0.471539 0.0152551 0.0122073 0.703978
0 0.13103 0.208866 0.0120912 0.0107064 0.703101
0 0.683527 0.520772 0.0133407 0.00990846 0.687269
0 0.842515 0.214996 0.0117486 0.00861398 0.68373
0 0.490192 0.520329 0.0135125 0.0118093 0.679386
0 0.323298 0.579019 0.0124598 0.0122818 0.666951
0 0.731602 0.503075 0.0144803 0.00939212 0.660449
0 0.716735 0.631667 0.015728 0.0102112 0.65799
0 0.790636 0.408478 0.0114313 0.00910771 0.650957
0 0.585624 0.23597 0.0153932 0.0089078 0.648613
0 0.342698 0.363086 0.0144792 0.0112003 0.6481
0 0.601455 0.715879 0.0164564 0.0111439 0.638601
0 0.161272 0.206634 0.0137807 0.0117144 0.622983
0 0.578026 0.270547 0.00986695 0.00915552 0.619251
0 0.305456 0.756947 0.0135268 0.0132823 0.617863
0 0.834616 0.393312 0.0148098 0.00929463 0.608451
0 0.698862 0.43627 0.0117242 0.0102799 0.58274
0 0.429105 0.391473 0.013335 0.0101353 0.582011
0 0.702318 0.459481 0.0122744 0.00984816 0.580478
0 0.420383 0.213685 0.0134676 0.0111348 0.577847
0 0.384339 0.570402 0.0146954 0.0112392 0.57023
0 0.862728 0.121327 0.0134955 0.0103958 0.565015
0 0.95365 0.520101 0.0145355 0.0112713 0.564777
0 0.0131593 0.986279 0.0149796 0.0143774 0.562339
0 0.517775 0.379562 0.0142344 0.0120755 0.558263
0 0.354009 0.406972 0.0159363 0.0101215 0.552821
0 0.175139 0.707665 0.0165679 0.0113275 0.547637
0 0.494774 0.210414 0.013615 0.00902224 0.5252
0 0.158954 0.718191 0.016349 0.010555 0.52061
0 0.709858 0.258851 0.0124449 0.00931949 0.497893
0 0.224542 0.21637 0.0141083 0.0101865 0.495841
0 0.433412 0.0919998 0.0120058 0.00808904 0.493176
0 0.549518 0.55225 0.0121034 0.00919312 0.487196
0 0.3886 0.323864 0.0141024 0.00849339 0.482466
0 0.22082 0.0840585 0.0144409 0.00859356 0.458254
0 0.38184 0.517425 0.0132618 0.0107571 0.449023
0 0.733511 0.39801 0.0150527 0.00894913 0.435188
0 0.889807 0.309617 0.0127834 0.00922291 0.42629
0 0.469065 0.179604 0.0133223 0.00961149 0.419687
0 0.471398 0.37775 0.0112694 0.00913605 0.410165
0 0.460789 0.814194 0.0128195 0.0126758 0.397426
0 0.652476 0.394487 0.0133918 0.0104932 0.397082
0 0.630925 0.98063 0.0117975 0.00944386 0.393838
0 0.594078 0.367549 0.0113813 0.0106382 0.385466
0 0.181342 0.0362394 0.0145048 0.00949657 0.338033
0 0.0750237 0.848777 0.0133791 0.0105955 0.333524
0 0.130862 0.337016 0.0141049 0.00852052 0.322573
0 0.155054 0.607747 0.0150283 0.0111201 0.302532
0 0.0251469 0.675614 0.0122584 0.0115824 0.295323
0 0.326372 0.139986 0.0133433 0.00791871 0.293708
0 0.408178 0.831126 0.0148593 0.0132472 0.291681
0 0.173759 0.317788 0.0135729 0.0107445 0.290151
0 0.557271 0.240471 0.0131669 0.00829079 0.287067
0 0.73957 0.437813 0.0109528 0.00817562 0.280864
0 0.137343 0.732878 0.0127021 0.00994207 0.278611
0 0.141632 0.20054 0.0152863 0.00965734 0.275869
0 0.183421 0.608376 0.0127989 0.0118413 0.270468
0 0.603471 0.638329 0.00896543 0.0061353 0.265621
0 0.547699 0.692519 0.0153127 0.0105776 0.258462
0 0.679429 0.415577 0.0146455 0.0124427 0.256145
0 0.705494 0.424049 0.0130434 0.00887577 0.254631
0 0.610917 0.280288 0.00806778 0.00843799 0.244543
0 0.729624 0.459302 0.0129145 0.00751738 0.238974
0 0.61605 0.280306 0.00869553 0.00791983 0.235921
0 0.365056 0.551141 0.0145748 0.0125486 0.224896
0 0.856098 0.37903 0.0157585 0.0101492 0.221937
0 0.785593 0.606245 0.0166062 0.0101909 0.221736
0 0.0257911 0.330425 0.0133437 0.0110989 0.216334
0 0.192632 0.603016 0.0154509 0.0107289 0.215763
0 0.650429 0.692265 0.0132691 0.0105946 0.202609
0 0.996396 0.140723 0.00720901 0.0103114 0.198803
0 0.0669338 0.184259 0.0129711 0.00943269 0.19747
0 0.391928 0.541907 0.0129069 0.0115731 0.191871
0 0.714648 0.137668 0.0150457 0.00983132 0.187504
0 0.194809 0.306449 0.0152541 0.00874489 0.183657
0 0.0684874 0.829126 0.0137124 0.00986299 0.17685
0 0.440616 0.213237 0.0118388 0.0100208 0.173471
0 0.00540233 0.757436 0.010795 0.0118056 0.161962
0 0.351382 0.330054 0.013979 0.00868561 0.157468
0 0.725044 0.868856 0.0135623 0.0132383 0.157224
0 0.606497 0.146623 0.0143816 0.0117178 0.156316
0 0.595918 0.12369 0.0123196 0.011626 0.143986
0 0.750774 0.294013 0.0117623 0.00764662 0.140826
0 0.576673 0.687777 0.0138426 0.0105663 0.139952
0 0.752068 0.285143 0.0130314 0.00736679 0.139098
0 0.616623 0.688411 0.015458 0.0106127 0.138294
0 0.651512 0.808888 0.00873602 0.00750866 0.134043
0 0.176829 0.602334 0.0144203 0.011403 0.133311
0 0.00365106 0.263855 0.00730212 0.00856239 0.130114
0 0.431581 0.417718 0.0151185 0.01229 0.128896
0 0.702291 0.279543 0.0142268 0.00954676 0.123101
0 0.504779 0.53694 0.015268 0.0096226 0.122138
0 0.197184 0.128141 0.00929119 0.00733784 0.11937
0 0.996957 0.479881 0.0060713 0.00835988 0.116155
0 0.0229154 0.178439 0.0135127 0.0107495 0.116038
0 0.538842 0.152109 0.0138133 0.00893687 0.115983
0 0.0546757 0.960435 0.0173683 0.0129539 0.113007
0 0.697511 0.525311 0.0123655 0.010165 0.111315
0 0.35634 0.292839 0.014915 0.00988939 0.108344
0 0.547191 0.997833 0.0122867 0.0043335 0.107485
0 0.667579 0.394283 0.0127633 0.00984906 0.880076
0 0.517356 0.410584 0.0146372 0.0121703 0.869808
0 0.469154 0.0471396 0.0107534 0.00883005 0.86549
0 0.243201 0.370894 0.0126096 0.0108019 0.860005
0 0.83784 0.152341 0.0125942 0.00933659 0.859153
0 0.69935 0.633114 0.0155148 0.0105122 0.849322
0 0.376239 0.146706 0.0104452 0.00710338 0.848647
0 0.943535 0.736782 0.00930633 0.0084831 0.846667
0 0.264009 0.33358 0.0102686 0.00889076 0.84485
0 0.636324 0.67319 0.0139053 0.0121821 0.843551
0 0.409515 0.365261 0.013438 0.00845643 0.843135
0 0.912575 0.531958 0.0107968 0.0105086 0.839533
0 0.363833 0.536344 0.0160934 0.0105858 0.833074
0 0.559459 0.742977 0.0129223 0.010962 0.825107
0 0.621261 0.595958 0.0140727 0.0118323 0.820054
0 0.21881 0.668643 0.0131484 0.0104823 0.819091
0 0.764173 0.404156 0.0124531 0.0115901 0.812311
0 0.206165 0.265916 0.0112229 0.00881437 0.807325
0 0.245406 0.976166 0.0166883 0.0118114 0.806621
0 0.696954 0.416211 0.00973487 0.00862866 0.802961
0 0.622058 0.405033 0.0170342 0.0118966 0.798297
0 0.571406 0.549717 0.0155259 0.0102807 0.796971
0 0.579776 0.656242 0.014806 0.0126902 0.794513
0 0.739163 0.157984 0.0122028 0.010579 0.792701
0 0.755951 0.69645 0.0127936 0.0118963 0.786452
0 0.579739 0.256602 0.0139914 0.00912582 0.782438
0 0.448346 0.640999 0.0145034 0.00884447 0.778197
0 0.42399 0.196983 0.0133237 0.0093519 0.777818
0 0.542442 0.858999 0.0149712 0.0115441 0.773814
0 0.693099 0.866687 0.0125072 0.0107967 0.773668
0 0.0307381 0.618156 0.0150313 0.0108287 0.766929
0 0.325763 0.0457611 0.0111419 0.00872777 0.766492
0 0.528986 0.363895 0.0142623 0.0109384 0.765743
0 0.700816 0.234683 0.0136559 0.00863858 0.761335
0 0.351051 0.0765388 0.0116328 0.00780714 0.76081
0 0.797168 0.426405 0.0116313 0.00947749 0.757304
0 0.611774 0.633548 0.0148001 0.0113027 0.74786
0 0.922881 0.373005 0.0121121 0.0109164 0.7427
0 0.343472 0.248739 0.0141883 0.0088669 0.737455
0 0.26577 0.206841 0.0127857 0.0101613 0.73665
0 0.615058 0.659106 0.0132336 0.0107193 0.736202
0 0.429813 0.301996 0.0125453 0.00924649 0.725923
0 0.74879 0.703686 0.0132565 0.0117525 0.714208
0 0.175824 0.673892 0.013485 0.0116904 0.713457
0 0.0768332 0.374619 0.0128573 0.0112788 0.705264
0 0.356505 0.471539 0.0152551 0.0122073 0.703978
0 0.13103 0.208866 0.0120912 0.0107064 0.703101
0 0.683527 0.520772 0.0133407 0.00990846 0.687269
0 0.842515 0.214996 0.0117486 0.00861398 0.68373
0 0.490192 0.520329 0.0135125 0.0118093 0.679386
0 0.323298 0.579019 0.0124598 0.0122818 0.666951
0 0.731602 0.503075 0.0144803 0.00939212 0.660449
0 0.716735 0.631667 0.015728 0.0102112 0.65799
0 0.790636 0.408478 0.0114313 0.00910771 0.650957
0 0.585624 0.23597 0.0153932 0.0089078 0.648613
0 0.342698 0.363086 0.0144792 0.0112003 0.6481
0 0.601455 0.715879 0.0164564 0.0111439 0.638601
0 0.161272 0.206634 0.0137807 0.0117144 0.622983
0 0.578026 0.270547 0.00986695 0.00915552 0.619251
0 0.305456 0.756947 0.0135268 0.0132823 0.617863
0 0.834616 0.393312 0.0148098 0.00929463 0.608451
0 0.698862 0.43627 0.0117242 0.0102799 0.58274
0 0.429105 0.391473 0.013335 0.0101353 0.582011
0 0.702318 0.459481 0.0122744 0.00984816 0.580478
0 0.420383 0.213685 0.0134676 0.0111348 0.577847
0 0.384339 0.570402 0.0146954 0.0112392 0.57023
0 0.862728 0.121327 0.0134955 0.0103958 0.565015
0 0.95365 0.520101 0.0145355 0.0112713 0.564777
0 0.0131593 0.986279 0.0149796 0.0143774 0.562339
0 0.517775 0.379562 0.0142344 0.0120755 0.558263
0 0.354009 0.406972 0.0159363 0.0101215 0.552821
0 0.175139 0.707665 0.0165679 0.0113275 0.547637
0 0.494774 0.210414 0.013615 0.00902224 0.5252
0 0.158954 0.718191 0.016349 0.010555 0.52061
0 0.709858 0.258851 0.0124449 0.00931949 0.497893
0 0.224542 0.21637 0.0141083 0.0101865 0.495841
0 0.433412 0.0919998 0.0120058 0.00808904 0.493176
0 0.549518 0.55225 0.0121034 0.00919312 0.487196
0 0.3886 0.323864 0.0141024 0.00849339 0.482466
0 0.22082 0.0840585 0.0144409 0.00859356 0.458254
0 0.38184 0.517425 0.0132618 0.0107571 0.449023
0 0.733511 0.39801 0.0150527 0.00894913 0.435188
0 0.889807 0.309617 0.0127834 0.00922291 0.42629
0 0.469065 0.179604 0.0133223 0.00961149 0.419687
0 0.471398 0.37775 0.0112694 0.00913605 0.410165
0 0.460789 0.814194 0.0128195 0.0126758 0.397426
0 0.652476 0.394487 0.0133918 0.0104932 0.397082
0 0.630925 0.98063 0.0117975 0.00944386 0.393838
0 0.594078 0.367549 0.0113813 0.0106382 0.385466
0 0.181342 0.0362394 0.0145048 0.00949657 0.338033
0 0.0750237 0.848777 0.0133791 0.0105955 0.333524
0 0.130862 0.337016 0.0141049 0.00852052 0.322573
0 0.155054 0.607747 0.0150283 0.0111201 0.302532
0 0.0251469 0.675614 0.0122584 0.0115824 0.295323
0 0.326372 0.139986 0.0133433 0.00791871 0.293708
0 0.408178 0.831126 0.0148593 0.0132472 0.291681
0 0.173759 0.317788 0.0135729 0.0107445 0.290151
0 0.557271 0.240471 0.0131669 0.00829079 0.287067
0 0.73957 0.437813 0.0109528 0.00817562 0.280864
0 0.137343 0.732878 0.0127021 0.00994207 0.278611
0 0.141632 0.20054 0.0152863 0.00965734 0.275869
0 0.183421 0.608376 0.0127989 0.0118413 0.270468
0 0.603471 0.638329 0.00896543 0.0061353 0.265621
0 0.547699 0.692519 0.0153127 0.0105776 0.258462
0 0.679429 0.415577 0.0146455 0.0124427 0.256145
0 0.705494 0.424049 0.0130434 0.00887577 0.254631
0 0.610917 0.280288 0.00806778 0.00843799 0.244543
0 0.729624 0.459302 0.0129145 0.00751738 0.238974
0 0.61605 0.280306 0.00869553 0.00791983 0.235921
0 0.365056 0.551141 0.0145748 0.0125486 0.224896
0 0.856098 0.37903 0.0157585 0.0101492 0.221937
0 0.785593 0.606245 0.0166062 0.0101909 0.221736
0 0.0257911 0.330425 0.0133437 0.0110989 0.216334
0 0.192632 0.603016 0.0154509 0.0107289 0.215763
0 0.650429 0.692265 0.0132691 0.0105946 0.202609
0 0.996396 0.140723 0.00720901 0.0103114 0.198803
0 0.0669338 0.184259 0.0129711 0.00943269 0.19747
0 0.391928 0.541907 0.0129069 0.0115731 0.191871
0 0.714648 0.137668 0.0150457 0.00983132 0.187504
0 0.194809 0.306449 0.0152541 0.00874489 0.183657
0 0.0684874 0.829126 0.0137124 0.00986299 0.17685
0 0.440616 0.213237 0.0118388 0.0100208 0.173471
0 0.00540233 0.757436 0.010795 0.0118056 0.161962
0 0.351382 0.330054 0.013979 0.00868561 0.157468
0 0.725044 0.868856 0.0135623 0.0132383 0.157224
0 0.606497 0.146623 0.0143816 0.0117178 0.156316
0 0.595918 0.12369 0.0123196 0.011626 0.143986
0 0.750774 0.294013 0.0117623 0.00764662 0.140826
0 0.576673 0.687777 0.0138426 0.0105663 0.139952
0 0.752068 0.285143 0.0130314 0.00736679 0.139098
0 0.616623 0.688411 0.015458 0.0106127 0.138294
0 0.651512 0.808888 0.00873602 0.00750866 0.134043
0 0.176829 0.602334 0.0144203 0.011403 0.133311
0 0.00365106 0.263855 0.00730212 0.00856239 0.130114
0 0.431581 0.417718 0.0151185 0.01229 0.128896
0 0.702291 0.279543 0.0142268 0.00954676 0.123101
0 0.504779 0.53694 0.015268 0.0096226 0.122138
0 0.197184 0.128141 0.00929119 0.00733784 0.11937
0 0.996957 0.479881 0.0060713 0.00835988 0.116155
0 0.0229154 0.178439 0.0135127 0.0107495 0.116038
0 0.538842 0.152109 0.0138133 0.00893687 0.115983
0 0.0546757 0.960435 0.0173683 0.0129539 0.113007
0 0.697511 0.525311 0.0123655 0.010165 0.111315
0 0.35634 0.292839 0.014915 0.00988939 0.108344
0 0.547191 0.997833 0.0122867 0.0043335 0.107485
0 0.667579 0.394283 0.0127633 0.00984906 0.880076
0 0.517356 0.410584 0.0146372 0.0121703 0.869808
0 0.469154 0.0471396 0.0107534 0.00883005 0.86549
0 0.243201 0.370894 0.0126096 0.0108019 0.860005
0 0.83784 0.152341 0.0125942 0.00933659 0.859153
0 0.69935 0.633114 0.0155148 0.0105122 0.849322
0 0.376239 0.146706 0.0104452 0.00710338 0.848647
0 0.943535 0.736782 0.00930633 0.0084831 0.846667
0 0.264009 0.33358 0.0102686 0.00889076 0.84485
0 0.636324 0.67319 0.0139053 0.0121821 0.843551
0 0.409515 0.365261 0.013438 0.00845643 0.843135
0 0.912575 0.531958 0.0107968 0.0105086 0.839533
0 0.363833 0.536344 0.0160934 0.0105858 0.833074
0 0.559459 0.742977 0.0129223 0.010962 0.825107
0 0.621261 0.595958 0.0140727 0.0118323 0.820054
0 0.21881 0.668643 0.0131484 0.0104823 0.819091
0 0.764173 0.404156 0.0124531 0.0115901 0.812311
0 0.206165 0.265916 0.0112229 0.00881437 0.807325
0 0.245406 0.976166 0.0166883 0.0118114 0.806621
0 0.696954 0.416211 0.00973487 0.00862866 0.802961
0 0.622058 0.405033 0.0170342 0.0118966 0.798297
0 0.571406 0.549717 0.0155259 0.0102807 0.796971
0 0.579776 0.656242 0.014806 0.0126902 0.794513
0 0.739163 0.157984 0.0122028 0.010579 0.792701
0 0.755951 0.69645 0.0127936 0.0118963 0.786452
0 0.579739 0.256602 0.0139914 0.00912582 0.782438
0 0.448346 0.640999 0.0145034 0.00884447 0.778197
0 0.42399 0.196983 0.0133237 0.0093519 0.777818
0 0.542442 0.858999 0.0149712 0.0115441 0.773814
0 0.693099 0.866687 0.0125072 0.0107967 0.773668
0 0.0307381 0.618156 0.0150313 0.0108287 0.766929
0 0.325763 0.0457611 0.0111419 0.00872777 0.766492
0 0.528986 0.363895 0.0142623 0.0109384 0.765743
0 0.700816 0.234683 0.0136559 0.00863858 0.761335
0 0.351051 0.0765388 0.0116328 0.00780714 0.76081
0 0.797168 0.426405 0.0116313 0.00947749 0.757304
0 0.611774 0.633548 0.0148001 0.0113027 0.74786
0 0.922881 0.373005 0.0121121 0.0109164 0.7427
0 0.343472 0.248739 0.0141883 0.0088669 0.737455
0 0.26577 0.206841 0.0127857 0.0101613 0.73665
0 0.615058 0.659106 0.0132336 0.0107193 0.736202
0 0.429813 0.301996 0.0125453 0.00924649 0.725923
0 0.74879 0.703686 0.0132565 0.0117525 0.714208
0 0.175824 0.673892 0.013485 0.0116904 0.713457
0 0.0768332 0.374619 0.0128573 0.0112788 0.705264
0 0.356505 0.471539 0.0152551 0.0122073 0.703978
0 0.13103 0.208866 0.0120912 0.0107064 0.703101
0 0.683527 0.520772 0.0133407 0.00990846 0.687269
0 0.842515 0.214996 0.0117486 0.00861398 0.68373
0 0.490192 0.520329 0.0135125 0.0118093 0.679386
0 0.323298 0.579019 0.0124598 0.0122818 0.666951
0 0.731602 0.503075 0.0144803 0.00939212 0.660449
0 0.716735 0.631667 0.015728 0.0102112 0.65799
0 0.790636 0.408478 0.0114313 0.00910771 0.650957
0 0.585624 0.23597 0.0153932 0.0089078 0.648613
0 0.342698 0.363086 0.0144792 0.0112003 0.6481
0 0.601455 0.715879 0.0164564 0.0111439 0.638601
0 0.161272 0.206634 0.0137807 0.0117144 0.622983
0 0.578026 0.270547 0.00986695 0.00915552 0.619251
0 0.305456 0.756947 0.0135268 0.0132823 0.617863
0 0.834616 0.393312 0.0148098 0.00929463 0.608451
0 0.698862 0.43627 0.0117242 0.0102799 0.58274
0 0.429105 0.391473 0.013335 0.0101353 0.582011
0 0.702318 0.459481 0.0122744 0.00984816 0.580478
0 0.420383 0.213685 0.0134676 0.0111348 0.577847
0 0.384339 0.570402 0.0146954 0.0112392 0.57023
0 0.862728 0.121327 0.0134955 0.0103958 0.565015
0 0.95365 0.520101 0.0145355 0.0112713 0.564777
0 0.0131593 0.986279 0.0149796 0.0143774 0.562339
0 0.517775 0.379562 0.0142344 0.0120755 0.558263
0 0.354009 0.406972 0.0159363 0.0101215 0.552821
0 0.175139 0.707665 0.0165679 0.0113275 0.547637
0 0.494774 0.210414 0.013615 0.00902224 0.5252
0 0.158954 0.718191 0.016349 0.010555 0.52061
0 0.709858 0.258851 0.0124449 0.00931949 0.497893
0 0.224542 0.21637 0.0141083 0.0101865 0.495841
0 0.433412 0.0919998 0.0120058 0.00808904 0.493176
0 0.549518 0.55225 0.0121034 0.00919312 0.487196
0 0.3886 0.323864 0.0141024 0.00849339 0.482466
0 0.22082 0.0840585 0.0144409 0.00859356 0.458254
0 0.38184 0.517425 0.0132618 0.0107571 0.449023
0 0.733511 0.39801 0.0150527 0.00894913 0.435188
0 0.889807 0.309617 0.0127834 0.00922291 0.42629
0 0.469065 0.179604 0.0133223 0.00961149 0.419687
0 0.471398 0.37775 0.0112694 0.00913605 0.410165
0 0.460789 0.814194 0.0128195 0.0126758 0.397426
0 0.652476 0.394487 0.0133918 0.0104932 0.397082
0 0.630925 0.98063 0.0117975 0.00944386 0.393838
0 0.594078 0.367549 0.0113813 0.0106382 0.385466
0 0.181342 0.0362394 0.0145048 0.00949657 0.338033
0 0.0750237 0.848777 0.0133791 0.0105955 0.333524
0 0.130862 0.337016 0.0141049 0.00852052 0.322573
0 0.155054 0.607747 0.0150283 0.0111201 0.302532
0 0.0251469 0.675614 0.0122584 0.0115824 0.295323
0 0.326372 0.139986 0.0133433 0.00791871 0.293708
0 0.408178 0.831126 0.0148593 0.0132472 0.291681
0 0.173759 0.317788 0.0135729 0.0107445 0.290151
0 0.557271 0.240471 0.0131669 0.00829079 0.287067
0 0.73957 0.437813 0.0109528 0.00817562 0.280864
0 0.137343 0.732878 0.0127021 0.00994207 0.278611
0 0.141632 0.20054 0.0152863 0.00965734 0.275869
0 0.183421 0.608376 0.0127989 0.0118413 0.270468
0 0.603471 0.638329 0.00896543 0.0061353 0.265621
0 0.547699 0.692519 0.0153127 0.0105776 0.258462
0 0.679429 0.415577 0.0146455 0.0124427 0.256145
0 0.705494 0.424049 0.0130434 0.00887577 0.254631
0 0.610917 0.280288 0.00806778 0.00843799 0.244543
0 0.729624 0.459302 0.0129145 0.00751738 0.238974
0 0.61605 0.280306 0.00869553 0.00791983 0.235921
0 0.365056 0.551141 0.0145748 0.0125486 0.224896
0 0.856098 0.37903 0.0157585 0.0101492 0.221937
0 0.785593 0.606245 0.0166062 0.0101909 0.221736
0 0.0257911 0.330425 0.0133437 0.0110989 0.216334
0 0.192632 0.603016 0.0154509 0.0107289 0.215763
0 0.650429 0.692265 0.0132691 0.0105946 0.202609
0 0.996396 0.140723 0.00720901 0.0103114 0.198803
0 0.0669338 0.184259 0.0129711 0.00943269 0.19747
0 0.391928 0.541907 0.0129069 0.0115731 0.191871
0 0.714648 0.137668 0.0150457 0.00983132 0.187504
0 0.194809 0.306449 0.0152541 0.00874489 0.183657
0 0.0684874 0.829126 0.0137124 0.00986299 0.17685
0 0.440616 0.213237 0.0118388 0.0100208 0.173471
0 0.00540233 0.757436 0.010795 0.0118056 0.161962
0 0.351382 0.330054 0.013979 0.00868561 0.157468
0 0.725044 0.868856 0.0135623 0.0132383 0.157224
0 0.606497 0.146623 0.0143816 0.0117178 0.156316
0 0.595918 0.12369 0.0123196 0.011626 0.143986
0 0.750774 0.294013 0.0117623 0.00764662 0.140826
0 0.576673 0.687777 0.0138426 0.0105663 0.139952
0 0.752068 0.285143 0.0130314 0.00736679 0.139098
0 0.616623 0.688411 0.015458 0.0106127 0.138294
0 0.651512 0.808888 0.00873602 0.00750866 0.134043
0 0.176829 0.602334 0.0144203 0.011403 0.133311
0 0.00365106 0.263855 0.00730212 0.00856239 0.130114
0 0.431581 0.417718 0.0151185 0.01229 0.128896
0 0.702291 0.279543 0.0142268 0.00954676 0.123101
0 0.504779 0.53694 0.015268 0.0096226 0.122138
0 0.197184 0.128141 0.00929119 0.00733784 0.11937
0 0.996957 0.479881 0.0060713 0.00835988 0.116155
0 0.0229154 0.178439 0.0135127 0.0107495 0.116038
0 0.538842 0.152109 0.0138133 0.00893687 0.115983
0 0.0546757 0.960435 0.0173683 0.0129539 0.113007
0 0.697511 0.525311 0.0123655 0.010165 0.111315
0 0.35634 0.292839 0.014915 0.00988939 0.108344
0 0.547191 0.997833 0.0122867 0.0043335 0.107485
0 0.667579 0.394283 0.0127633 0.00984906 0.880076
0 0.517356 0.410584 0.0146372 0.0121703 0.869808
0 0.469154 0.0471396 0.0107534 0.00883005 0.86549
0 0.243201 0.370894 0.0126096 0.0108019 0.860005
0 0.83784 0.152341 0.0125942 0.00933659 0.859153
0 0.69935 0.633114 0.0155148 0.0105122 0.849322
0 0.376239 0.146706 0.0104452 0.00710338 0.848647
0 0.943535 0.736782 0.00930633 0.0084831 0.846667
0 0.264009 0.33358 0.0102686 0.00889076 0.84485
0 0.636324 0.67319 0.0139053 0.0121821 0.843551
0 0.409515 0.365261 0.013438 0.00845643 0.843135
0 0.912575 0.531958 0.0107968 0.0105086 0.839533
0 0.363833 0.536344 0.0160934 0.0105858 0.833074
0 0.559459 0.742977 0.0129223 0.010962 0.825107
0 0.621261 0.595958 0.0140727 0.0118323 0.820054
0 0.21881 0.668643 0.0131484 0.0104823 0.819091
0 0.764173 0.404156 0.0124531 0.0115901 0.812311
0 0.206165 0.265916 0.0112229 0.00881437 0.807325
0 0.245406 0.976166 0.0166883 0.0118114 0.806621
0 0.696954 0.416211 0.00973487 0.00862866 0.802961
0 0.622058 0.405033 0.0170342 0.0118966 0.798297
0 0.571406 0.549717 0.0155259 0.0102807 0.796971
0 0.579776 0.656242 0.014806 0.0126902 0.794513
0 0.739163 0.157984 0.0122028 0.010579 0.792701
0 0.755951 0.69645 0.0127936 0.0118963 0.786452
0 0.579739 0.256602 0.0139914 0.00912582 0.782438
0 0.448346 0.640999 0.0145034 0.00884447 0.778197
0 0.42399 0.196983 0.0133237 0.0093519 0.777818
0 0.542442 0.858999 0.0149712 0.0115441 0.773814
0 0.693099 0.866687 0.0125072 0.0107967 0.773668
0 0.0307381 0.618156 0.0150313 0.0108287 0.766929
0 0.325763 0.0457611 0.0111419 0.00872777 0.766492
0 0.528986 0.363895 0.0142623 0.0109384 0.765743
0 0.700816 0.234683 0.0136559 0.00863858 0.761335
0 0.351051 0.0765388 0.0116328 0.00780714 0.76081
0 0.797168 0.426405 0.0116313 0.00947749 0.757304
0 0.611774 0.633548 0.0148001 0.0113027 0.74786
0 0.922881 0.373005 0.0121121 0.0109164 0.7427
0 0.343472 0.248739 0.0141883 0.0088669 0.737455
0 0.26577 0.206841 0.0127857 0.0101613 0.73665
0 0.615058 0.659106 0.0132336 0.0107193 0.736202
0 0.429813 0.301996 0.0125453 0.00924649 0.725923
0 0.74879 0.703686 0.0132565 0.0117525 0.714208
0 0.175824 0.673892 0.013485 0.0116904 0.713457
0 0.0768332 0.374619 0.0128573 0.0112788 0.705264
0 0.356505 0.471539 0.0152551 0.0122073 0.703978
0 0.13103 0.208866 0.0120912 0.0107064 0.703101
0 0.683527 0.520772 0.0133407 0.00990846 0.687269
0 0.842515 0.214996 0.0117486 0.00861398 0.68373
0 0.490192 0.520329 0.0135125 0.0118093 0.679386
0 0.323298 0.579019 0.0124598 0.0122818 0.666951
0 0.731602 0.503075 0.0144803 0.00939212 0.660449
0 0.716735 0.631667 0.015728 0.0102112 0.65799
0 0.790636 0.408478 0.0114313 0.00910771 0.650957
0 0.585624 0.23597 0.0153932 0.0089078 0.648613
0 0.342698 0.363086 0.0144792 0.0112003 0.6481
0 0.601455 0.715879 0.0164564 0.0111439 0.638601
0 0.161272 0.206634 0.0137807 0.0117144 0.622983
0 0.578026 0.270547 0.00986695 0.00915552 0.619251
0 0.305456 0.756947 0.0135268 0.0132823 0.617863
0 0.834616 0.393312 0.0148098 0.00929463 0.608451
0 0.698862 0.43627 0.0117242 0.0102799 0.58274
0 0.429105 0.391473 0.013335 0.0101353 0.582011
0 0.702318 0.459481 0.0122744 0.00984816 0.580478
0 0.420383 0.213685 0.0134676 0.0111348 0.577847
0 0.384339 0.570402 0.0146954 0.0112392 0.57023
0 0.862728 0.121327 0.0134955 0.0103958 0.565015
0 0.95365 0.520101 0.0145355 0.0112713 0.564777
0 0.0131593 0.986279 0.0149796 0.0143774 0.562339
0 0.517775 0.379562 0.0142344 0.0120755 0.558263
0 0.354009 0.406972 0.0159363 0.0101215 0.552821
0 0.175139 0.707665 0.0165679 0.0113275 0.547637
0 0.494774 0.210414 0.013615 0.00902224 0.5252
0 0.158954 0.718191 0.016349 0.010555 0.52061
0 0.709858 0.258851 0.0124449 0.00931949 0.497893
0 0.224542 0.21637 0.0141083 0.0101865 0.495841
0 0.433412 0.0919998 0.0120058 0.00808904 0.493176
0 0.549518 0.55225 0.0121034 0.00919312 0.487196
0 0.3886 0.323864 0.0141024 0.00849339 0.482466
0 0.22082 0.0840585 0.0144409 0.00859356 0.458254
0 0.38184 0.517425 0.0132618 0.0107571 0.449023
0 0.733511 0.39801 0.0150527 0.00894913 0.435188
0 0.889807 0.309617 0.0127834 0.00922291 0.42629
0 0.469065 0.179604 0.0133223 0.00961149 0.419687
0 0.471398 0.37775 0.0112694 0.00913605 0.410165
0 0.460789 0.814194 0.0128195 0.0126758 0.397426
0 0.652476 0.394487 0.0133918 0.0104932 0.397082
0 0.630925 0.98063 0.0117975 0.00944386 0.393838
0 0.594078 0.367549 0.0113813 0.0106382 0.385466
0 0.181342 0.0362394 0.0145048 0.00949657 0.338033
0 0.0750237 0.848777 0.0133791 0.0105955 0.333524
0 0.130862 0.337016 0.0141049 0.00852052 0.322573
0 0.155054 0.607747 0.0150283 0.0111201 0.302532
0 0.0251469 0.675614 0.0122584 0.0115824 0.295323
0 0.326372 0.139986 0.0133433 0.00791871 0.293708
0 0.408178 0.831126 0.0148593 0.0132472 0.291681
0 0.173759 0.317788 0.0135729 0.0107445 0.290151
0 0.557271 0.240471 0.0131669 0.00829079 0.287067
0 0.73957 0.437813 0.0109528 0.00817562 0.280864
0 0.137343 0.732878 0.0127021 0.00994207 0.278611
0 0.141632 0.20054 0.0152863 0.00965734 0.275869
0 0.183421 0.608376 0.0127989 0.0118413 0.270468
0 0.603471 0.638329 0.00896543 0.0061353 0.265621
0 0.547699 0.692519 0.0153127 0.0105776 0.258462
0 0.679429 0.415577 0.0146455 0.0124427 0.256145
0 0.705494 0.424049 0.0130434 0.00887577 0.254631
0 0.610917 0.280288 0.00806778 0.00843799 0.244543
0 0.729624 0.459302 0.0129145 0.00751738 0.238974
0 0.61605 0.280306 0.00869553 0.00791983 0.235921
0 0.365056 0.551141 0.0145748 0.0125486 0.224896
0 0.856098 0.37903 0.0157585 0.0101492 0.221937
0 0.785593 0.606245 0.0166062 0.0101909 0.221736
0 0.0257911 0.330425 0.0133437 0.0110989 0.216334
0 0.192632 0.603016 0.0154509 0.0107289 0.215763
0 0.650429 0.692265 0.0132691 0.0105946 0.202609
0 0.996396 0.140723 0.00720901 0.0103114 0.198803
0 0.0669338 0.184259 0.0129711 0.00943269 0.19747
0 0.391928 0.541907 0.0129069 0.0115731 0.191871
0 0.714648 0.137668 0.0150457 0.00983132 0.187504
0 0.194809 0.306449 0.0152541 0.00874489 0.183657
0 0.0684874 0.829126 0.0137124 0.00986299 0.17685
0 0.440616 0.213237 0.0118388 0.0100208 0.173471
0 0.00540233 0.757436 0.010795 0.0118056 0.161962
0 0.351382 0.330054 0.013979 0.00868561 0.157468
0 0.725044 0.868856 0.0135623 0.0132383 0.157224
0 0.606497 0.146623 0.0143816 0.0117178 0.156316
0 0.595918 0.12369 0.0123196 0.011626 0.143986
0 0.750774 0.294013 0.0117623 0.00764662 0.140826
0 0.576673 0.687777 0.0138426 0.0105663 0.139952
0 0.752068 0.285143 0.0130314 0.00736679 0.139098
0 0.616623 0.688411 0.015458 0.0106127 0.138294
0 0.651512 0.808888 0.00873602 0.00750866 0.134043
0 0.176829 0.602334 0.0144203 0.011403 0.133311
0 0.00365106 0.263855 0.00730212 0.00856239 0.130114
0 0.431581 0.417718 0.0151185 0.01229 0.128896
0 0.702291 0.279543 0.0142268 0.00954676 0.123101
0 0.504779 0.53694 0.015268 0.0096226 0.122138
0 0.197184 0.128141 0.00929119 0.00733784 0.11937
0 0.996957 0.479881 0.0060713 0.00835988 0.116155
0 0.0229154 0.178439 0.0135127 0.0107495 0.116038
0 0.538842 0.152109 0.0138133 0.00893687 0.115983
0 0.0546757 0.960435 0.0173683 0.0129539 0.113007
0 0.697511 0.525311 0.0123655 0.010165 0.111315
0 0.35634 0.292839 0.014915 0.00988939 0.108344
0 0.547191 0.997833 0.0122867 0.0043335 0.107485
0 0.667579 0.394283 0.0127633 0.00984906 0.880076
0 0.517356 0.410584 0.0146372 0.0121703 0.869808
0 0.469154 0.0471396 0.0107534 0.00883005 0.86549
0 0.243201 0.370894 0.0126096 0.0108019 0.860005
0 0.83784 0.152341 0.0125942 0.00933659 0.859153
0 0.69935 0.633114 0.0155148 0.0105122 0.849322
0 0.376239 0.146706 0.0104452 0.00710338 0.848647
0 0.943535 0.736782 0.00930633 0.0084831 0.846667
0 0.264009 0.33358 0.0102686 0.00889076 0.84485
0 0.636324 0.67319 0.0139053 0.0121821 0.843551
0 0.409515 0.365261 0.013438 0.00845643 0.843135
0 0.912575 0.531958 0.0107968 0.0105086 0.839533
0 0.363833 0.536344 0.0160934 0.0105858 0.833074
0 0.559459 0.742977 0.0129223 0.010962 0.825107
0 0.621261 0.595958 0.0140727 0.0118323 0.820054
0 0.21881 0.668643 0.0131484 0.0104823 0.819091
0 0.764173 0.404156 0.0124531 0.0115901 0.812311
0 0.206165 0.265916 0.0112229 0.00881437 0.807325
0 0.245406 0.976166 0.0166883 0.0118114 0.806621
0 0.696954 0.416211 0.00973487 0.00862866 0.802961
0 0.622058 0.405033 0.0170342 0.0118966 0.798297
0 0.571406 0.549717 0.0155259 0.0102807 0.796971
0 0.579776 0.656242 0.014806 0.0126902 0.794513
0 0.739163 0.157984 0.0122028 0.010579 0.792701
0 0.755951 0.69645 0.0127936 0.0118963 0.786452
0 0.579739 0.256602 0.0139914 0.00912582 0.782438
0 0.448346 0.640999 0.0145034 0.00884447 0.778197
0 0.42399 0.196983 0.0133237 0.0093519 0.777818
0 0.542442 0.858999 0.0149712 0.0115441 0.773814
0 0.693099 0.866687 0.0125072 0.0107967 0.773668
0 0.0307381 0.618156 0.0150313 0.0108287 0.766929
0 0.325763 0.0457611 0.0111419 0.00872777 0.766492
0 0.528986 0.363895 0.0142623 0.0109384 0.765743
0 0.700816 0.234683 0.0136559 0.00863858 0.761335
0 0.351051 0.0765388 0.0116328 0.00780714 0.76081
0 0.797168 0.426405 0.0116313 0.00947749 0.757304
0 0.611774 0.633548 0.0148001 0.0113027 0.74786
0 0.922881 0.373005 0.0121121 0.0109164 0.7427
0 0.343472 0.248739 0.0141883 0.0088669 0.737455
0 0.26577 0.206841 0.0127857 0.0101613 0.73665
0 0.615058 0.659106 0.0132336 0.0107193 0.736202
0 0.429813 0.301996 0.0125453 0.00924649 0.725923
0 0.74879 0.703686 0.0132565 0.0117525 0.714208
0 0.175824 0.673892 0.013485 0.0116904 0.713457
0 0.0768332 0.374619 0.0128573 0.0112788 0.705264
0 0.356505 0.471539 0.0152551 0.0122073 0.703978
0 0.13103 0.208866 0.0120912 0.0107064 0.703101
0 0.683527 0.520772 0.0133407 0.00990846 0.687269
0 0.842515 0.214996 0.0117486 0.00861398 0.68373
0 0.490192 0.520329 0.0135125 0.0118093 0.679386
0 0.323298 0.579019 0.0124598 0.0122818 0.666951
0 0.731602 0.503075 0.0144803 0.00939212 0.660449
0 0.716735 0.631667 0.015728 0.0102112 0.65799
0 0.790636 0.408478 0.0114313 0.00910771 0.650957
0 0.585624 0.23597 0.0153932 0.0089078 0.648613
0 0.342698 0.363086 0.0144792 0.0112003 0.6481
0 0.601455 0.715879 0.0164564 0.0111439 0.638601
0 0.161272 0.206634 0.0137807 0.0117144 0.622983
0 0.578026 0.270547 0.00986695 0.00915552 0.619251
0 0.305456 0.756947 0.0135268 0.0132823 0.617863
0 0.834616 0.393312 0.0148098 0.00929463 0.608451
0 0.698862 0.43627 0.0117242 0.0102799 0.58274
0 0.429105 0.391473 0.013335 0.0101353 0.582011
0 0.702318 0.459481 0.0122744 0.00984816 0.580478
0 0.420383 0.213685 0.0134676 0.0111348 0.577847
0 0.384339 0.570402 0.0146954 0.0112392 0.57023
0 0.862728 0.121327 0.0134955 0.0103958 0.565015
0 0.95365 0.520101 0.0145355 0.0112713 0.564777
0 0.0131593 0.986279 0.0149796 0.0143774 0.562339
0 0.517775 0.379562 0.0142344 0.0120755 0.558263
0 0.354009 0.406972 0.0159363 0.0101215 0.552821
0 0.175139 0.707665 0.0165679 0.0113275 0.547637
0 0.494774 0.210414 0.013615 0.00902224 0.5252
0 0.158954 0.718191 0.016349 0.010555 0.52061
0 0.709858 0.258851 0.0124449 0.00931949 0.497893
0 0.224542 0.21637 0.0141083 0.0101865 0.495841
0 0.433412 0.0919998 0.0120058 0.00808904 0.493176
0 0.549518 0.55225 0.0121034 0.00919312 0.487196
0 0.3886 0.323864 0.0141024 0.00849339 0.482466
0 0.22082 0.0840585 0.0144409 0.00859356 0.458254
0 0.38184 0.517425 0.0132618 0.0107571 0.449023
0 0.733511 0.39801 0.0150527 0.00894913 0.435188
0 0.889807 0.309617 0.0127834 0.00922291 0.42629
0 0.469065 0.179604 0.0133223 0.00961149 0.419687
0 0.471398 0.37775 0.0112694 0.00913605 0.410165
0 0.460789 0.814194 0.0128195 0.0126758 0.397426
0 0.652476 0.394487 0.0133918 0.0104932 0.397082
0 0.630925 0.98063 0.0117975 0.00944386 0.393838
0 0.594078 0.367549 0.0113813 0.0106382 0.385466
0 0.181342 0.0362394 0.0145048 0.00949657 0.338033
0 0.0750237 0.848777 0.0133791 0.0105955 0.333524
0 0.130862 0.337016 0.0141049 0.00852052 0.322573
0 0.155054 0.607747 0.0150283 0.0111201 0.302532
0 0.0251469 0.675614 0.0122584 0.0115824 0.295323
0 0.326372 0.139986 0.0133433 0.00791871 0.293708
0 0.408178 0.831126 0.0148593 0.0132472 0.291681
0 0.173759 0.317788 0.0135729 0.0107445 0.290151
0 0.557271 0.240471 0.0131669 0.00829079 0.287067
0 0.73957 0.437813 0.0109528 0.00817562 0.280864
0 0.137343 0.732878 0.0127021 0.00994207 0.278611
0 0.141632 0.20054 0.0152863 0.00965734 0.275869
0 0.183421 0.608376 0.0127989 0.0118413 0.270468
0 0.603471 0.638329 0.00896543 0.0061353 0.265621
0 0.547699 0.692519 0.0153127 0.0105776 0.258462
0 0.679429 0.415577 0.0146455 0.0124427 0.256145
0 0.705494 0.424049 0.0130434 0.00887577 0.254631
0 0.610917 0.280288 0.00806778 0.00843799 0.244543
0 0.729624 0.459302 0.0129145 0.00751738 0.238974
0 0.61605 0.280306 0.00869553 0.00791983 0.235921
0 0.365056 0.551141 0.0145748 0.0125486 0.224896
0 0.856098 0.37903 0.0157585 0.0101492 0.221937
0 0.785593 0.606245 0.0166062 0.0101909 0.221736
0 0.0257911 0.330425 0.0133437 0.0110989 0.216334
0 0.192632 0.603016 0.0154509 0.0107289 0.215763
0 0.650429 0.692265 0.0132691 0.0105946 0.202609
0 0.996396 0.140723 0.00720901 0.0103114 0.198803
0 0.0669338 0.184259 0.0129711 0.00943269 0.19747
0 0.391928 0.541907 0.0129069 0.0115731 0.191871
0 0.714648 0.137668 0.0150457 0.00983132 0.187504
0 0.194809 0.306449 0.0152541 0.00874489 0.183657
0 0.0684874 0.829126 0.0137124 0.00986299 0.17685
0 0.440616 0.213237 0.0118388 0.0100208 0.173471
0 0.00540233 0.757436 0.010795 0.0118056 0.161962
0 0.351382 0.330054 0.013979 0.00868561 0.157468
0 0.725044 0.868856 0.0135623 0.0132383 0.157224
0 0.606497 0.146623 0.0143816 0.0117178 0.156316
0 0.595918 0.12369 0.0123196 0.011626 0.143986
0 0.750774 0.294013 0.0117623 0.00764662 0.140826
0 0.576673 0.687777 0.0138426 0.0105663 0.139952
0 0.752068 0.285143 0.0130314 0.00736679 0.139098
0 0.616623 0.688411 0.015458 0.0106127 0.138294
0 0.651512 0.808888 0.00873602 0.00750866 0.134043
0 0.176829 0.602334 0.0144203 0.011403 0.133311
0 0.00365106 0.263855 0.00730212 0.00856239 0.130114
0 0.431581 0.417718 0.0151185 0.01229 0.128896
0 0.702291 0.279543 0.0142268 0.00954676 0.123101
0 0.504779 0.53694 0.015268 0.0096226 0.122138
0 0.197184 0.128141 0.00929119 0.00733784 0.11937
0 0.996957 0.479881 0.0060713 0.00835988 0.116155
0 0.0229154 0.178439 0.0135127 0.0107495 0.116038
0 0.538842 0.152109 0.0138133 0.00893687 0.115983
0 0.0546757 0.960435 0.0173683 0.0129539 0.113007
0 0.697511 0.525311 0.0123655 0.010165 0.111315
0 0.35634 0.292839 0.014915 0.00988939 0.108344
0 0.547191 0.997833 0.0122867 0.0043335 0.107485
0 0.122775 0.946042 0.0119803 0.0147495 0.12043
0 0.667579 0.394283 0.0127633 0.00984906 0.880076
0 0.517356 0.410584 0.0146372 0.0121703 0.869808
0 0.469154 0.0471396 0.0107534 0.00883005 0.86549
0 0.243201 0.370894 0.0126096 0.0108019 0.860005
0 0.83784 0.152341 0.0125942 0.00933659 0.859153
0 0.69935 0.633114 0.0155148 0.0105122 0.849322
0 0.376239 0.146706 0.0104452 0.00710338 0.848647
0 0.943535 0.736782 0.00930633 0.0084831 0.846667
0 0.264009 0.33358 0.0102686 0.00889076 0.84485
0 0.636324 0.67319 0.0139053 0.0121821 0.843551
0 0.409515 0.365261 0.013438 0.00845643 0.843135
0 0.912575 0.531958 0.0107968 0.0105086 0.839533
0 0.363833 0.536344 0.0160934 0.0105858 0.833074
0 0.559459 0.742977 0.0129223 0.010962 0.825107
0 0.621261 0.595958 0.0140727 0.0118323 0.820054
0 0.21881 0.668643 0.0131484 0.0104823 0.819091
0 0.764173 0.404156 0.0124531 0.0115901 0.812311
0 0.206165 0.265916 0.0112229 0.00881437 0.807325
0 0.245406 0.976166 0.0166883 0.0118114 0.806621
0 0.696954 0.416211 0.00973487 0.00862866 0.802961
0 0.622058 0.405033 0.0170342 0.0118966 0.798297
0 0.571406 0.549717 0.0155259 0.0102807 0.796971
0 0.579776 0.656242 0.014806 0.0126902 0.794513
0 0.739163 0.157984 0.0122028 0.010579 0.792701
0 0.755951 0.69645 0.0127936 0.0118963 0.786452
0 0.579739 0.256602 0.0139914 0.00912582 0.782438
0 0.448346 0.640999 0.0145034 0.00884447 0.778197
0 0.42399 0.196983 0.0133237 0.0093519 0.777818
0 0.542442 0.858999 0.0149712 0.0115441 0.773814
0 0.693099 0.866687 0.0125072 0.0107967 0.773668
0 0.0307381 0.618156 0.0150313 0.0108287 0.766929
0 0.325763 0.0457611 0.0111419 0.00872777 0.766492
0 0.528986 0.363895 0.0142623 0.0109384 0.765743
0 0.700816 0.234683 0.0136559 0.00863858 0.761335
0 0.351051 0.0765388 0.0116328 0.00780714 0.76081
0 0.797168 0.426405 0.0116313 0.00947749 0.757304
0 0.611774 0.633548 0.0148001 0.0113027 0.74786
0 0.922881 0.373005 0.0121121 0.0109164 0.7427
0 0.343472 0.248739 0.0141883 0.0088669 0.737455
0 0.26577 0.206841 0.0127857 0.0101613 0.73665
0 0.615058 0.659106 0.0132336 0.0107193 0.736202
0 0.429813 0.301996 0.0125453 0.00924649 0.725923
0 0.74879 0.703686 0.0132565 0.0117525 0.714208
0 0.175824 0.673892 0.013485 0.0116904 0.713457
0 0.0768332 0.374619 0.0128573 0.0112788 0.705264
0 0.356505 0.471539 0.0152551 0.0122073 0.703978
0 0.13103 0.208866 0.0120912 0.0107064 0.703101
0 0.683527 0.520772 0.0133407 0.00990846 0.687269
0 0.842515 0.214996 0.0117486 0.00861398 0.68373
0 0.490192 0.520329 0.0135125 0.0118093 0.679386
0 0.323298 0.579019 0.0124598 0.0122818 0.666951
0 0.731602 0.503075 0.0144803 0.00939212 0.660449
0 0.716735 0.631667 0.015728 0.0102112 0.65799
0 0.790636 0.408478 0.0114313 0.00910771 0.650957
0 0.585624 0.23597 0.0153932 0.0089078 0.648613
0 0.342698 0.363086 0.0144792 0.0112003 0.6481
0 0.601455 0.715879 0.0164564 0.0111439 0.638601
0 0.161272 0.206634 0.0137807 0.0117144 0.622983
0 0.578026 0.270547 0.00986695 0.00915552 0.619251
0 0.305456 0.756947 0.0135268 0.0132823 0.617863
0 0.834616 0.393312 0.0148098 0.00929463 0.608451
0 0.698862 0.43627 0.0117242 0.0102799 0.58274
0 0.429105 0.391473 0.013335 0.0101353 0.582011
0 0.702318 0.459481 0.0122744 0.00984816 0.580478
0 0.420383 0.213685 0.0134676 0.0111348 0.577847
0 0.384339 0.570402 0.0146954 0.0112392 0.57023
0 0.862728 0.121327 0.0134955 0.0103958 0.565015
0 0.95365 0.520101 0.0145355 0.0112713 0.564777
0 0.0131593 0.986279 0.0149796 0.0143774 0.562339
0 0.517775 0.379562 0.0142344 0.0120755 0.558263
0 0.354009 0.406972 0.0159363 0.0101215 0.552821
0 0.175139 0.707665 0.0165679 0.0113275 0.547637
0 0.494774 0.210414 0.013615 0.00902224 0.5252
0 0.158954 0.718191 0.016349 0.010555 0.52061
0 0.709858 0.258851 0.0124449 0.00931949 0.497893
0 0.224542 0.21637 0.0141083 0.0101865 0.495841
0 0.433412 0.0919998 0.0120058 0.00808904 0.493176
0 0.549518 0.55225 0.0121034 0.00919312 0.487196
0 0.3886 0.323864 0.0141024 0.00849339 0.482466
0 0.22082 0.0840585 0.0144409 0.00859356 0.458254
0 0.38184 0.517425 0.0132618 0.0107571 0.449023
0 0.733511 0.39801 0.0150527 0.00894913 0.435188
0 0.889807 0.309617 0.0127834 0.00922291 0.42629
0 0.469065 0.179604 0.0133223 0.00961149 0.419687
0 0.471398 0.37775 0.0112694 0.00913605 0.410165
0 0.460789 0.814194 0.0128195 0.0126758 0.397426
0 0.652476 0.394487 0.0133918 0.0104932 0.397082
0 0.630925 0.98063 0.0117975 0.00944386 0.393838
0 0.594078 0.367549 0.0113813 0.0106382 0.385466
0 0.181342 0.0362394 0.0145048 0.00949657 0.338033
0 0.0750237 0.848777 0.0133791 0.0105955 0.333524
0 0.130862 0.337016 0.0141049 0.00852052 0.322573
0 0.155054 0.607747 0.0150283 0.0111201 0.302532
0 0.0251469 0.675614 0.0122584 0.0115824 0.295323
0 0.326372 0.139986 0.0133433 0.00791871 0.293708
0 0.408178 0.831126 0.0148593 0.0132472 0.291681
0 0.173759 0.317788 0.0135729 0.0107445 0.290151
0 0.557271 0.240471 0.0131669 0.00829079 0.287067
0 0.73957 0.437813 0.0109528 0.00817562 0.280864
0 0.137343 0.732878 0.0127021 0.00994207 0.278611
0 0.141632 0.20054 0.0152863 0.00965734 0.275869
0 0.183421 0.608376 0.0127989 0.0118413 0.270468
0 0.603471 0.638329 0.00896543 0.0061353 0.265621
0 0.547699 0.692519 0.0153127 0.0105776 0.258462
0 0.679429 0.415577 0.0146455 0.0124427 0.256145
0 0.705494 0.424049 0.0130434 0.00887577 0.254631
0 0.610917 0.280288 0.00806778 0.00843799 0.244543
0 0.729624 0.459302 0.0129145 0.00751738 0.238974
0 0.61605 0.280306 0.00869553 0.00791983 0.235921
0 0.365056 0.551141 0.0145748 0.0125486 0.224896
0 0.856098 0.37903 0.0157585 0.0101492 0.221937
0 0.785593 0.606245 0.0166062 0.0101909 0.221736
0 0.0257911 0.330425 0.0133437 0.0110989 0.216334
0 0.192632 0.603016 0.0154509 0.0107289 0.215763
0 0.650429 0.692265 0.0132691 0.0105946 0.202609
0 0.996396 0.140723 0.00720901 0.0103114 0.198803
0 0.0669338 0.184259 0.0129711 0.00943269 0.19747
0 0.391928 0.541907 0.0129069 0.0115731 0.191871
0 0.714648 0.137668 0.0150457 0.00983132 0.187504
0 0.194809 0.306449 0.0152541 0.00874489 0.183657
0 0.0684874 0.829126 0.0137124 0.00986299 0.17685
0 0.440616 0.213237 0.0118388 0.0100208 0.173471
0 0.00540233 0.757436 0.010795 0.0118056 0.161962
0 0.351382 0.330054 0.013979 0.00868561 0.157468
0 0.725044 0.868856 0.0135623 0.0132383 0.157224
0 0.606497 0.146623 0.0143816 0.0117178 0.156316
0 0.595918 0.12369 0.0123196 0.011626 0.143986
0 0.750774 0.294013 0.0117623 0.00764662 0.140826
0 0.576673 0.687777 0.0138426 0.0105663 0.139952
0 0.752068 0.285143 0.0130314 0.00736679 0.139098
0 0.616623 0.688411 0.015458 0.0106127 0.138294
0 0.651512 0.808888 0.00873602 0.00750866 0.134043
0 0.176829 0.602334 0.0144203 0.011403 0.133311
0 0.00365106 0.263855 0.00730212 0.00856239 0.130114
0 0.431581 0.417718 0.0151185 0.01229 0.128896
0 0.702291 0.279543 0.0142268 0.00954676 0.123101
0 0.504779 0.53694 0.015268 0.0096226 0.122138
0 0.197184 0.128141 0.00929119 0.00733784 0.11937
0 0.996957 0.479881 0.0060713 0.00835988 0.116155
0 0.0229154 0.178439 0.0135127 0.0107495 0.116038
0 0.538842 0.152109 0.0138133 0.00893687 0.115983
0 0.0546757 0.960435 0.0173683 0.0129539 0.113007
0 0.697511 0.525311 0.0123655 0.010165 0.111315
0 0.35634 0.292839 0.014915 0.00988939 0.108344
0 0.547191 0.997833 0.0122867 0.0043335 0.107485
0 0.667579 0.394283 0.0127633 0.00984906 0.880076
0 0.517356 0.410584 0.0146372 0.0121703 0.869808
0 0.469154 0.0471396 0.0107534 0.00883005 0.86549
0 0.243201 0.370894 0.0126096 0.0108019 0.860005
0 0.83784 0.152341 0.0125942 0.00933659 0.859153
0 0.69935 0.633114 0.0155148 0.0105122 0.849322
0 0.376239 0.146706 0.0104452 0.00710338 0.848647
0 0.943535 0.736782 0.00930633 0.0084831 0.846667
0 0.264009 0.33358 0.0102686 0.00889076 0.84485
0 0.636324 0.67319 0.0139053 0.0121821 0.843551
0 0.409515 0.365261 0.013438 0.00845643 0.843135
0 0.912575 0.531958 0.0107968 0.0105086 0.839533
0 0.363833 0.536344 0.0160934 0.0105858 0.833074
0 0.559459 0.742977 0.0129223 0.010962 0.825107
0 0.621261 0.595958 0.0140727 0.0118323 0.820054
0 0.21881 0.668643 0.0131484 0.0104823 0.819091
0 0.764173 0.404156 0.0124531 0.0115901 0.812311
0 0.206165 0.265916 0.0112229 0.00881437 0.807325
0 0.245406 0.976166 0.0166883 0.0118114 0.806621
0 0.696954 0.416211 0.00973487 0.00862866 0.802961
0 0.622058 0.405033 0.0170342 0.0118966 0.798297
0 0.571406 0.549717 0.0155259 0.0102807 0.796971
0 0.579776 0.656242 0.014806 0.0126902 0.794513
0 0.739163 0.157984 0.0122028 0.010579 0.792701
0 0.755951 0.69645 0.0127936 0.0118963 0.786452
0 0.579739 0.256602 0.0139914 0.00912582 0.782438
0 0.448346 0.640999 0.0145034 0.00884447 0.778197
0 0.42399 0.196983 0.0133237 0.0093519 0.777818
0 0.542442 0.858999 0.0149712 0.0115441 0.773814
0 0.693099 0.866687 0.0125072 0.0107967 0.773668
0 0.0307381 0.618156 0.0150313 0.0108287 0.766929
0 0.325763 0.0457611 0.0111419 0.00872777 0.766492
0 0.528986 0.363895 0.0142623 0.0109384 0.765743
0 0.700816 0.234683 0.0136559 0.00863858 0.761335
0 0.351051 0.0765388 0.0116328 0.00780714 0.76081
0 0.797168 0.426405 0.0116313 0.00947749 0.757304
0 0.611774 0.633548 0.0148001 0.0113027 0.74786
0 0.922881 0.373005 0.0121121 0.0109164 0.7427
0 0.343472 0.248739 0.0141883 0.0088669 0.737455
0 0.26577 0.206841 0.0127857 0.0101613 0.73665
0 0.615058 0.659106 0.0132336 0.0107193 0.736202
0 0.429813 0.301996 0.0125453 0.00924649 0.725923
0 0.74879 0.703686 0.0132565 0.0117525 0.714208
0 0.175824 0.673892 0.013485 0.0116904 0.713457
0 0.0768332 0.374619 0.0128573 0.0112788 0.705264
0 0.356505 0.471539 0.0152551 0.0122073 0.703978
0 0.13103 0.208866 0.0120912 0.0107064 0.703101
0 0.683527 0.520772 0.0133407 0.00990846 0.687269
0 0.842515 0.214996 0.0117486 0.00861398 0.68373
0 0.490192 0.520329 0.0135125 0.0118093 0.679386
0 0.323298 0.579019 0.0124598 0.0122818 0.666951
0 0.731602 0.503075 0.0144803 0.00939212 0.660449
0 0.716735 0.631667 0.015728 0.0102112 0.65799
0 0.790636 0.408478 0.0114313 0.00910771 0.650957
0 0.585624 0.23597 0.0153932 0.0089078 0.648613
0 0.342698 0.363086 0.0144792 0.0112003 0.6481
0 0.601455 0.715879 0.0164564 0.0111439 0.638601
0 0.161272 0.206634 0.0137807 0.0117144 0.622983
0 0.578026 0.270547 0.00986695 0.00915552 0.619251
0 0.305456 0.756947 0.0135268 0.0132823 0.617863
0 0.834616 0.393312 0.0148098 0.00929463 0.608451
0 0.698862 0.43627 0.0117242 0.0102799 0.58274
0 0.429105 0.391473 0.013335 0.0101353 0.582011
0 0.702318 0.459481 0.0122744 0.00984816 0.580478
0 0.420383 0.213685 0.0134676 0.0111348 0.577847
0 0.384339 0.570402 0.0146954 0.0112392 0.57023
0 0.862728 0.121327 0.0134955 0.0103958 0.565015
0 0.95365 0.520101 0.0145355 0.0112713 0.564777
0 0.0131593 0.986279 0.0149796 0.0143774 0.562339
0 0.517775 0.379562 0.0142344 0.0120755 0.558263
0 0.354009 0.406972 0.0159363 0.0101215 0.552821
0 0.175139 0.707665 0.0165679 0.0113275 0.547637
0 0.494774 0.210414 0.013615 0.00902224 0.5252
0 0.158954 0.718191 0.016349 0.010555 0.52061
0 0.709858 0.258851 0.0124449 0.00931949 0.497893
0 0.224542 0.21637 0.0141083 0.0101865 0.495841
0 0.433412 0.0919998 0.0120058 0.00808904 0.493176
0 0.549518 0.55225 0.0121034 0.00919312 0.487196
0 0.3886 0.323864 0.0141024 0.00849339 0.482466
0 0.22082 0.0840585 0.0144409 0.00859356 0.458254
0 0.38184 0.517425 0.0132618 0.0107571 0.449023
0 0.733511 0.39801 0.0150527 0.00894913 0.435188
0 0.889807 0.309617 0.0127834 0.00922291 0.42629
0 0.469065 0.179604 0.0133223 0.00961149 0.419687
0 0.471398 0.37775 0.0112694 0.00913605 0.410165
0 0.460789 0.814194 0.0128195 0.0126758 0.397426
0 0.652476 0.394487 0.0133918 0.0104932 0.397082
0 0.630925 0.98063 0.0117975 0.00944386 0.393838
0 0.594078 0.367549 0.0113813 0.0106382 0.385466
0 0.181342 0.0362394 0.0145048 0.00949657 0.338033
0 0.0750237 0.848777 0.0133791 0.0105955 0.333524
0 0.130862 0.337016 0.0141049 0.00852052 0.322573
0 0.155054 0.607747 0.0150283 0.0111201 0.302532
0 0.0251469 0.675614 0.0122584 0.0115824 0.295323
0 0.326372 0.139986 0.0133433 0.00791871 0.293708
0 0.408178 0.831126 0.0148593 0.0132472 0.291681
0 0.173759 0.317788 0.0135729 0.0107445 0.290151
0 0.557271 0.240471 0.0131669 0.00829079 0.287067
0 0.73957 0.437813 0.0109528 0.00817562 0.280864
0 0.137343 0.732878 0.0127021 0.00994207 0.278611
0 0.141632 0.20054 0.0152863 0.00965734 0.275869
0 0.183421 0.608376 0.0127989 0.0118413 0.270468
0 0.603471 0.638329 0.00896543 0.0061353 0.265621
0 0.547699 0.692519 0.0153127 0.0105776 0.258462
0 0.679429 0.415577 0.0146455 0.0124427 0.256145
0 0.705494 0.424049 0.0130434 0.00887577 0.254631
0 0.610917 0.280288 0.00806778 0.00843799 0.244543
0 0.729624 0.459302 0.0129145 0.00751738 0.238974
0 0.61605 0.280306 0.00869553 0.00791983 0.235921
0 0.365056 0.551141 0.0145748 0.0125486 0.224896
0 0.856098 0.37903 0.0157585 0.0101492 0.221937
0 0.785593 0.606245 0.0166062 0.0101909 0.221736
0 0.0257911 0.330425 0.0133437 0.0110989 0.216334
0 0.192632 0.603016 0.0154509 0.0107289 0.215763
0 0.650429 0.692265 0.0132691 0.0105946 0.202609
0 0.996396 0.140723 0.00720901 0.0103114 0.198803
0 0.0669338 0.184259 0.0129711 0.00943269 0.19747
0 0.391928 0.541907 0.0129069 0.0115731 0.191871
0 0.714648 0.137668 0.0150457 0.00983132 0.187504
0 0.194809 0.306449 0.0152541 0.00874489 0.183657
0 0.0684874 0.829126 0.0137124 0.00986299 0.17685
0 0.440616 0.213237 0.0118388 0.0100208 0.173471
0 0.00540233 0.757436 0.010795 0.0118056 0.161962
0 0.351382 0.330054 0.013979 0.00868561 0.157468
0 0.725044 0.868856 0.0135623 0.0132383 0.157224
0 0.606497 0.146623 0.0143816 0.0117178 0.156316
0 0.595918 0.12369 0.0123196 0.011626 0.143986
0 0.750774 0.294013 0.0117623 0.00764662 0.140826
0 0.576673 0.687777 0.0138426 0.0105663 0.139952
0 0.752068 0.285143 0.0130314 0.00736679 0.139098
0 0.616623 0.688411 0.015458 0.0106127 0.138294
0 0.651512 0.808888 0.00873602 0.00750866 0.134043
0 0.176829 0.602334 0.0144203 0.011403 0.133311
0 0.00365106 0.263855 0.00730212 0.00856239 0.130114
0 0.431581 0.417718 0.0151185 0.01229 0.128896
0 0.702291 0.279543 0.0142268 0.00954676 0.123101
0 0.504779 0.53694 0.015268 0.0096226 0.122138
0 0.197184 0.128141 0.00929119 0.00733784 0.11937
0 0.996957 0.479881 0.0060713 0.00835988 0.116155
0 0.0229154 0.178439 0.0135127 0.0107495 0.116038
0 0.538842 0.152109 0.0138133 0.00893687 0.115983
0 0.0546757 0.960435 0.0173683 0.0129539 0.113007
0 0.697511 0.525311 0.0123655 0.010165 0.111315
0 0.35634 0.292839 0.014915 0.00988939 0.108344
0 0.547191 0.997833 0.0122867 0.0043335 0.107485
0 0.667579 0.394283 0.0127633 0.00984906 0.880076
0 0.517356 0.410584 0.0146372 0.0121703 0.869808
0 0.469154 0.0471396 0.0107534 0.00883005 0.86549
0 0.243201 0.370894 0.0126096 0.0108019 0.860005
0 0.83784 0.152341 0.0125942 0.00933659 0.859153
0 0.69935 0.633114 0.0155148 0.0105122 0.849322
0 0.376239 0.146706 0.0104452 0.00710338 0.848647
0 0.943535 0.736782 0.00930633 0.0084831 0.846667
0 0.264009 0.33358 0.0102686 0.00889076 0.84485
0 0.636324 0.67319 0.0139053 0.0121821 0.843551
0 0.409515 0.365261 0.013438 0.00845643 0.843135
0 0.912575 0.531958 0.0107968 0.0105086 0.839533
0 0.363833 0.536344 0.0160934 0.0105858 0.833074
0 0.559459 0.742977 0.0129223 0.010962 0.825107
0 0.621261 0.595958 0.0140727 0.0118323 0.820054
0 0.21881 0.668643 0.0131484 0.0104823 0.819091
0 0.764173 0.404156 0.0124531 0.0115901 0.812311
0 0.206165 0.265916 0.0112229 0.00881437 0.807325
0 0.245406 0.976166 0.0166883 0.0118114 0.806621
0 0.696954 0.416211 0.00973487 0.00862866 0.802961
0 0.622058 0.405033 0.0170342 0.0118966 0.798297
0 0.571406 0.549717 0.0155259 0.0102807 0.796971
0 0.579776 0.656242 0.014806 0.0126902 0.794513
0 0.739163 0.157984 0.0122028 0.010579 0.792701
0 0.755951 0.69645 0.0127936 0.0118963 0.786452
0 0.579739 0.256602 0.0139914 0.00912582 0.782438
0 0.448346 0.640999 0.0145034 0.00884447 0.778197
0 0.42399 0.196983 0.0133237 0.0093519 0.777818
0 0.542442 0.858999 0.0149712 0.0115441 0.773814
0 0.693099 0.866687 0.0125072 0.0107967 0.773668
0 0.0307381 0.618156 0.0150313 0.0108287 0.766929
0 0.325763 0.0457611 0.0111419 0.00872777 0.766492
0 0.528986 0.363895 0.0142623 0.0109384 0.765743
0 0.700816 0.234683 0.0136559 0.00863858 0.761335
0 0.351051 0.0765388 0.0116328 0.00780714 0.76081
0 0.797168 0.426405 0.0116313 0.00947749 0.757304
0 0.611774 0.633548 0.0148001 0.0113027 0.74786
0 0.922881 0.373005 0.0121121 0.0109164 0.7427
0 0.343472 0.248739 0.0141883 0.0088669 0.737455
0 0.26577 0.206841 0.0127857 0.0101613 0.73665
0 0.615058 0.659106 0.0132336 0.0107193 0.736202
0 0.429813 0.301996 0.0125453 0.00924649 0.725923
0 0.74879 0.703686 0.0132565 0.0117525 0.714208
0 0.175824 0.673892 0.013485 0.0116904 0.713457
0 0.0768332 0.374619 0.0128573 0.0112788 0.705264
0 0.356505 0.471539 0.0152551 0.0122073 0.703978
0 0.13103 0.208866 0.0120912 0.0107064 0.703101
0 0.683527 0.520772 0.0133407 0.00990846 0.687269
0 0.842515 0.214996 0.0117486 0.00861398 0.68373
0 0.490192 0.520329 0.0135125 0.0118093 0.679386
0 0.323298 0.579019 0.0124598 0.0122818 0.666951
0 0.731602 0.503075 0.0144803 0.00939212 0.660449
0 0.716735 0.631667 0.015728 0.0102112 0.65799
0 0.790636 0.408478 0.0114313 0.00910771 0.650957
0 0.585624 0.23597 0.0153932 0.0089078 0.648613
0 0.342698 0.363086 0.0144792 0.0112003 0.6481
0 0.601455 0.715879 0.0164564 0.0111439 0.638601
0 0.161272 0.206634 0.0137807 0.0117144 0.622983
0 0.578026 0.270547 0.00986695 0.00915552 0.619251
0 0.305456 0.756947 0.0135268 0.0132823 0.617863
0 0.834616 0.393312 0.0148098 0.00929463 0.608451
0 0.698862 0.43627 0.0117242 0.0102799 0.58274
0 0.429105 0.391473 0.013335 0.0101353 0.582011
0 0.702318 0.459481 0.0122744 0.00984816 0.580478
0 0.420383 0.213685 0.0134676 0.0111348 0.577847
0 0.384339 0.570402 0.0146954 0.0112392 0.57023
0 0.862728 0.121327 0.0134955 0.0103958 0.565015
0 0.95365 0.520101 0.0145355 0.0112713 0.564777
0 0.0131593 0.986279 0.0149796 0.0143774 0.562339
0 0.517775 0.379562 0.0142344 0.0120755 0.558263
0 0.354009 0.406972 0.0159363 0.0101215 0.552821
0 0.175139 0.707665 0.0165679 0.0113275 0.547637
0 0.494774 0.210414 0.013615 0.00902224 0.5252
0 0.158954 0.718191 0.016349 0.010555 0.52061
0 0.709858 0.258851 0.0124449 0.00931949 0.497893
0 0.224542 0.21637 0.0141083 0.0101865 0.495841
0 0.433412 0.0919998 0.0120058 0.00808904 0.493176
0 0.549518 0.55225 0.0121034 0.00919312 0.487196
0 0.3886 0.323864 0.0141024 0.00849339 0.482466
0 0.22082 0.0840585 0.0144409 0.00859356 0.458254
0 0.38184 0.517425 0.0132618 0.0107571 0.449023
0 0.733511 0.39801 0.0150527 0.00894913 0.435188
0 0.889807 0.309617 0.0127834 0.00922291 0.42629
0 0.469065 0.179604 0.0133223 0.00961149 0.419687
0 0.471398 0.37775 0.0112694 0.00913605 0.410165
0 0.460789 0.814194 0.0128195 0.0126758 0.397426
0 0.652476 0.394487 0.0133918 0.0104932 0.397082
0 0.630925 0.98063 0.0117975 0.00944386 0.393838
0 0.594078 0.367549 0.0113813 0.0106382 0.385466
0 0.181342 0.0362394 0.0145048 0.00949657 0.338033
0 0.0750237 0.848777 0.0133791 0.0105955 0.333524
0 0.130862 0.337016 0.0141049 0.00852052 0.322573
0 0.155054 0.607747 0.0150283 0.0111201 0.302532
0 0.0251469 0.675614 0.0122584 0.0115824 0.295323
0 0.326372 0.139986 0.0133433 0.00791871 0.293708
0 0.408178 0.831126 0.0148593 0.0132472 0.291681
0 0.173759 0.317788 0.0135729 0.0107445 0.290151
0 0.557271 0.240471 0.0131669 0.00829079 0.287067
0 0.73957 0.437813 0.0109528 0.00817562 0.280864
0 0.137343 0.732878 0.0127021 0.00994207 0.278611
0 0.141632 0.20054 0.0152863 0.00965734 0.275869
0 0.183421 0.608376 0.0127989 0.0118413 0.270468
0 0.603471 0.638329 0.00896543 0.0061353 0.265621
0 0.547699 0.692519 0.0153127 0.0105776 0.258462
0 0.679429 0.415577 0.0146455 0.0124427 0.256145
0 0.705494 0.424049 0.0130434 0.00887577 0.254631
0 0.610917 0.280288 0.00806778 0.00843799 0.244543
0 0.729624 0.459302 0.0129145 0.00751738 0.238974
0 0.61605 0.280306 0.00869553 0.00791983 0.235921
0 0.365056 0.551141 0.0145748 0.0125486 0.224896
0 0.856098 0.37903 0.0157585 0.0101492 0.221937
0 0.785593 0.606245 0.0166062 0.0101909 0.221736
0 0.0257911 0.330425 0.0133437 0.0110989 0.216334
0 0.192632 0.603016 0.0154509 0.0107289 0.215763
0 0.650429 0.692265 0.0132691 0.0105946 0.202609
0 0.996396 0.140723 0.00720901 0.0103114 0.198803
0 0.0669338 0.184259 0.0129711 0.00943269 0.19747
0 0.391928 0.541907 0.0129069 0.0115731 0.191871
0 0.714648 0.137668 0.0150457 0.00983132 0.187504
0 0.194809 0.306449 0.0152541 0.00874489 0.183657
0 0.0684874 0.829126 0.0137124 0.00986299 0.17685
0 0.440616 0.213237 0.0118388 0.0100208 0.173471
0 0.00540233 0.757436 0.010795 0.0118056 0.161962
0 0.351382 0.330054 0.013979 0.00868561 0.157468
0 0.725044 0.868856 0.0135623 0.0132383 0.157224
0 0.606497 0.146623 0.0143816 0.0117178 0.156316
0 0.595918 0.12369 0.0123196 0.011626 0.143986
0 0.750774 0.294013 0.0117623 0.00764662 0.140826
0 0.576673 0.687777 0.0138426 0.0105663 0.139952
0 0.752068 0.285143 0.0130314 0.00736679 0.139098
0 0.616623 0.688411 0.015458 0.0106127 0.138294
0 0.651512 0.808888 0.00873602 0.00750866 0.134043
0 0.176829 0.602334 0.0144203 0.011403 0.133311
0 0.00365106 0.263855 0.00730212 0.00856239 0.130114
0 0.431581 0.417718 0.0151185 0.01229 0.128896
0 0.702291 0.279543 0.0142268 0.00954676 0.123101
0 0.504779 0.53694 0.015268 0.0096226 0.122138
0 0.197184 0.128141 0.00929119 0.00733784 0.11937
0 0.996957 0.479881 0.0060713 0.00835988 0.116155
0 0.0229154 0.178439 0.0135127 0.0107495 0.116038
0 0.538842 0.152109 0.0138133 0.00893687 0.115983
0 0.0546757 0.960435 0.0173683 0.0129539 0.113007
0 0.697511 0.525311 0.0123655 0.010165 0.111315
0 0.35634 0.292839 0.014915 0.00988939 0.108344
0 0.547191 0.997833 0.0122867 0.0043335 0.107485
0 0.667579 0.394283 0.0127633 0.00984906 0.880076
0 0.517356 0.410584 0.0146372 0.0121703 0.869808
0 0.469154 0.0471396 0.0107534 0.00883005 0.86549
0 0.243201 0.370894 0.0126096 0.0108019 0.860005
0 0.83784 0.152341 0.0125942 0.00933659 0.859153
0 0.69935 0.633114 0.0155148 0.0105122 0.849322
0 0.376239 0.146706 0.0104452 0.00710338 0.848647
0 0.943535 0.736782 0.00930633 0.0084831 0.846667
0 0.264009 0.33358 0.0102686 0.00889076 0.84485
0 0.636324 0.67319 0.0139053 0.0121821 0.843551
0 0.409515 0.365261 0.013438 0.00845643 0.843135
0 0.912575 0.531958 0.0107968 0.0105086 0.839533
0 0.363833 0.536344 0.0160934 0.0105858 0.833074
0 0.559459 0.742977 0.0129223 0.010962 0.825107
0 0.621261 0.595958 0.0140727 0.0118323 0.820054
0 0.21881 0.668643 0.0131484 0.0104823 0.819091
0 0.764173 0.404156 0.0124531 0.0115901 0.812311
0 0.206165 0.265916 0.0112229 0.00881437 0.807325
0 0.245406 0.976166 0.0166883 0.0118114 0.806621
0 0.696954 0.416211 0.00973487 0.00862866 0.802961
0 0.622058 0.405033 0.0170342 0.0118966 0.798297
0 0.571406 0.549717 0.0155259 0.0102807 0.796971
0 0.579776 0.656242 0.014806 0.0126902 0.794513
0 0.739163 0.157984 0.0122028 0.010579 0.792701
0 0.755951 0.69645 0.0127936 0.0118963 0.786452
0 0.579739 0.256602 0.0139914 0.00912582 0.782438
0 0.448346 0.640999 0.0145034 0.00884447 0.778197
0 0.42399 0.196983 0.0133237 0.0093519 0.777818
0 0.542442 0.858999 0.0149712 0.0115441 0.773814
0 0.693099 0.866687 0.0125072 0.0107967 0.773668
0 0.0307381 0.618156 0.0150313 0.0108287 0.766929
0 0.325763 0.0457611 0.0111419 0.00872777 0.766492
0 0.528986 0.363895 0.0142623 0.0109384 0.765743
0 0.700816 0.234683 0.0136559 0.00863858 0.761335
0 0.351051 0.0765388 0.0116328 0.00780714 0.76081
0 0.797168 0.426405 0.0116313 0.00947749 0.757304
0 0.611774 0.633548 0.0148001 0.0113027 0.74786
0 0.922881 0.373005 0.0121121 0.0109164 0.7427
0 0.343472 0.248739 0.0141883 0.0088669 0.737455
0 0.26577 0.206841 0.0127857 0.0101613 0.73665
0 0.615058 0.659106 0.0132336 0.0107193 0.736202
0 0.429813 0.301996 0.0125453 0.00924649 0.725923
0 0.74879 0.703686 0.0132565 0.0117525 0.714208
0 0.175824 0.673892 0.013485 0.0116904 0.713457
0 0.0768332 0.374619 0.0128573 0.0112788 0.705264
0 0.356505 0.471539 0.0152551 0.0122073 0.703978
0 0.13103 0.208866 0.0120912 0.0107064 0.703101
0 0.683527 0.520772 0.0133407 0.00990846 0.687269
0 0.842515 0.214996 0.0117486 0.00861398 0.68373
0 0.490192 0.520329 0.0135125 0.0118093 0.679386
0 0.323298 0.579019 0.0124598 0.0122818 0.666951
0 0.731602 0.503075 0.0144803 0.00939212 0.660449
0 0.716735 0.631667 0.015728 0.0102112 0.65799
0 0.790636 0.408478 0.0114313 0.00910771 0.650957
0 0.585624 0.23597 0.0153932 0.0089078 0.648613
0 0.342698 0.363086 0.0144792 0.0112003 0.6481
0 0.601455 0.715879 0.0164564 0.0111439 0.638601
0 0.161272 0.206634 0.0137807 0.0117144 0.622983
0 0.578026 0.270547 0.00986695 0.00915552 0.619251
0 0.305456 0.756947 0.0135268 0.0132823 0.617863
0 0.834616 0.393312 0.0148098 0.00929463 0.608451
0 0.698862 0.43627 0.0117242 0.0102799 0.58274
0 0.429105 0.391473 0.013335 0.0101353 0.582011
0 0.702318 0.459481 0.0122744 0.00984816 0.580478
0 0.420383 0.213685 0.0134676 0.0111348 0.577847
0 0.384339 0.570402 0.0146954 0.0112392 0.57023
0 0.862728 0.121327 0.0134955 0.0103958 0.565015
0 0.95365 0.520101 0.0145355 0.0112713 0.564777
0 0.0131593 0.986279 0.0149796 0.0143774 0.562339
0 0.517775 0.379562 0.0142344 0.0120755 0.558263
0 0.354009 0.406972 0.0159363 0.0101215 0.552821
0 0.175139 0.707665 0.0165679 0.0113275 0.547637
0 0.494774 0.210414 0.013615 0.00902224 0.5252
0 0.158954 0.718191 0.016349 0.010555 0.52061
0 0.709858 0.258851 0.0124449 0.00931949 0.497893
0 0.224542 0.21637 0.0141083 0.0101865 0.495841
0 0.433412 0.0919998 0.0120058 0.00808904 0.493176
0 0.549518 0.55225 0.0121034 0.00919312 0.487196
0 0.3886 0.323864 0.0141024 0.00849339 0.482466
0 0.22082 0.0840585 0.0144409 0.00859356 0.458254
0 0.38184 0.517425 0.0132618 0.0107571 0.449023
0 0.733511 0.39801 0.0150527 0.00894913 0.435188
0 0.889807 0.309617 0.0127834 0.00922291 0.42629
0 0.469065 0.179604 0.0133223 0.00961149 0.419687
0 0.471398 0.37775 0.0112694 0.00913605 0.410165
0 0.460789 0.814194 0.0128195 0.0126758 0.397426
0 0.652476 0.394487 0.0133918 0.0104932 0.397082
0 0.630925 0.98063 0.0117975 0.00944386 0.393838
0 0.594078 0.367549 0.0113813 0.0106382 0.385466
0 0.181342 0.0362394 0.0145048 0.00949657 0.338033
0 0.0750237 0.848777 0.0133791 0.0105955 0.333524
0 0.130862 0.337016 0.0141049 0.00852052 0.322573
0 0.155054 0.607747 0.0150283 0.0111201 0.302532
0 0.0251469 0.675614 0.0122584 0.0115824 0.295323
0 0.326372 0.139986 0.0133433 0.00791871 0.293708
0 0.408178 0.831126 0.0148593 0.0132472 0.291681
0 0.173759 0.317788 0.0135729 0.0107445 0.290151
0 0.557271 0.240471 0.0131669 0.00829079 0.287067
0 0.73957 0.437813 0.0109528 0.00817562 0.280864
0 0.137343 0.732878 0.0127021 0.00994207 0.278611
0 0.141632 0.20054 0.0152863 0.00965734 0.275869
0 0.183421 0.608376 0.0127989 0.0118413 0.270468
0 0.603471 0.638329 0.00896543 0.0061353 0.265621
0 0.547699 0.692519 0.0153127 0.0105776 0.258462
0 0.679429 0.415577 0.0146455 0.0124427 0.256145
0 0.705494 0.424049 0.0130434 0.00887577 0.254631
0 0.610917 0.280288 0.00806778 0.00843799 0.244543
0 0.729624 0.459302 0.0129145 0.00751738 0.238974
0 0.61605 0.280306 0.00869553 0.00791983 0.235921
0 0.365056 0.551141 0.0145748 0.0125486 0.224896
0 0.856098 0.37903 0.0157585 0.0101492 0.221937
0 0.785593 0.606245 0.0166062 0.0101909 0.221736
0 0.0257911 0.330425 0.0133437 0.0110989 0.216334
0 0.192632 0.603016 0.0154509 0.0107289 0.215763
0 0.650429 0.692265 0.0132691 0.0105946 0.202609
0 0.996396 0.140723 0.00720901 0.0103114 0.198803
0 0.0669338 0.184259 0.0129711 0.00943269 0.19747
0 0.391928 0.541907 0.0129069 0.0115731 0.191871
0 0.714648 0.137668 0.0150457 0.00983132 0.187504
0 0.194809 0.306449 0.0152541 0.00874489 0.183657
0 0.0684874 0.829126 0.0137124 0.00986299 0.17685
0 0.440616 0.213237 0.0118388 0.0100208 0.173471
0 0.00540233 0.757436 0.010795 0.0118056 0.161962
0 0.351382 0.330054 0.013979 0.00868561 0.157468
0 0.725044 0.868856 0.0135623 0.0132383 0.157224
0 0.606497 0.146623 0.0143816 0.0117178 0.156316
0 0.595918 0.12369 0.0123196 0.011626 0.143986
0 0.750774 0.294013 0.0117623 0.00764662 0.140826
0 0.576673 0.687777 0.0138426 0.0105663 0.139952
0 0.752068 0.285143 0.0130314 0.00736679 0.139098
0 0.616623 0.688411 0.015458 0.0106127 0.138294
0 0.651512 0.808888 0.00873602 0.00750866 0.134043
0 0.176829 0.602334 0.0144203 0.011403 0.133311
0 0.00365106 0.263855 0.00730212 0.00856239 0.130114
0 0.431581 0.417718 0.0151185 0.01229 0.128896
0 0.702291 0.279543 0.0142268 0.00954676 0.123101
0 0.504779 0.53694 0.015268 0.0096226 0.122138
0 0.197184 0.128141 0.00929119 0.00733784 0.11937
0 0.996957 0.479881 0.0060713 0.00835988 0.116155
0 0.0229154 0.178439 0.0135127 0.0107495 0.116038
0 0.538842 0.152109 0.0138133 0.00893687 0.115983
0 0.0546757 0.960435 0.0173683 0.0129539 0.113007
0 0.697511 0.525311 0.0123655 0.010165 0.111315
0 0.35634 0.292839 0.014915 0.00988939 0.108344
0 0.547191 0.997833 0.0122867 0.0043335 0.107485
0 0.667579 0.394283 0.0127633 0.00984906 0.880076
0 0.517356 0.410584 0.0146372 0.0121703 0.869808
0 0.469154 0.0471396 0.0107534 0.00883005 0.86549
0 0.243201 0.370894 0.0126096 0.0108019 0.860005
0 0.83784 0.152341 0.0125942 0.00933659 0.859153
0 0.69935 0.633114 0.0155148 0.0105122 0.849322
0 0.376239 0.146706 0.0104452 0.00710338 0.848647
0 0.943535 0.736782 0.00930633 0.0084831 0.846667
0 0.264009 0.33358 0.0102686 0.00889076 0.84485
0 0.636324 0.67319 0.0139053 0.0121821 0.843551
0 0.409515 0.365261 0.013438 0.00845643 0.843135
0 0.912575 0.531958 0.0107968 0.0105086 0.839533
0 0.363833 0.536344 0.0160934 0.0105858 0.833074
0 0.559459 0.742977 0.0129223 0.010962 0.825107
0 0.621261 0.595958 0.0140727 0.0118323 0.820054
0 0.21881 0.668643 0.0131484 0.0104823 0.819091
0 0.764173 0.404156 0.0124531 0.0115901 0.812311
0 0.206165 0.265916 0.0112229 0.00881437 0.807325
0 0.245406 0.976166 0.0166883 0.0118114 0.806621
0 0.696954 0.416211 0.00973487 0.00862866 0.802961
0 0.622058 0.405033 0.0170342 0.0118966 0.798297
0 0.571406 0.549717 0.0155259 0.0102807 0.796971
0 0.579776 0.656242 0.014806 0.0126902 0.794513
0 0.739163 0.157984 0.0122028 0.010579 0.792701
0 0.755951 0.69645 0.0127936 0.0118963 0.786452
0 0.579739 0.256602 0.0139914 0.00912582 0.782438
0 0.448346 0.640999 0.0145034 0.00884447 0.778197
0 0.42399 0.196983 0.0133237 0.0093519 0.777818
0 0.542442 0.858999 0.0149712 0.0115441 0.773814
0 0.693099 0.866687 0.0125072 0.0107967 0.773668
0 0.0307381 0.618156 0.0150313 0.0108287 0.766929
0 0.325763 0.0457611 0.0111419 0.00872777 0.766492
0 0.528986 0.363895 0.0142623 0.0109384 0.765743
0 0.700816 0.234683 0.0136559 0.00863858 0.761335
0 0.351051 0.0765388 0.0116328 0.00780714 0.76081
0 0.797168 0.426405 0.0116313 0.00947749 0.757304
0 0.611774 0.633548 0.0148001 0.0113027 0.74786
0 0.922881 0.373005 0.0121121 0.0109164 0.7427
0 0.343472 0.248739 0.0141883 0.0088669 0.737455
0 0.26577 0.206841 0.0127857 0.0101613 0.73665
0 0.615058 0.659106 0.0132336 0.0107193 0.736202
0 0.429813 0.301996 0.0125453 0.00924649 0.725923
0 0.74879 0.703686 0.0132565 0.0117525 0.714208
0 0.175824 0.673892 0.013485 0.0116904 0.713457
0 0.0768332 0.374619 0.0128573 0.0112788 0.705264
0 0.356505 0.471539 0.0152551 0.0122073 0.703978
0 0.13103 0.208866 0.0120912 0.0107064 0.703101
0 0.683527 0.520772 0.0133407 0.00990846 0.687269
0 0.842515 0.214996 0.0117486 0.00861398 0.68373
0 0.490192 0.520329 0.0135125 0.0118093 0.679386
0 0.323298 0.579019 0.0124598 0.0122818 0.666951
0 0.731602 0.503075 0.0144803 0.00939212 0.660449
0 0.716735 0.631667 0.015728 0.0102112 0.65799
0 0.790636 0.408478 0.0114313 0.00910771 0.650957
0 0.585624 0.23597 0.0153932 0.0089078 0.648613
0 0.342698 0.363086 0.0144792 0.0112003 0.6481
0 0.601455 0.715879 0.0164564 0.0111439 0.638601
0 0.161272 0.206634 0.0137807 0.0117144 0.622983
0 0.578026 0.270547 0.00986695 0.00915552 0.619251
0 0.305456 0.756947 0.0135268 0.0132823 0.617863
0 0.834616 0.393312 0.0148098 0.00929463 0.608451
0 0.698862 0.43627 0.0117242 0.0102799 0.58274
0 0.429105 0.391473 0.013335 0.0101353 0.582011
0 0.702318 0.459481 0.0122744 0.00984816 0.580478
0 0.420383 0.213685 0.0134676 0.0111348 0.577847
0 0.384339 0.570402 0.0146954 0.0112392 0.57023
0 0.862728 0.121327 0.0134955 0.0103958 0.565015
0 0.95365 0.520101 0.0145355 0.0112713 0.564777
0 0.0131593 0.986279 0.0149796 0.0143774 0.562339
0 0.517775 0.379562 0.0142344 0.0120755 0.558263
0 0.354009 0.406972 0.0159363 0.0101215 0.552821
0 0.175139 0.707665 0.0165679 0.0113275 0.547637
0 0.494774 0.210414 0.013615 0.00902224 0.5252
0 0.158954 0.718191 0.016349 0.010555 0.52061
0 0.709858 0.258851 0.0124449 0.00931949 0.497893
0 0.224542 0.21637 0.0141083 0.0101865 0.495841
0 0.433412 0.0919998 0.0120058 0.00808904 0.493176
0 0.549518 0.55225 0.0121034 0.00919312 0.487196
0 0.3886 0.323864 0.0141024 0.00849339 0.482466
0 0.22082 0.0840585 0.0144409 0.00859356 0.458254
0 0.38184 0.517425 0.0132618 0.0107571 0.449023
0 0.733511 0.39801 0.0150527 0.00894913 0.435188
0 0.889807 0.309617 0.0127834 0.00922291 0.42629
0 0.469065 0.179604 0.0133223 0.00961149 0.419687
0 0.471398 0.37775 0.0112694 0.00913605 0.410165
0 0.460789 0.814194 0.0128195 0.0126758 0.397426
0 0.652476 0.394487 0.0133918 0.0104932 0.397082
0 0.630925 0.98063 0.0117975 0.00944386 0.393838
0 0.594078 0.367549 0.0113813 0.0106382 0.385466
0 0.181342 0.0362394 0.0145048 0.00949657 0.338033
0 0.0750237 0.848777 0.0133791 0.0105955 0.333524
0 0.130862 0.337016 0.0141049 0.00852052 0.322573
0 0.155054 0.607747 0.0150283 0.0111201 0.302532
0 0.0251469 0.675614 0.0122584 0.0115824 0.295323
0 0.326372 0.139986 0.0133433 0.00791871 0.293708
0 0.408178 0.831126 0.0148593 0.0132472 0.291681
0 0.173759 0.317788 0.0135729 0.0107445 0.290151
0 0.557271 0.240471 0.0131669 0.00829079 0.287067
0 0.73957 0.437813 0.0109528 0.00817562 0.280864
0 0.137343 0.732878 0.0127021 0.00994207 0.278611
0 0.141632 0.20054 0.0152863 0.00965734 0.275869
0 0.183421 0.608376 0.0127989 0.0118413 0.270468
0 0.603471 0.638329 0.00896543 0.0061353 0.265621
0 0.547699 0.692519 0.0153127 0.0105776 0.258462
0 0.679429 0.415577 0.0146455 0.0124427 0.256145
0 0.705494 0.424049 0.0130434 0.00887577 0.254631
0 0.610917 0.280288 0.00806778 0.00843799 0.244543
0 0.729624 0.459302 0.0129145 0.00751738 0.238974
0 0.61605 0.280306 0.00869553 0.00791983 0.235921
0 0.365056 0.551141 0.0145748 0.0125486 0.224896
0 0.856098 0.37903 0.0157585 0.0101492 0.221937
0 0.785593 0.606245 0.0166062 0.0101909 0.221736
0 0.0257911 0.330425 0.0133437 0.0110989 0.216334
0 0.192632 0.603016 0.0154509 0.0107289 0.215763
0 0.650429 0.692265 0.0132691 0.0105946 0.202609
0 0.996396 0.140723 0.00720901 0.0103114 0.198803
0 0.0669338 0.184259 0.0129711 0.00943269 0.19747
0 0.391928 0.541907 0.0129069 0.0115731 0.191871
0 0.714648 0.137668 0.0150457 0.00983132 0.187504
0 0.194809 0.306449 0.0152541 0.00874489 0.183657
0 0.0684874 0.829126 0.0137124 0.00986299 0.17685
0 0.440616 0.213237 0.0118388 0.0100208 0.173471
0 0.00540233 0.757436 0.010795 0.0118056 0.161962
0 0.351382 0.330054 0.013979 0.00868561 0.157468
0 0.725044 0.868856 0.0135623 0.0132383 0.157224
0 0.606497 0.146623 0.0143816 0.0117178 0.156316
0 0.595918 0.12369 0.0123196 0.011626 0.143986
0 0.750774 0.294013 0.0117623 0.00764662 0.140826
0 0.576673 0.687777 0.0138426 0.0105663 0.139952
0 0.752068 0.285143 0.0130314 0.00736679 0.139098
0 0.616623 0.688411 0.015458 0.0106127 0.138294
0 0.651512 0.808888 0.00873602 0.00750866 0.134043
0 0.176829 0.602334 0.0144203 0.011403 0.133311
0 0.00365106 0.263855 0.00730212 0.00856239 0.130114
0 0.431581 0.417718 0.0151185 0.01229 0.128896
0 0.702291 0.279543 0.0142268 0.00954676 0.123101
0 0.504779 0.53694 0.015268 0.0096226 0.122138
0 0.197184 0.128141 0.00929119 0.00733784 0.11937
0 0.996957 0.479881 0.0060713 0.00835988 0.116155
0 0.0229154 0.178439 0.0135127 0.0107495 0.116038
0 0.538842 0.152109 0.0138133 0.00893687 0.115983
0 0.0546757 0.960435 0.0173683 0.0129539 0.113007
0 0.697511 0.525311 0.0123655 0.010165 0.111315
0 0.35634 0.292839 0.014915 0.00988939 0.108344
0 0.547191 0.997833 0.0122867 0.0043335 0.107485
0 0.667579 0.394283 0.0127633 0.00984906 0.880076
0 0.517356 0.410584 0.0146372 0.0121703 0.869808
0 0.469154 0.0471396 0.0107534 0.00883005 0.86549
0 0.243201 0.370894 0.0126096 0.0108019 0.860005
0 0.83784 0.152341 0.0125942 0.00933659 0.859153
0 0.69935 0.633114 0.0155148 0.0105122 0.849322
0 0.376239 0.146706 0.0104452 0.00710338 0.848647
0 0.943535 0.736782 0.00930633 0.0084831 0.846667
0 0.264009 0.33358 0.0102686 0.00889076 0.84485
0 0.636324 0.67319 0.0139053 0.0121821 0.843551
0 0.409515 0.365261 0.013438 0.00845643 0.843135
0 0.912575 0.531958 0.0107968 0.0105086 0.839533
0 0.363833 0.536344 0.0160934 0.0105858 0.833074
0 0.559459 0.742977 0.0129223 0.010962 0.825107
0 0.621261 0.595958 0.0140727 0.0118323 0.820054
0 0.21881 0.668643 0.0131484 0.0104823 0.819091
0 0.764173 0.404156 0.0124531 0.0115901 0.812311
0 0.206165 0.265916 0.0112229 0.00881437 0.807325
0 0.245406 0.976166 0.0166883 0.0118114 0.806621
0 0.696954 0.416211 0.00973487 0.00862866 0.802961
0 0.622058 0.405033 0.0170342 0.0118966 0.798297
0 0.571406 0.549717 0.0155259 0.0102807 0.796971
0 0.579776 0.656242 0.014806 0.0126902 0.794513
0 0.739163 0.157984 0.0122028 0.010579 0.792701
0 0.755951 0.69645 0.0127936 0.0118963 0.786452
0 0.579739 0.256602 0.0139914 0.00912582 0.782438
0 0.448346 0.640999 0.0145034 0.00884447 0.778197
0 0.42399 0.196983 0.0133237 0.0093519 0.777818
0 0.542442 0.858999 0.0149712 0.0115441 0.773814
0 0.693099 0.866687 0.0125072 0.0107967 0.773668
0 0.0307381 0.618156 0.0150313 0.0108287 0.766929
0 0.325763 0.0457611 0.0111419 0.00872777 0.766492
0 0.528986 0.363895 0.0142623 0.0109384 0.765743
0 0.700816 0.234683 0.0136559 0.00863858 0.761335
0 0.351051 0.0765388 0.0116328 0.00780714 0.76081
0 0.797168 0.426405 0.0116313 0.00947749 0.757304
0 0.611774 0.633548 0.0148001 0.0113027 0.74786
0 0.922881 0.373005 0.0121121 0.0109164 0.7427
0 0.343472 0.248739 0.0141883 0.0088669 0.737455
0 0.26577 0.206841 0.0127857 0.0101613 0.73665
0 0.615058 0.659106 0.0132336 0.0107193 0.736202
0 0.429813 0.301996 0.0125453 0.00924649 0.725923
0 0.74879 0.703686 0.0132565 0.0117525 0.714208
0 0.175824 0.673892 0.013485 0.0116904 0.713457
0 0.0768332 0.374619 0.0128573 0.0112788 0.705264
0 0.356505 0.471539 0.0152551 0.0122073 0.703978
0 0.13103 0.208866 0.0120912 0.0107064 0.703101
0 0.683527 0.520772 0.0133407 0.00990846 0.687269
0 0.842515 0.214996 0.0117486 0.00861398 0.68373
0 0.490192 0.520329 0.0135125 0.0118093 0.679386
0 0.323298 0.579019 0.0124598 0.0122818 0.666951
0 0.731602 0.503075 0.0144803 0.00939212 0.660449
0 0.716735 0.631667 0.015728 0.0102112 0.65799
0 0.790636 0.408478 0.0114313 0.00910771 0.650957
0 0.585624 0.23597 0.0153932 0.0089078 0.648613
0 0.342698 0.363086 0.0144792 0.0112003 0.6481
0 0.601455 0.715879 0.0164564 0.0111439 0.638601
0 0.161272 0.206634 0.0137807 0.0117144 0.622983
0 0.578026 0.270547 0.00986695 0.00915552 0.619251
0 0.305456 0.756947 0.0135268 0.0132823 0.617863
0 0.834616 0.393312 0.0148098 0.00929463 0.608451
0 0.698862 0.43627 0.0117242 0.0102799 0.58274
0 0.429105 0.391473 0.013335 0.0101353 0.582011
0 0.702318 0.459481 0.0122744 0.00984816 0.580478
0 0.420383 0.213685 0.0134676 0.0111348 0.577847
0 0.384339 0.570402 0.0146954 0.0112392 0.57023
0 0.862728 0.121327 0.0134955 0.0103958 0.565015
0 0.95365 0.520101 0.0145355 0.0112713 0.564777
0 0.0131593 0.986279 0.0149796 0.0143774 0.562339
0 0.517775 0.379562 0.0142344 0.0120755 0.558263
0 0.354009 0.406972 0.0159363 0.0101215 0.552821
0 0.175139 0.707665 0.0165679 0.0113275 0.547637
0 0.494774 0.210414 0.013615 0.00902224 0.5252
0 0.158954 0.718191 0.016349 0.010555 0.52061
0 0.709858 0.258851 0.0124449 0.00931949 0.497893
0 0.224542 0.21637 0.0141083 0.0101865 0.495841
0 0.433412 0.0919998 0.0120058 0.00808904 0.493176
0 0.549518 0.55225 0.0121034 0.00919312 0.487196
0 0.3886 0.323864 0.0141024 0.00849339 0.482466
0 0.22082 0.0840585 0.0144409 0.00859356 0.458254
0 0.38184 0.517425 0.0132618 0.0107571 0.449023
0 0.733511 0.39801 0.0150527 0.00894913 0.435188
0 0.889807 0.309617 0.0127834 0.00922291 0.42629
0 0.469065 0.179604 0.0133223 0.00961149 0.419687
0 0.471398 0.37775 0.0112694 0.00913605 0.410165
0 0.460789 0.814194 0.0128195 0.0126758 0.397426
0 0.652476 0.394487 0.0133918 0.0104932 0.397082
0 0.630925 0.98063 0.0117975 0.00944386 0.393838
0 0.594078 0.367549 0.0113813 0.0106382 0.385466
0 0.181342 0.0362394 0.0145048 0.00949657 0.338033
0 0.0750237 0.848777 0.0133791 0.0105955 0.333524
0 0.130862 0.337016 0.0141049 0.00852052 0.322573
0 0.155054 0.607747 0.0150283 0.0111201 0.302532
0 0.0251469 0.675614 0.0122584 0.0115824 0.295323
0 0.326372 0.139986 0.0133433 0.00791871 0.293708
0 0.408178 0.831126 0.0148593 0.0132472 0.291681
0 0.173759 0.317788 0.0135729 0.0107445 0.290151
0 0.557271 0.240471 0.0131669 0.00829079 0.287067
0 0.73957 0.437813 0.0109528 0.00817562 0.280864
0 0.137343 0.732878 0.0127021 0.00994207 0.278611
0 0.141632 0.20054 0.0152863 0.00965734 0.275869
0 0.183421 0.608376 0.0127989 0.0118413 0.270468
0 0.603471 0.638329 0.00896543 0.0061353 0.265621
0 0.547699 0.692519 0.0153127 0.0105776 0.258462
0 0.679429 0.415577 0.0146455 0.0124427 0.256145
0 0.705494 0.424049 0.0130434 0.00887577 0.254631
0 0.610917 0.280288 0.00806778 0.00843799 0.244543
0 0.729624 0.459302 0.0129145 0.00751738 0.238974
0 0.61605 0.280306 0.00869553 0.00791983 0.235921
0 0.365056 0.551141 0.0145748 0.0125486 0.224896
0 0.856098 0.37903 0.0157585 0.0101492 0.221937
0 0.785593 0.606245 0.0166062 0.0101909 0.221736
0 0.0257911 0.330425 0.0133437 0.0110989 0.216334
0 0.192632 0.603016 0.0154509 0.0107289 0.215763
0 0.650429 0.692265 0.0132691 0.0105946 0.202609
0 0.996396 0.140723 0.00720901 0.0103114 0.198803
0 0.0669338 0.184259 0.0129711 0.00943269 0.19747
0 0.391928 0.541907 0.0129069 0.0115731 0.191871
0 0.714648 0.137668 0.0150457 0.00983132 0.187504
0 0.194809 0.306449 0.0152541 0.00874489 0.183657
0 0.0684874 0.829126 0.0137124 0.00986299 0.17685
0 0.440616 0.213237 0.0118388 0.0100208 0.173471
0 0.00540233 0.757436 0.010795 0.0118056 0.161962
0 0.351382 0.330054 0.013979 0.00868561 0.157468
0 0.725044 0.868856 0.0135623 0.0132383 0.157224
0 0.606497 0.146623 0.0143816 0.0117178 0.156316
0 0.595918 0.12369 0.0123196 0.011626 0.143986
0 0.750774 0.294013 0.0117623 0.00764662 0.140826
0 0.576673 0.687777 0.0138426 0.0105663 0.139952
0 0.752068 0.285143 0.0130314 0.00736679 0.139098
0 0.616623 0.688411 0.015458 0.0106127 0.138294
0 0.651512 0.808888 0.00873602 0.00750866 0.134043
0 0.176829 0.602334 0.0144203 0.011403 0.133311
0 0.00365106 0.263855 0.00730212 0.00856239 0.130114
0 0.431581 0.417718 0.0151185 0.01229 0.128896
0 0.702291 0.279543 0.0142268 0.00954676 0.123101
0 0.504779 0.53694 0.015268 0.0096226 0.122138
0 0.197184 0.128141 0.00929119 0.00733784 0.11937
0 0.996957 0.479881 0.0060713 0.00835988 0.116155
0 0.0229154 0.178439 0.0135127 0.0107495 0.116038
0 0.538842 0.152109 0.0138133 0.00893687 0.115983
0 0.0546757 0.960435 0.0173683 0.0129539 0.113007
0 0.697511 0.525311 0.0123655 0.010165 0.111315
0 0.35634 0.292839 0.014915 0.00988939 0.108344
0 0.547191 0.997833 0.0122867 0.0043335 0.107485
0 0.667579 0.394283 0.0127633 0.00984906 0.880076
0 0.517356 0.410584 0.0146372 0.0121703 0.869808
0 0.469154 0.0471396 0.0107534 0.00883005 0.86549
0 0.243201 0.370894 0.0126096 0.0108019 0.860005
0 0.83784 0.152341 0.0125942 0.00933659 0.859153
0 0.69935 0.633114 0.0155148 0.0105122 0.849322
0 0.376239 0.146706 0.0104452 0.00710338 0.848647
0 0.943535 0.736782 0.00930633 0.0084831 0.846667
0 0.264009 0.33358 0.0102686 0.00889076 0.84485
0 0.636324 0.67319 0.0139053 0.0121821 0.843551
0 0.409515 0.365261 0.013438 0.00845643 0.843135
0 0.912575 0.531958 0.0107968 0.0105086 0.839533
0 0.363833 0.536344 0.0160934 0.0105858 0.833074
0 0.559459 0.742977 0.0129223 0.010962 0.825107
0 0.621261 0.595958 0.0140727 0.0118323 0.820054
0 0.21881 0.668643 0.0131484 0.0104823 0.819091
0 0.764173 0.404156 0.0124531 0.0115901 0.812311
0 0.206165 0.265916 0.0112229 0.00881437 0.807325
0 0.245406 0.976166 0.0166883 0.0118114 0.806621
0 0.696954 0.416211 0.00973487 0.00862866 0.802961
0 0.622058 0.405033 0.0170342 0.0118966 0.798297
0 0.571406 0.549717 0.0155259 0.0102807 0.796971
0 0.579776 0.656242 0.014806 0.0126902 0.794513
0 0.739163 0.157984 0.0122028 0.010579 0.792701
0 0.755951 0.69645 0.0127936 0.0118963 0.786452
0 0.579739 0.256602 0.0139914 0.00912582 0.782438
0 0.448346 0.640999 0.0145034 0.00884447 0.778197
0 0.42399 0.196983 0.0133237 0.0093519 0.777818
0 0.542442 0.858999 0.0149712 0.0115441 0.773814
0 0.693099 0.866687 0.0125072 0.0107967 0.773668
0 0.0307381 0.618156 0.0150313 0.0108287 0.766929
0 0.325763 0.0457611 0.0111419 0.00872777 0.766492
0 0.528986 0.363895 0.0142623 0.0109384 0.765743
0 0.700816 0.234683 0.0136559 0.00863858 0.761335
0 0.351051 0.0765388 0.0116328 0.00780714 0.76081
0 0.797168 0.426405 0.0116313 0.00947749 0.757304
0 0.611774 0.633548 0.0148001 0.0113027 0.74786
0 0.922881 0.373005 0.0121121 0.0109164 0.7427
0 0.343472 0.248739 0.0141883 0.0088669 0.737455
0 0.26577 0.206841 0.0127857 0.0101613 0.73665
0 0.615058 0.659106 0.0132336 0.0107193 0.736202
0 0.429813 0.301996 0.0125453 0.00924649 0.725923
0 0.74879 0.703686 0.0132565 0.0117525 0.714208
0 0.175824 0.673892 0.013485 0.0116904 0.713457
0 0.0768332 0.374619 0.0128573 0.0112788 0.705264
0 0.356505 0.471539 0.0152551 0.0122073 0.703978
0 0.13103 0.208866 0.0120912 0.0107064 0.703101
0 0.683527 0.520772 0.0133407 0.00990846 0.687269
0 0.842515 0.214996 0.0117486 0.00861398 0.68373
0 0.490192 0.520329 0.0135125 0.0118093 0.679386
0 0.323298 0.579019 0.0124598 0.0122818 0.666951
0 0.731602 0.503075 0.0144803 0.00939212 0.660449
0 0.716735 0.631667 0.015728 0.0102112 0.65799
0 0.790636 0.408478 0.0114313 0.00910771 0.650957
0 0.585624 0.23597 0.0153932 0.0089078 0.648613
0 0.342698 0.363086 0.0144792 0.0112003 0.6481
0 0.601455 0.715879 0.0164564 0.0111439 0.638601
0 0.161272 0.206634 0.0137807 0.0117144 0.622983
0 0.578026 0.270547 0.00986695 0.00915552 0.619251
0 0.305456 0.756947 0.0135268 0.0132823 0.617863
0 0.834616 0.393312 0.0148098 0.00929463 0.608451
0 0.698862 0.43627 0.0117242 0.0102799 0.58274
0 0.429105 0.391473 0.013335 0.0101353 0.582011
0 0.702318 0.459481 0.0122744 0.00984816 0.580478
0 0.420383 0.213685 0.0134676 0.0111348 0.577847
0 0.384339 0.570402 0.0146954 0.0112392 0.57023
0 0.862728 0.121327 0.0134955 0.0103958 0.565015
0 0.95365 0.520101 0.0145355 0.0112713 0.564777
0 0.0131593 0.986279 0.0149796 0.0143774 0.562339
0 0.517775 0.379562 0.0142344 0.0120755 0.558263
0 0.354009 0.406972 0.0159363 0.0101215 0.552821
0 0.175139 0.707665 0.0165679 0.0113275 0.547637
0 0.494774 0.210414 0.013615 0.00902224 0.5252
0 0.158954 0.718191 0.016349 0.010555 0.52061
0 0.709858 0.258851 0.0124449 0.00931949 0.497893
0 0.224542 0.21637 0.0141083 0.0101865 0.495841
0 0.433412 0.0919998 0.0120058 0.00808904 0.493176
0 0.549518 0.55225 0.0121034 0.00919312 0.487196
0 0.3886 0.323864 0.0141024 0.00849339 0.482466
0 0.22082 0.0840585 0.0144409 0.00859356 0.458254
0 0.38184 0.517425 0.0132618 0.0107571 0.449023
0 0.733511 0.39801 0.0150527 0.00894913 0.435188
0 0.889807 0.309617 0.0127834 0.00922291 0.42629
0 0.469065 0.179604 0.0133223 0.00961149 0.419687
0 0.471398 0.37775 0.0112694 0.00913605 0.410165
0 0.460789 0.814194 0.0128195 0.0126758 0.397426
0 0.652476 0.394487 0.0133918 0.0104932 0.397082
0 0.630925 0.98063 0.0117975 0.00944386 0.393838
0 0.594078 0.367549 0.0113813 0.0106382 0.385466
0 0.181342 0.0362394 0.0145048 0.00949657 0.338033
0 0.0750237 0.848777 0.0133791 0.0105955 0.333524
0 0.130862 0.337016 0.0141049 0.00852052 0.322573
0 0.155054 0.607747 0.0150283 0.0111201 0.302532
0 0.0251469 0.675614 0.0122584 0.0115824 0.295323
0 0.326372 0.139986 0.0133433 0.00791871 0.293708
0 0.408178 0.831126 0.0148593 0.0132472 0.291681
0 0.173759 0.317788 0.0135729 0.0107445 0.290151
0 0.557271 0.240471 0.0131669 0.00829079 0.287067
0 0.73957 0.437813 0.0109528 0.00817562 0.280864
0 0.137343 0.732878 0.0127021 0.00994207 0.278611
0 0.141632 0.20054 0.0152863 0.00965734 0.275869
0 0.183421 0.608376 0.0127989 0.0118413 0.270468
0 0.603471 0.638329 0.00896543 0.0061353 0.265621
0 0.547699 0.692519 0.0153127 0.0105776 0.258462
0 0.679429 0.415577 0.0146455 0.0124427 0.256145
0 0.705494 0.424049 0.0130434 0.00887577 0.254631
0 0.610917 0.280288 0.00806778 0.00843799 0.244543
0 0.729624 0.459302 0.0129145 0.00751738 0.238974
0 0.61605 0.280306 0.00869553 0.00791983 0.235921
0 0.365056 0.551141 0.0145748 0.0125486 0.224896
0 0.856098 0.37903 0.0157585 0.0101492 0.221937
0 0.785593 0.606245 0.0166062 0.0101909 0.221736
0 0.0257911 0.330425 0.0133437 0.0110989 0.216334
0 0.192632 0.603016 0.0154509 0.0107289 0.215763
0 0.650429 0.692265 0.0132691 0.0105946 0.202609
0 0.996396 0.140723 0.00720901 0.0103114 0.198803
0 0.0669338 0.184259 0.0129711 0.00943269 0.19747
0 0.391928 0.541907 0.0129069 0.0115731 0.191871
0 0.714648 0.137668 0.0150457 0.00983132 0.187504
0 0.194809 0.306449 0.0152541 0.00874489 0.183657
0 0.0684874 0.829126 0.0137124 0.00986299 0.17685
0 0.440616 0.213237 0.0118388 0.0100208 0.173471
0 0.00540233 0.757436 0.010795 0.0118056 0.161962
0 0.351382 0.330054 0.013979 0.00868561 0.157468
0 0.725044 0.868856 0.0135623 0.0132383 0.157224
0 0.606497 0.146623 0.0143816 0.0117178 0.156316
0 0.595918 0.12369 0.0123196 0.011626 0.143986
0 0.750774 0.294013 0.0117623 0.00764662 0.140826
0 0.576673 0.687777 0.0138426 0.0105663 0.139952
0 0.752068 0.285143 0.0130314 0.00736679 0.139098
0 0.616623 0.688411 0.015458 0.0106127 0.138294
0 0.651512 0.808888 0.00873602 0.00750866 0.134043
0 0.176829 0.602334 0.0144203 0.011403 0.133311
0 0.00365106 0.263855 0.00730212 0.00856239 0.130114
0 0.431581 0.417718 0.0151185 0.01229 0.128896
0 0.702291 0.279543 0.0142268 0.00954676 0.123101
0 0.504779 0.53694 0.015268 0.0096226 0.122138
0 0.197184 0.128141 0.00929119 0.00733784 0.11937
0 0.996957 0.479881 0.0060713 0.00835988 0.116155
0 0.0229154 0.178439 0.0135127 0.0107495 0.116038
0 0.538842 0.152109 0.0138133 0.00893687 0.115983
0 0.0546757 0.960435 0.0173683 0.0129539 0.113007
0 0.697511 0.525311 0.0123655 0.010165 0.111315
0 0.35634 0.292839 0.014915 0.00988939 0.108344
0 0.547191 0.997833 0.0122867 0.0043335 0.107485
0 0.667579 0.394283 0.0127633 0.00984906 0.880076
0 0.517356 0.410584 0.0146372 0.0121703 0.869808
0 0.469154 0.0471396 0.0107534 0.00883005 0.86549
0 0.243201 0.370894 0.0126096 0.0108019 0.860005
0 0.83784 0.152341 0.0125942 0.00933659 0.859153
0 0.69935 0.633114 0.0155148 0.0105122 0.849322
0 0.376239 0.146706 0.0104452 0.00710338 0.848647
0 0.943535 0.736782 0.00930633 0.0084831 0.846667
0 0.264009 0.33358 0.0102686 0.00889076 0.84485
0 0.636324 0.67319 0.0139053 0.0121821 0.843551
0 0.409515 0.365261 0.013438 0.00845643 0.843135
0 0.912575 0.531958 0.0107968 0.0105086 0.839533
0 0.363833 0.536344 0.0160934 0.0105858 0.833074
0 0.559459 0.742977 0.0129223 0.010962 0.825107
0 0.621261 0.595958 0.0140727 0.0118323 0.820054
0 0.21881 0.668643 0.0131484 0.0104823 0.819091
0 0.764173 0.404156 0.0124531 0.0115901 0.812311
0 0.206165 0.265916 0.0112229 0.00881437 0.807325
0 0.245406 0.976166 0.0166883 0.0118114 0.806621
0 0.696954 0.416211 0.00973487 0.00862866 0.802961
0 0.622058 0.405033 0.0170342 0.0118966 0.798297
0 0.571406 0.549717 0.0155259 0.0102807 0.796971
0 0.579776 0.656242 0.014806 0.0126902 0.794513
0 0.739163 0.157984 0.0122028 0.010579 0.792701
0 0.755951 0.69645 0.0127936 0.0118963 0.786452
0 0.579739 0.256602 0.0139914 0.00912582 0.782438
0 0.448346 0.640999 0.0145034 0.00884447 0.778197
0 0.42399 0.196983 0.0133237 0.0093519 0.777818
0 0.542442 0.858999 0.0149712 0.0115441 0.773814
0 0.693099 0.866687 0.0125072 0.0107967 0.773668
0 0.0307381 0.618156 0.0150313 0.0108287 0.766929
0 0.325763 0.0457611 0.0111419 0.00872777 0.766492
0 0.528986 0.363895 0.0142623 0.0109384 0.765743
0 0.700816 0.234683 0.0136559 0.00863858 0.761335
0 0.351051 0.0765388 0.0116328 0.00780714 0.76081
0 0.797168 0.426405 0.0116313 0.00947749 0.757304
0 0.611774 0.633548 0.0148001 0.0113027 0.74786
0 0.922881 0.373005 0.0121121 0.0109164 0.7427
0 0.343472 0.248739 0.0141883 0.0088669 0.737455
0 0.26577 0.206841 0.0127857 0.0101613 0.73665
0 0.615058 0.659106 0.0132336 0.0107193 0.736202
0 0.429813 0.301996 0.0125453 0.00924649 0.725923
0 0.74879 0.703686 0.0132565 0.0117525 0.714208
0 0.175824 0.673892 0.013485 0.0116904 0.713457
0 0.0768332 0.374619 0.0128573 0.0112788 0.705264
0 0.356505 0.471539 0.0152551 0.0122073 0.703978
0 0.13103 0.208866 0.0120912 0.0107064 0.703101
0 0.683527 0.520772 0.0133407 0.00990846 0.687269
0 0.842515 0.214996 0.0117486 0.00861398 0.68373
0 0.490192 0.520329 0.0135125 0.0118093 0.679386
0 0.323298 0.579019 0.0124598 0.0122818 0.666951
0 0.731602 0.503075 0.0144803 0.00939212 0.660449
0 0.716735 0.631667 0.015728 0.0102112 0.65799
0 0.790636 0.408478 0.0114313 0.00910771 0.650957
0 0.585624 0.23597 0.0153932 0.0089078 0.648613
0 0.342698 0.363086 0.0144792 0.0112003 0.6481
0 0.601455 0.715879 0.0164564 0.0111439 0.638601
0 0.161272 0.206634 0.0137807 0.0117144 0.622983
0 0.578026 0.270547 0.00986695 0.00915552 0.619251
0 0.305456 0.756947 0.0135268 0.0132823 0.617863
0 0.834616 0.393312 0.0148098 0.00929463 0.608451
0 0.698862 0.43627 0.0117242 0.0102799 0.58274
0 0.429105 0.391473 0.013335 0.0101353 0.582011
0 0.702318 0.459481 0.0122744 0.00984816 0.580478
0 0.420383 0.213685 0.0134676 0.0111348 0.577847
0 0.384339 0.570402 0.0146954 0.0112392 0.57023
0 0.862728 0.121327 0.0134955 0.0103958 0.565015
0 0.95365 0.520101 0.0145355 0.0112713 0.564777
0 0.0131593 0.986279 0.0149796 0.0143774 0.562339
0 0.517775 0.379562 0.0142344 0.0120755 0.558263
0 0.354009 0.406972 0.0159363 0.0101215 0.552821
0 0.175139 0.707665 0.0165679 0.0113275 0.547637
0 0.494774 0.210414 0.013615 0.00902224 0.5252
0 0.158954 0.718191 0.016349 0.010555 0.52061
0 0.709858 0.258851 0.0124449 0.00931949 0.497893
0 0.224542 0.21637 0.0141083 0.0101865 0.495841
0 0.433412 0.0919998 0.0120058 0.00808904 0.493176
0 0.549518 0.55225 0.0121034 0.00919312 0.487196
0 0.3886 0.323864 0.0141024 0.00849339 0.482466
0 0.22082 0.0840585 0.0144409 0.00859356 0.458254
0 0.38184 0.517425 0.0132618 0.0107571 0.449023
0 0.733511 0.39801 0.0150527 0.00894913 0.435188
0 0.889807 0.309617 0.0127834 0.00922291 0.42629
0 0.469065 0.179604 0.0133223 0.00961149 0.419687
0 0.471398 0.37775 0.0112694 0.00913605 0.410165
0 0.460789 0.814194 0.0128195 0.0126758 0.397426
0 0.652476 0.394487 0.0133918 0.0104932 0.397082
0 0.630925 0.98063 0.0117975 0.00944386 0.393838
0 0.594078 0.367549 0.0113813 0.0106382 0.385466
0 0.181342 0.0362394 0.0145048 0.00949657 0.338033
0 0.0750237 0.848777 0.0133791 0.0105955 0.333524
0 0.130862 0.337016 0.0141049 0.00852052 0.322573
0 0.155054 0.607747 0.0150283 0.0111201 0.302532
0 0.0251469 0.675614 0.0122584 0.0115824 0.295323
0 0.326372 0.139986 0.0133433 0.00791871 0.293708
0 0.408178 0.831126 0.0148593 0.0132472 0.291681
0 0.173759 0.317788 0.0135729 0.0107445 0.290151
0 0.557271 0.240471 0.0131669 0.00829079 0.287067
0 0.73957 0.437813 0.0109528 0.00817562 0.280864
0 0.137343 0.732878 0.0127021 0.00994207 0.278611
0 0.141632 0.20054 0.0152863 0.00965734 0.275869
0 0.183421 0.608376 0.0127989 0.0118413 0.270468
0 0.603471 0.638329 0.00896543 0.0061353 0.265621
0 0.547699 0.692519 0.0153127 0.0105776 0.258462
0 0.679429 0.415577 0.0146455 0.0124427 0.256145
0 0.705494 0.424049 0.0130434 0.00887577 0.254631
0 0.610917 0.280288 0.00806778 0.00843799 0.244543
0 0.729624 0.459302 0.0129145 0.00751738 0.238974
0 0.61605 0.280306 0.00869553 0.00791983 0.235921
0 0.365056 0.551141 0.0145748 0.0125486 0.224896
0 0.856098 0.37903 0.0157585 0.0101492 0.221937
0 0.785593 0.606245 0.0166062 0.0101909 0.221736
0 0.0257911 0.330425 0.0133437 0.0110989 0.216334
0 0.192632 0.603016 0.0154509 0.0107289 0.215763
0 0.650429 0.692265 0.0132691 0.0105946 0.202609
0 0.996396 0.140723 0.00720901 0.0103114 0.198803
0 0.0669338 0.184259 0.0129711 0.00943269 0.19747
0 0.391928 0.541907 0.0129069 0.0115731 0.191871
0 0.714648 0.137668 0.0150457 0.00983132 0.187504
0 0.194809 0.306449 0.0152541 0.00874489 0.183657
0 0.0684874 0.829126 0.0137124 0.00986299 0.17685
0 0.440616 0.213237 0.0118388 0.0100208 0.173471
0 0.00540233 0.757436 0.010795 0.0118056 0.161962
0 0.351382 0.330054 0.013979 0.00868561 0.157468
0 0.725044 0.868856 0.0135623 0.0132383 0.157224
0 0.606497 0.146623 0.0143816 0.0117178 0.156316
0 0.595918 0.12369 0.0123196 0.011626 0.143986
0 0.750774 0.294013 0.0117623 0.00764662 0.140826
0 0.576673 0.687777 0.0138426 0.0105663 0.139952
0 0.752068 0.285143 0.0130314 0.00736679 0.139098
0 0.616623 0.688411 0.015458 0.0106127 0.138294
0 0.651512 0.808888 0.00873602 0.00750866 0.134043
0 0.176829 0.602334 0.0144203 0.011403 0.133311
0 0.00365106 0.263855 0.00730212 0.00856239 0.130114
0 0.431581 0.417718 0.0151185 0.01229 0.128896
0 0.702291 0.279543 0.0142268 0.00954676 0.123101
0 0.504779 0.53694 0.015268 0.0096226 0.122138
0 0.197184 0.128141 0.00929119 0.00733784 0.11937
0 0.996957 0.479881 0.0060713 0.00835988 0.116155
0 0.0229154 0.178439 0.0135127 0.0107495 0.116038
0 0.538842 0.152109 0.0138133 0.00893687 0.115983
0 0.0546757 0.960435 0.0173683 0.0129539 0.113007
0 0.697511 0.525311 0.0123655 0.010165 0.111315
0 0.35634 0.292839 0.014915 0.00988939 0.108344
0 0.547191 0.997833 0.0122867 0.0043335 0.107485
0 0.667579 0.394283 0.0127633 0.00984906 0.880076
0 0.517356 0.410584 0.0146372 0.0121703 0.869808
0 0.469154 0.0471396 0.0107534 0.00883005 0.86549
0 0.243201 0.370894 0.0126096 0.0108019 0.860005
0 0.83784 0.152341 0.0125942 0.00933659 0.859153
0 0.69935 0.633114 0.0155148 0.0105122 0.849322
0 0.376239 0.146706 0.0104452 0.00710338 0.848647
0 0.943535 0.736782 0.00930633 0.0084831 0.846667
0 0.264009 0.33358 0.0102686 0.00889076 0.84485
0 0.636324 0.67319 0.0139053 0.0121821 0.843551
0 0.409515 0.365261 0.013438 0.00845643 0.843135
0 0.912575 0.531958 0.0107968 0.0105086 0.839533
0 0.363833 0.536344 0.0160934 0.0105858 0.833074
0 0.559459 0.742977 0.0129223 0.010962 0.825107
0 0.621261 0.595958 0.0140727 0.0118323 0.820054
0 0.21881 0.668643 0.0131484 0.0104823 0.819091
0 0.764173 0.404156 0.0124531 0.0115901 0.812311
0 0.206165 0.265916 0.0112229 0.00881437 0.807325
0 0.245406 0.976166 0.0166883 0.0118114 0.806621
0 0.696954 0.416211 0.00973487 0.00862866 0.802961
0 0.622058 0.405033 0.0170342 0.0118966 0.798297
0 0.571406 0.549717 0.0155259 0.0102807 0.796971
0 0.579776 0.656242 0.014806 0.0126902 0.794513
0 0.739163 0.157984 0.0122028 0.010579 0.792701
0 0.755951 0.69645 0.0127936 0.0118963 0.786452
0 0.579739 0.256602 0.0139914 0.00912582 0.782438
0 0.448346 0.640999 0.0145034 0.00884447 0.778197
0 0.42399 0.196983 0.0133237 0.0093519 0.777818
0 0.542442 0.858999 0.0149712 0.0115441 0.773814
0 0.693099 0.866687 0.0125072 0.0107967 0.773668
0 0.0307381 0.618156 0.0150313 0.0108287 0.766929
0 0.325763 0.0457611 0.0111419 0.00872777 0.766492
0 0.528986 0.363895 0.0142623 0.0109384 0.765743
0 0.700816 0.234683 0.0136559 0.00863858 0.761335
0 0.351051 0.0765388 0.0116328 0.00780714 0.76081
0 0.797168 0.426405 0.0116313 0.00947749 0.757304
0 0.611774 0.633548 0.0148001 0.0113027 0.74786
0 0.922881 0.373005 0.0121121 0.0109164 0.7427
0 0.343472 0.248739 0.0141883 0.0088669 0.737455
0 0.26577 0.206841 0.0127857 0.0101613 0.73665
0 0.615058 0.659106 0.0132336 0.0107193 0.736202
0 0.429813 0.301996 0.0125453 0.00924649 0.725923
0 0.74879 0.703686 0.0132565 0.0117525 0.714208
0 0.175824 0.673892 0.013485 0.0116904 0.713457
0 0.0768332 0.374619 0.0128573 0.0112788 0.705264
0 0.356505 0.471539 0.0152551 0.0122073 0.703978
0 0.13103 0.208866 0.0120912 0.0107064 0.703101
0 0.683527 0.520772 0.0133407 0.00990846 0.687269
0 0.842515 0.214996 0.0117486 0.00861398 0.68373
0 0.490192 0.520329 0.0135125 0.0118093 0.679386
0 0.323298 0.579019 0.0124598 0.0122818 0.666951
0 0.731602 0.503075 0.0144803 0.00939212 0.660449
0 0.716735 0.631667 0.015728 0.0102112 0.65799
0 0.790636 0.408478 0.0114313 0.00910771 0.650957
0 0.585624 0.23597 0.0153932 0.0089078 0.648613
0 0.342698 0.363086 0.0144792 0.0112003 0.6481
0 0.601455 0.715879 0.0164564 0.0111439 0.638601
0 0.161272 0.206634 0.0137807 0.0117144 0.622983
0 0.578026 0.270547 0.00986695 0.00915552 0.619251
0 0.305456 0.756947 0.0135268 0.0132823 0.617863
0 0.834616 0.393312 0.0148098 0.00929463 0.608451
0 0.698862 0.43627 0.0117242 0.0102799 0.58274
0 0.429105 0.391473 0.013335 0.0101353 0.582011
0 0.702318 0.459481 0.0122744 0.00984816 0.580478
0 0.420383 0.213685 0.0134676 0.0111348 0.577847
0 0.384339 0.570402 0.0146954 0.0112392 0.57023
0 0.862728 0.121327 0.0134955 0.0103958 0.565015
0 0.95365 0.520101 0.0145355 0.0112713 0.564777
0 0.0131593 0.986279 0.0149796 0.0143774 0.562339
0 0.517775 0.379562 0.0142344 0.0120755 0.558263
0 0.354009 0.406972 0.0159363 0.0101215 0.552821
0 0.175139 0.707665 0.0165679 0.0113275 0.547637
0 0.494774 0.210414 0.013615 0.00902224 0.5252
0 0.158954 0.718191 0.016349 0.010555 0.52061
0 0.709858 0.258851 0.0124449 0.00931949 0.497893
0 0.224542 0.21637 0.0141083 0.0101865 0.495841
0 0.433412 0.0919998 0.0120058 0.00808904 0.493176
0 0.549518 0.55225 0.0121034 0.00919312 0.487196
0 0.3886 0.323864 0.0141024 0.00849339 0.482466
0 0.22082 0.0840585 0.0144409 0.00859356 0.458254
0 0.38184 0.517425 0.0132618 0.0107571 0.449023
0 0.733511 0.39801 0.0150527 0.00894913 0.435188
0 0.889807 0.309617 0.0127834 0.00922291 0.42629
0 0.469065 0.179604 0.0133223 0.00961149 0.419687
0 0.471398 0.37775 0.0112694 0.00913605 0.410165
0 0.460789 0.814194 0.0128195 0.0126758 0.397426
0 0.652476 0.394487 0.0133918 0.0104932 0.397082
0 0.630925 0.98063 0.0117975 0.00944386 0.393838
0 0.594078 0.367549 0.0113813 0.0106382 0.385466
0 0.181342 0.0362394 0.0145048 0.00949657 0.338033
0 0.0750237 0.848777 0.0133791 0.0105955 0.333524
0 0.130862 0.337016 0.0141049 0.00852052 0.322573
0 0.155054 0.607747 0.0150283 0.0111201 0.302532
0 0.0251469 0.675614 0.0122584 0.0115824 0.295323
0 0.326372 0.139986 0.0133433 0.00791871 0.293708
0 0.408178 0.831126 0.0148593 0.0132472 0.291681
0 0.173759 0.317788 0.0135729 0.0107445 0.290151
0 0.557271 0.240471 0.0131669 0.00829079 0.287067
0 0.73957 0.437813 0.0109528 0.00817562 0.280864
0 0.137343 0.732878 0.0127021 0.00994207 0.278611
0 0.141632 0.20054 0.0152863 0.00965734 0.275869
0 0.183421 0.608376 0.0127989 0.0118413 0.270468
0 0.603471 0.638329 0.00896543 0.0061353 0.265621
0 0.547699 0.692519 0.0153127 0.0105776 0.258462
0 0.679429 0.415577 0.0146455 0.0124427 0.256145
0 0.705494 0.424049 0.0130434 0.00887577 0.254631
0 0.610917 0.280288 0.00806778 0.00843799 0.244543
0 0.729624 0.459302 0.0129145 0.00751738 0.238974
0 0.61605 0.280306 0.00869553 0.00791983 0.235921
0 0.365056 0.551141 0.0145748 0.0125486 0.224896
0 0.856098 0.37903 0.0157585 0.0101492 0.221937
0 0.785593 0.606245 0.0166062 0.0101909 0.221736
0 0.0257911 0.330425 0.0133437 0.0110989 0.216334
0 0.192632 0.603016 0.0154509 0.0107289 0.215763
0 0.650429 0.692265 0.0132691 0.0105946 0.202609
0 0.996396 0.140723 0.00720901 0.0103114 0.198803
0 0.0669338 0.184259 0.0129711 0.00943269 0.19747
0 0.391928 0.541907 0.0129069 0.0115731 0.191871
0 0.714648 0.137668 0.0150457 0.00983132 0.187504
0 0.194809 0.306449 0.0152541 0.00874489 0.183657
0 0.0684874 0.829126 0.0137124 0.00986299 0.17685
0 0.440616 0.213237 0.0118388 0.0100208 0.173471
0 0.00540233 0.757436 0.010795 0.0118056 0.161962
0 0.351382 0.330054 0.013979 0.00868561 0.157468
0 0.725044 0.868856 0.0135623 0.0132383 0.157224
0 0.606497 0.146623 0.0143816 0.0117178 0.156316
0 0.595918 0.12369 0.0123196 0.011626 0.143986
0 0.750774 0.294013 0.0117623 0.00764662 0.140826
0 0.576673 0.687777 0.0138426 0.0105663 0.139952
0 0.752068 0.285143 0.0130314 0.00736679 0.139098
0 0.616623 0.688411 0.015458 0.0106127 0.138294
0 0.651512 0.808888 0.00873602 0.00750866 0.134043
0 0.176829 0.602334 0.0144203 0.011403 0.133311
0 0.00365106 0.263855 0.00730212 0.00856239 0.130114
0 0.431581 0.417718 0.0151185 0.01229 0.128896
0 0.702291 0.279543 0.0142268 0.00954676 0.123101
0 0.504779 0.53694 0.015268 0.0096226 0.122138
0 0.197184 0.128141 0.00929119 0.00733784 0.11937
0 0.996957 0.479881 0.0060713 0.00835988 0.116155
0 0.0229154 0.178439 0.0135127 0.0107495 0.116038
0 0.538842 0.152109 0.0138133 0.00893687 0.115983
0 0.0546757 0.960435 0.0173683 0.0129539 0.113007
0 0.697511 0.525311 0.0123655 0.010165 0.111315
0 0.35634 0.292839 0.014915 0.00988939 0.108344
0 0.547191 0.997833 0.0122867 0.0043335 0.107485
0 0.667579 0.394283 0.0127633 0.00984906 0.880076
0 0.517356 0.410584 0.0146372 0.0121703 0.869808
0 0.469154 0.0471396 0.0107534 0.00883005 0.86549
0 0.243201 0.370894 0.0126096 0.0108019 0.860005
0 0.83784 0.152341 0.0125942 0.00933659 0.859153
0 0.69935 0.633114 0.0155148 0.0105122 0.849322
0 0.376239 0.146706 0.0104452 0.00710338 0.848647
0 0.943535 0.736782 0.00930633 0.0084831 0.846667
0 0.264009 0.33358 0.0102686 0.00889076 0.84485
0 0.636324 0.67319 0.0139053 0.0121821 0.843551
0 0.409515 0.365261 0.013438 0.00845643 0.843135
0 0.912575 0.531958 0.0107968 0.0105086 0.839533
0 0.363833 0.536344 0.0160934 0.0105858 0.833074
0 0.559459 0.742977 0.0129223 0.010962 0.825107
0 0.621261 0.595958 0.0140727 0.0118323 0.820054
0 0.21881 0.668643 0.0131484 0.0104823 0.819091
0 0.764173 0.404156 0.0124531 0.0115901 0.812311
0 0.206165 0.265916 0.0112229 0.00881437 0.807325
0 0.245406 0.976166 0.0166883 0.0118114 0.806621
0 0.696954 0.416211 0.00973487 0.00862866 0.802961
0 0.622058 0.405033 0.0170342 0.0118966 0.798297
0 0.571406 0.549717 0.0155259 0.0102807 0.796971
0 0.579776 0.656242 0.014806 0.0126902 0.794513
0 0.739163 0.157984 0.0122028 0.010579 0.792701
0 0.755951 0.69645 0.0127936 0.0118963 0.786452
0 0.579739 0.256602 0.0139914 0.00912582 0.782438
0 0.448346 0.640999 0.0145034 0.00884447 0.778197
0 0.42399 0.196983 0.0133237 0.0093519 0.777818
0 0.542442 0.858999 0.0149712 0.0115441 0.773814
0 0.693099 0.866687 0.0125072 0.0107967 0.773668
0 0.0307381 0.618156 0.0150313 0.0108287 0.766929
0 0.325763 0.0457611 0.0111419 0.00872777 0.766492
0 0.528986 0.363895 0.0142623 0.0109384 0.765743
0 0.700816 0.234683 0.0136559 0.00863858 0.761335
0 0.351051 0.0765388 0.0116328 0.00780714 0.76081
0 0.797168 0.426405 0.0116313 0.00947749 0.757304
0 0.611774 0.633548 0.0148001 0.0113027 0.74786
0 0.922881 0.373005 0.0121121 0.0109164 0.7427
0 0.343472 0.248739 0.0141883 0.0088669 0.737455
0 0.26577 0.206841 0.0127857 0.0101613 0.73665
0 0.615058 0.659106 0.0132336 0.0107193 0.736202
0 0.429813 0.301996 0.0125453 0.00924649 0.725923
0 0.74879 0.703686 0.0132565 0.0117525 0.714208
0 0.175824 0.673892 0.013485 0.0116904 0.713457
0 0.0768332 0.374619 0.0128573 0.0112788 0.705264
0 0.356505 0.471539 0.0152551 0.0122073 0.703978
0 0.13103 0.208866 0.0120912 0.0107064 0.703101
0 0.683527 0.520772 0.0133407 0.00990846 0.687269
0 0.842515 0.214996 0.0117486 0.00861398 0.68373
0 0.490192 0.520329 0.0135125 0.0118093 0.679386
0 0.323298 0.579019 0.0124598 0.0122818 0.666951
0 0.731602 0.503075 0.0144803 0.00939212 0.660449
0 0.716735 0.631667 0.015728 0.0102112 0.65799
0 0.790636 0.408478 0.0114313 0.00910771 0.650957
0 0.585624 0.23597 0.0153932 0.0089078 0.648613
0 0.342698 0.363086 0.0144792 0.0112003 0.6481
0 0.601455 0.715879 0.0164564 0.0111439 0.638601
0 0.161272 0.206634 0.0137807 0.0117144 0.622983
0 0.578026 0.270547 0.00986695 0.00915552 0.619251
0 0.305456 0.756947 0.0135268 0.0132823 0.617863
0 0.834616 0.393312 0.0148098 0.00929463 0.608451
0 0.698862 0.43627 0.0117242 0.0102799 0.58274
0 0.429105 0.391473 0.013335 0.0101353 0.582011
0 0.702318 0.459481 0.0122744 0.00984816 0.580478
0 0.420383 0.213685 0.0134676 0.0111348 0.577847
0 0.384339 0.570402 0.0146954 0.0112392 0.57023
0 0.862728 0.121327 0.0134955 0.0103958 0.565015
0 0.95365 0.520101 0.0145355 0.0112713 0.564777
0 0.0131593 0.986279 0.0149796 0.0143774 0.562339
0 0.517775 0.379562 0.0142344 0.0120755 0.558263
0 0.354009 0.406972 0.0159363 0.0101215 0.552821
0 0.175139 0.707665 0.0165679 0.0113275 0.547637
0 0.494774 0.210414 0.013615 0.00902224 0.5252
0 0.158954 0.718191 0.016349 0.010555 0.52061
0 0.709858 0.258851 0.0124449 0.00931949 0.497893
0 0.224542 0.21637 0.0141083 0.0101865 0.495841
0 0.433412 0.0919998 0.0120058 0.00808904 0.493176
0 0.549518 0.55225 0.0121034 0.00919312 0.487196
0 0.3886 0.323864 0.0141024 0.00849339 0.482466
0 0.22082 0.0840585 0.0144409 0.00859356 0.458254
0 0.38184 0.517425 0.0132618 0.0107571 0.449023
0 0.733511 0.39801 0.0150527 0.00894913 0.435188
0 0.889807 0.309617 0.0127834 0.00922291 0.42629
0 0.469065 0.179604 0.0133223 0.00961149 0.419687
0 0.471398 0.37775 0.0112694 0.00913605 0.410165
0 0.460789 0.814194 0.0128195 0.0126758 0.397426
0 0.652476 0.394487 0.0133918 0.0104932 0.397082
0 0.630925 0.98063 0.0117975 0.00944386 0.393838
0 0.594078 0.367549 0.0113813 0.0106382 0.385466
0 0.181342 0.0362394 0.0145048 0.00949657 0.338033
0 0.0750237 0.848777 0.0133791 0.0105955 0.333524
0 0.130862 0.337016 0.0141049 0.00852052 0.322573
0 0.155054 0.607747 0.0150283 0.0111201 0.302532
0 0.0251469 0.675614 0.0122584 0.0115824 0.295323
0 0.326372 0.139986 0.0133433 0.00791871 0.293708
0 0.408178 0.831126 0.0148593 0.0132472 0.291681
0 0.173759 0.317788 0.0135729 0.0107445 0.290151
0 0.557271 0.240471 0.0131669 0.00829079 0.287067
0 0.73957 0.437813 0.0109528 0.00817562 0.280864
0 0.137343 0.732878 0.0127021 0.00994207 0.278611
0 0.141632 0.20054 0.0152863 0.00965734 0.275869
0 0.183421 0.608376 0.0127989 0.0118413 0.270468
0 0.603471 0.638329 0.00896543 0.0061353 0.265621
0 0.547699 0.692519 0.0153127 0.0105776 0.258462
0 0.679429 0.415577 0.0146455 0.0124427 0.256145
0 0.705494 0.424049 0.0130434 0.00887577 0.254631
0 0.610917 0.280288 0.00806778 0.00843799 0.244543
0 0.729624 0.459302 0.0129145 0.00751738 0.238974
0 0.61605 0.280306 0.00869553 0.00791983 0.235921
0 0.365056 0.551141 0.0145748 0.0125486 0.224896
0 0.856098 0.37903 0.0157585 0.0101492 0.221937
0 0.785593 0.606245 0.0166062 0.0101909 0.221736
0 0.0257911 0.330425 0.0133437 0.0110989 0.216334
0 0.192632 0.603016 0.0154509 0.0107289 0.215763
0 0.650429 0.692265 0.0132691 0.0105946 0.202609
0 0.996396 0.140723 0.00720901 0.0103114 0.198803
0 0.0669338 0.184259 0.0129711 0.00943269 0.19747
0 0.391928 0.541907 0.0129069 0.0115731 0.191871
0 0.714648 0.137668 0.0150457 0.00983132 0.187504
0 0.194809 0.306449 0.0152541 0.00874489 0.183657
0 0.0684874 0.829126 0.0137124 0.00986299 0.17685
0 0.440616 0.213237 0.0118388 0.0100208 0.173471
0 0.00540233 0.757436 0.010795 0.0118056 0.161962
0 0.351382 0.330054 0.013979 0.00868561 0.157468
0 0.725044 0.868856 0.0135623 0.0132383 0.157224
0 0.606497 0.146623 0.0143816 0.0117178 0.156316
0 0.595918 0.12369 0.0123196 0.011626 0.143986
0 0.750774 0.294013 0.0117623 0.00764662 0.140826
0 0.576673 0.687777 0.0138426 0.0105663 0.139952
0 0.752068 0.285143 0.0130314 0.00736679 0.139098
0 0.616623 0.688411 0.015458 0.0106127 0.138294
0 0.651512 0.808888 0.00873602 0.00750866 0.134043
0 0.176829 0.602334 0.0144203 0.011403 0.133311
0 0.00365106 0.263855 0.00730212 0.00856239 0.130114
0 0.431581 0.417718 0.0151185 0.01229 0.128896
0 0.702291 0.279543 0.0142268 0.00954676 0.123101
0 0.504779 0.53694 0.015268 0.0096226 0.122138
0 0.197184 0.128141 0.00929119 0.00733784 0.11937
0 0.996957 0.479881 0.0060713 0.00835988 0.116155
0 0.0229154 0.178439 0.0135127 0.0107495 0.116038
0 0.538842 0.152109 0.0138133 0.00893687 0.115983
0 0.0546757 0.960435 0.0173683 0.0129539 0.113007
0 0.697511 0.525311 0.0123655 0.010165 0.111315
0 0.35634 0.292839 0.014915 0.00988939 0.108344
0 0.547191 0.997833 0.0122867 0.0043335 0.107485
0 0.667579 0.394283 0.0127633 0.00984906 0.880076
0 0.517356 0.410584 0.0146372 0.0121703 0.869808
0 0.469154 0.0471396 0.0107534 0.00883005 0.86549
0 0.243201 0.370894 0.0126096 0.0108019 0.860005
0 0.83784 0.152341 0.0125942 0.00933659 0.859153
0 0.69935 0.633114 0.0155148 0.0105122 0.849322
0 0.376239 0.146706 0.0104452 0.00710338 0.848647
0 0.943535 0.736782 0.00930633 0.0084831 0.846667
0 0.264009 0.33358 0.0102686 0.00889076 0.84485
0 0.636324 0.67319 0.0139053 0.0121821 0.843551
0 0.409515 0.365261 0.013438 0.00845643 0.843135
0 0.912575 0.531958 0.0107968 0.0105086 0.839533
0 0.363833 0.536344 0.0160934 0.0105858 0.833074
0 0.559459 0.742977 0.0129223 0.010962 0.825107
0 0.621261 0.595958 0.0140727 0.0118323 0.820054
0 0.21881 0.668643 0.0131484 0.0104823 0.819091
0 0.764173 0.404156 0.0124531 0.0115901 0.812311
0 0.206165 0.265916 0.0112229 0.00881437 0.807325
0 0.245406 0.976166 0.0166883 0.0118114 0.806621
0 0.696954 0.416211 0.00973487 0.00862866 0.802961
0 0.622058 0.405033 0.0170342 0.0118966 0.798297
0 0.571406 0.549717 0.0155259 0.0102807 0.796971
0 0.579776 0.656242 0.014806 0.0126902 0.794513
0 0.739163 0.157984 0.0122028 0.010579 0.792701
0 0.755951 0.69645 0.0127936 0.0118963 0.786452
0 0.579739 0.256602 0.0139914 0.00912582 0.782438
0 0.448346 0.640999 0.0145034 0.00884447 0.778197
0 0.42399 0.196983 0.0133237 0.0093519 0.777818
0 0.542442 0.858999 0.0149712 0.0115441 0.773814
0 0.693099 0.866687 0.0125072 0.0107967 0.773668
0 0.0307381 0.618156 0.0150313 0.0108287 0.766929
0 0.325763 0.0457611 0.0111419 0.00872777 0.766492
0 0.528986 0.363895 0.0142623 0.0109384 0.765743
0 0.700816 0.234683 0.0136559 0.00863858 0.761335
0 0.351051 0.0765388 0.0116328 0.00780714 0.76081
0 0.797168 0.426405 0.0116313 0.00947749 0.757304
0 0.611774 0.633548 0.0148001 0.0113027 0.74786
0 0.922881 0.373005 0.0121121 0.0109164 0.7427
0 0.343472 0.248739 0.0141883 0.0088669 0.737455
0 0.26577 0.206841 0.0127857 0.0101613 0.73665
0 0.615058 0.659106 0.0132336 0.0107193 0.736202
0 0.429813 0.301996 0.0125453 0.00924649 0.725923
0 0.74879 0.703686 0.0132565 0.0117525 0.714208
0 0.175824 0.673892 0.013485 0.0116904 0.713457
0 0.0768332 0.374619 0.0128573 0.0112788 0.705264
0 0.356505 0.471539 0.0152551 0.0122073 0.703978
0 0.13103 0.208866 0.0120912 0.0107064 0.703101
0 0.683527 0.520772 0.0133407 0.00990846 0.687269
0 0.842515 0.214996 0.0117486 0.00861398 0.68373
0 0.490192 0.520329 0.0135125 0.0118093 0.679386
0 0.323298 0.579019 0.0124598 0.0122818 0.666951
0 0.731602 0.503075 0.0144803 0.00939212 0.660449
0 0.716735 0.631667 0.015728 0.0102112 0.65799
0 0.790636 0.408478 0.0114313 0.00910771 0.650957
0 0.585624 0.23597 0.0153932 0.0089078 0.648613
0 0.342698 0.363086 0.0144792 0.0112003 0.6481
0 0.601455 0.715879 0.0164564 0.0111439 0.638601
0 0.161272 0.206634 0.0137807 0.0117144 0.622983
0 0.578026 0.270547 0.00986695 0.00915552 0.619251
0 0.305456 0.756947 0.0135268 0.0132823 0.617863
0 0.834616 0.393312 0.0148098 0.00929463 0.608451
0 0.698862 0.43627 0.0117242 0.0102799 0.58274
0 0.429105 0.391473 0.013335 0.0101353 0.582011
0 0.702318 0.459481 0.0122744 0.00984816 0.580478
0 0.420383 0.213685 0.0134676 0.0111348 0.577847
0 0.384339 0.570402 0.0146954 0.0112392 0.57023
0 0.862728 0.121327 0.0134955 0.0103958 0.565015
0 0.95365 0.520101 0.0145355 0.0112713 0.564777
0 0.0131593 0.986279 0.0149796 0.0143774 0.562339
0 0.517775 0.379562 0.0142344 0.0120755 0.558263
0 0.354009 0.406972 0.0159363 0.0101215 0.552821
0 0.175139 0.707665 0.0165679 0.0113275 0.547637
0 0.494774 0.210414 0.013615 0.00902224 0.5252
0 0.158954 0.718191 0.016349 0.010555 0.52061
0 0.709858 0.258851 0.0124449 0.00931949 0.497893
0 0.224542 0.21637 0.0141083 0.0101865 0.495841
0 0.433412 0.0919998 0.0120058 0.00808904 0.493176
0 0.549518 0.55225 0.0121034 0.00919312 0.487196
0 0.3886 0.323864 0.0141024 0.00849339 0.482466
0 0.22082 0.0840585 0.0144409 0.00859356 0.458254
0 0.38184 0.517425 0.0132618 0.0107571 0.449023
0 0.733511 0.39801 0.0150527 0.00894913 0.435188
0 0.889807 0.309617 0.0127834 0.00922291 0.42629
0 0.469065 0.179604 0.0133223 0.00961149 0.419687
0 0.471398 0.37775 0.0112694 0.00913605 0.410165
0 0.460789 0.814194 0.0128195 0.0126758 0.397426
0 0.652476 0.394487 0.0133918 0.0104932 0.397082
0 0.630925 0.98063 0.0117975 0.00944386 0.393838
0 0.594078 0.367549 0.0113813 0.0106382 0.385466
0 0.181342 0.0362394 0.0145048 0.00949657 0.338033
0 0.0750237 0.848777 0.0133791 0.0105955 0.333524
0 0.130862 0.337016 0.0141049 0.00852052 0.322573
0 0.155054 0.607747 0.0150283 0.0111201 0.302532
0 0.0251469 0.675614 0.0122584 0.0115824 0.295323
0 0.326372 0.139986 0.0133433 0.00791871 0.293708
0 0.408178 0.831126 0.0148593 0.0132472 0.291681
0 0.173759 0.317788 0.0135729 0.0107445 0.290151
0 0.557271 0.240471 0.0131669 0.00829079 0.287067
0 0.73957 0.437813 0.0109528 0.00817562 0.280864
0 0.137343 0.732878 0.0127021 0.00994207 0.278611
0 0.141632 0.20054 0.0152863 0.00965734 0.275869
0 0.183421 0.608376 0.0127989 0.0118413 0.270468
0 0.603471 0.638329 0.00896543 0.0061353 0.265621
0 0.547699 0.692519 0.0153127 0.0105776 0.258462
0 0.679429 0.415577 0.0146455 0.0124427 0.256145
0 0.705494 0.424049 0.0130434 0.00887577 0.254631
0 0.610917 0.280288 0.00806778 0.00843799 0.244543
0 0.729624 0.459302 0.0129145 0.00751738 0.238974
0 0.61605 0.280306 0.00869553 0.00791983 0.235921
0 0.365056 0.551141 0.0145748 0.0125486 0.224896
0 0.856098 0.37903 0.0157585 0.0101492 0.221937
0 0.785593 0.606245 0.0166062 0.0101909 0.221736
0 0.0257911 0.330425 0.0133437 0.0110989 0.216334
0 0.192632 0.603016 0.0154509 0.0107289 0.215763
0 0.650429 0.692265 0.0132691 0.0105946 0.202609
0 0.996396 0.140723 0.00720901 0.0103114 0.198803
0 0.0669338 0.184259 0.0129711 0.00943269 0.19747
0 0.391928 0.541907 0.0129069 0.0115731 0.191871
0 0.714648 0.137668 0.0150457 0.00983132 0.187504
0 0.194809 0.306449 0.0152541 0.00874489 0.183657
0 0.0684874 0.829126 0.0137124 0.00986299 0.17685
0 0.440616 0.213237 0.0118388 0.0100208 0.173471
0 0.00540233 0.757436 0.010795 0.0118056 0.161962
0 0.351382 0.330054 0.013979 0.00868561 0.157468
0 0.725044 0.868856 0.0135623 0.0132383 0.157224
0 0.606497 0.146623 0.0143816 0.0117178 0.156316
0 0.595918 0.12369 0.0123196 0.011626 0.143986
0 0.750774 0.294013 0.0117623 0.00764662 0.140826
0 0.576673 0.687777 0.0138426 0.0105663 0.139952
0 0.752068 0.285143 0.0130314 0.00736679 0.139098
0 0.616623 0.688411 0.015458 0.0106127 0.138294
0 0.651512 0.808888 0.00873602 0.00750866 0.134043
0 0.176829 0.602334 0.0144203 0.011403 0.133311
0 0.00365106 0.263855 0.00730212 0.00856239 0.130114
0 0.431581 0.417718 0.0151185 0.01229 0.128896
0 0.702291 0.279543 0.0142268 0.00954676 0.123101
0 0.504779 0.53694 0.015268 0.0096226 0.122138
0 0.197184 0.128141 0.00929119 0.00733784 0.11937
0 0.996957 0.479881 0.0060713 0.00835988 0.116155
0 0.0229154 0.178439 0.0135127 0.0107495 0.116038
0 0.538842 0.152109 0.0138133 0.00893687 0.115983
0 0.0546757 0.960435 0.0173683 0.0129539 0.113007
0 0.697511 0.525311 0.0123655 0.010165 0.111315
0 0.35634 0.292839 0.014915 0.00988939 0.108344
0 0.547191 0.997833 0.0122867 0.0043335 0.107485
0 0.667579 0.394283 0.0127633 0.00984906 0.880076
0 0.517356 0.410584 0.0146372 0.0121703 0.869808
0 0.469154 0.0471396 0.0107534 0.00883005 0.86549
0 0.243201 0.370894 0.0126096 0.0108019 0.860005
0 0.83784 0.152341 0.0125942 0.00933659 0.859153
0 0.69935 0.633114 0.0155148 0.0105122 0.849322
0 0.376239 0.146706 0.0104452 0.00710338 0.848647
0 0.943535 0.736782 0.00930633 0.0084831 0.846667
0 0.264009 0.33358 0.0102686 0.00889076 0.84485
0 0.636324 0.67319 0.0139053 0.0121821 0.843551
0 0.409515 0.365261 0.013438 0.00845643 0.843135
0 0.912575 0.531958 0.0107968 0.0105086 0.839533
0 0.363833 0.536344 0.0160934 0.0105858 0.833074
0 0.559459 0.742977 0.0129223 0.010962 0.825107
0 0.621261 0.595958 0.0140727 0.0118323 0.820054
0 0.21881 0.668643 0.0131484 0.0104823 0.819091
0 0.764173 0.404156 0.0124531 0.0115901 0.812311
0 0.206165 0.265916 0.0112229 0.00881437 0.807325
0 0.245406 0.976166 0.0166883 0.0118114 0.806621
0 0.696954 0.416211 0.00973487 0.00862866 0.802961
0 0.622058 0.405033 0.0170342 0.0118966 0.798297
0 0.571406 0.549717 0.0155259 0.0102807 0.796971
0 0.579776 0.656242 0.014806 0.0126902 0.794513
0 0.739163 0.157984 0.0122028 0.010579 0.792701
0 0.755951 0.69645 0.0127936 0.0118963 0.786452
0 0.579739 0.256602 0.0139914 0.00912582 0.782438
0 0.448346 0.640999 0.0145034 0.00884447 0.778197
0 0.42399 0.196983 0.0133237 0.0093519 0.777818
0 0.542442 0.858999 0.0149712 0.0115441 0.773814
0 0.693099 0.866687 0.0125072 0.0107967 0.773668
0 0.0307381 0.618156 0.0150313 0.0108287 0.766929
0 0.325763 0.0457611 0.0111419 0.00872777 0.766492
0 0.528986 0.363895 0.0142623 0.0109384 0.765743
0 0.700816 0.234683 0.0136559 0.00863858 0.761335
0 0.351051 0.0765388 0.0116328 0.00780714 0.76081
0 0.797168 0.426405 0.0116313 0.00947749 0.757304
0 0.611774 0.633548 0.0148001 0.0113027 0.74786
0 0.922881 0.373005 0.0121121 0.0109164 0.7427
0 0.343472 0.248739 0.0141883 0.0088669 0.737455
0 0.26577 0.206841 0.0127857 0.0101613 0.73665
0 0.615058 0.659106 0.0132336 0.0107193 0.736202
0 0.429813 0.301996 0.0125453 0.00924649 0.725923
0 0.74879 0.703686 0.0132565 0.0117525 0.714208
0 0.175824 0.673892 0.013485 0.0116904 0.713457
0 0.0768332 0.374619 0.0128573 0.0112788 0.705264
0 0.356505 0.471539 0.0152551 0.0122073 0.703978
0 0.13103 0.208866 0.0120912 0.0107064 0.703101
0 0.683527 0.520772 0.0133407 0.00990846 0.687269
0 0.842515 0.214996 0.0117486 0.00861398 0.68373
0 0.490192 0.520329 0.0135125 0.0118093 0.679386
0 0.323298 0.579019 0.0124598 0.0122818 0.666951
0 0.731602 0.503075 0.0144803 0.00939212 0.660449
0 0.716735 0.631667 0.015728 0.0102112 0.65799
0 0.790636 0.408478 0.0114313 0.00910771 0.650957
0 0.585624 0.23597 0.0153932 0.0089078 0.648613
0 0.342698 0.363086 0.0144792 0.0112003 0.6481
0 0.601455 0.715879 0.0164564 0.0111439 0.638601
0 0.161272 0.206634 0.0137807 0.0117144 0.622983
0 0.578026 0.270547 0.00986695 0.00915552 0.619251
0 0.305456 0.756947 0.0135268 0.0132823 0.617863
0 0.834616 0.393312 0.0148098 0.00929463 0.608451
0 0.698862 0.43627 0.0117242 0.0102799 0.58274
0 0.429105 0.391473 0.013335 0.0101353 0.582011
0 0.702318 0.459481 0.0122744 0.00984816 0.580478
0 0.420383 0.213685 0.0134676 0.0111348 0.577847
0 0.384339 0.570402 0.0146954 0.0112392 0.57023
0 0.862728 0.121327 0.0134955 0.0103958 0.565015
0 0.95365 0.520101 0.0145355 0.0112713 0.564777
0 0.0131593 0.986279 0.0149796 0.0143774 0.562339
0 0.517775 0.379562 0.0142344 0.0120755 0.558263
0 0.354009 0.406972 0.0159363 0.0101215 0.552821
0 0.175139 0.707665 0.0165679 0.0113275 0.547637
0 0.494774 0.210414 0.013615 0.00902224 0.5252
0 0.158954 0.718191 0.016349 0.010555 0.52061
0 0.709858 0.258851 0.0124449 0.00931949 0.497893
0 0.224542 0.21637 0.0141083 0.0101865 0.495841
0 0.433412 0.0919998 0.0120058 0.00808904 0.493176
0 0.549518 0.55225 0.0121034 0.00919312 0.487196
0 0.3886 0.323864 0.0141024 0.00849339 0.482466
0 0.22082 0.0840585 0.0144409 0.00859356 0.458254
0 0.38184 0.517425 0.0132618 0.0107571 0.449023
0 0.733511 0.39801 0.0150527 0.00894913 0.435188
0 0.889807 0.309617 0.0127834 0.00922291 0.42629
0 0.469065 0.179604 0.0133223 0.00961149 0.419687
0 0.471398 0.37775 0.0112694 0.00913605 0.410165
0 0.460789 0.814194 0.0128195 0.0126758 0.397426
0 0.652476 0.394487 0.0133918 0.0104932 0.397082
0 0.630925 0.98063 0.0117975 0.00944386 0.393838
0 0.594078 0.367549 0.0113813 0.0106382 0.385466
0 0.181342 0.0362394 0.0145048 0.00949657 0.338033
0 0.0750237 0.848777 0.0133791 0.0105955 0.333524
0 0.130862 0.337016 0.0141049 0.00852052 0.322573
0 0.155054 0.607747 0.0150283 0.0111201 0.302532
0 0.0251469 0.675614 0.0122584 0.0115824 0.295323
0 0.326372 0.139986 0.0133433 0.00791871 0.293708
0 0.408178 0.831126 0.0148593 0.0132472 0.291681
0 0.173759 0.317788 0.0135729 0.0107445 0.290151
0 0.557271 0.240471 0.0131669 0.00829079 0.287067
0 0.73957 0.437813 0.0109528 0.00817562 0.280864
0 0.137343 0.732878 0.0127021 0.00994207 0.278611
0 0.141632 0.20054 0.0152863 0.00965734 0.275869
0 0.183421 0.608376 0.0127989 0.0118413 0.270468
0 0.603471 0.638329 0.00896543 0.0061353 0.265621
0 0.547699 0.692519 0.0153127 0.0105776 0.258462
0 0.679429 0.415577 0.0146455 0.0124427 0.256145
0 0.705494 0.424049 0.0130434 0.00887577 0.254631
0 0.610917 0.280288 0.00806778 0.00843799 0.244543
0 0.729624 0.459302 0.0129145 0.00751738 0.238974
0 0.61605 0.280306 0.00869553 0.00791983 0.235921
0 0.365056 0.551141 0.0145748 0.0125486 0.224896
0 0.856098 0.37903 0.0157585 0.0101492 0.221937
0 0.785593 0.606245 0.0166062 0.0101909 0.221736
0 0.0257911 0.330425 0.0133437 0.0110989 0.216334
0 0.192632 0.603016 0.0154509 0.0107289 0.215763
0 0.650429 0.692265 0.0132691 0.0105946 0.202609
0 0.996396 0.140723 0.00720901 0.0103114 0.198803
0 0.0669338 0.184259 0.0129711 0.00943269 0.19747
0 0.391928 0.541907 0.0129069 0.0115731 0.191871
0 0.714648 0.137668 0.0150457 0.00983132 0.187504
0 0.194809 0.306449 0.0152541 0.00874489 0.183657
0 0.0684874 0.829126 0.0137124 0.00986299 0.17685
0 0.440616 0.213237 0.0118388 0.0100208 0.173471
0 0.00540233 0.757436 0.010795 0.0118056 0.161962
0 0.351382 0.330054 0.013979 0.00868561 0.157468
0 0.725044 0.868856 0.0135623 0.0132383 0.157224
0 0.606497 0.146623 0.0143816 0.0117178 0.156316
0 0.595918 0.12369 0.0123196 0.011626 0.143986
0 0.750774 0.294013 0.0117623 0.00764662 0.140826
0 0.576673 0.687777 0.0138426 0.0105663 0.139952
0 0.752068 0.285143 0.0130314 0.00736679 0.139098
0 0.616623 0.688411 0.015458 0.0106127 0.138294
0 0.651512 0.808888 0.00873602 0.00750866 0.134043
0 0.176829 0.602334 0.0144203 0.011403 0.133311
0 0.00365106 0.263855 0.00730212 0.00856239 0.130114
0 0.431581 0.417718 0.0151185 0.01229 0.128896
0 0.702291 0.279543 0.0142268 0.00954676 0.123101
0 0.504779 0.53694 0.015268 0.0096226 0.122138
0 0.197184 0.128141 0.00929119 0.00733784 0.11937
0 0.996957 0.479881 0.0060713 0.00835988 0.116155
0 0.0229154 0.178439 0.0135127 0.0107495 0.116038
0 0.538842 0.152109 0.0138133 0.00893687 0.115983
0 0.0546757 0.960435 0.0173683 0.0129539 0.113007
0 0.697511 0.525311 0.0123655 0.010165 0.111315
0 0.35634 0.292839 0.014915 0.00988939 0.108344
0 0.547191 0.997833 0.0122867 0.0043335 0.107485
0 0.667579 0.394283 0.0127633 0.00984906 0.880076
0 0.517356 0.410584 0.0146372 0.0121703 0.869808
0 0.469154 0.0471396 0.0107534 0.00883005 0.86549
0 0.243201 0.370894 0.0126096 0.0108019 0.860005
0 0.83784 0.152341 0.0125942 0.00933659 0.859153
0 0.69935 0.633114 0.0155148 0.0105122 0.849322
0 0.376239 0.146706 0.0104452 0.00710338 0.848647
0 0.943535 0.736782 0.00930633 0.0084831 0.846667
0 0.264009 0.33358 0.0102686 0.00889076 0.84485
0 0.636324 0.67319 0.0139053 0.0121821 0.843551
0 0.409515 0.365261 0.013438 0.00845643 0.843135
0 0.912575 0.531958 0.0107968 0.0105086 0.839533
0 0.363833 0.536344 0.0160934 0.0105858 0.833074
0 0.559459 0.742977 0.0129223 0.010962 0.825107
0 0.621261 0.595958 0.0140727 0.0118323 0.820054
0 0.21881 0.668643 0.0131484 0.0104823 0.819091
0 0.764173 0.404156 0.0124531 0.0115901 0.812311
0 0.206165 0.265916 0.0112229 0.00881437 0.807325
0 0.245406 0.976166 0.0166883 0.0118114 0.806621
0 0.696954 0.416211 0.00973487 0.00862866 0.802961
0 0.622058 0.405033 0.0170342 0.0118966 0.798297
0 0.571406 0.549717 0.0155259 0.0102807 0.796971
0 0.579776 0.656242 0.014806 0.0126902 0.794513
0 0.739163 0.157984 0.0122028 0.010579 0.792701
0 0.755951 0.69645 0.0127936 0.0118963 0.786452
0 0.579739 0.256602 0.0139914 0.00912582 0.782438
0 0.448346 0.640999 0.0145034 0.00884447 0.778197
0 0.42399 0.196983 0.0133237 0.0093519 0.777818
0 0.542442 0.858999 0.0149712 0.0115441 0.773814
0 0.693099 0.866687 0.0125072 0.0107967 0.773668
0 0.0307381 0.618156 0.0150313 0.0108287 0.766929
0 0.325763 0.0457611 0.0111419 0.00872777 0.766492
0 0.528986 0.363895 0.0142623 0.0109384 0.765743
0 0.700816 0.234683 0.0136559 0.00863858 0.761335
0 0.351051 0.0765388 0.0116328 0.00780714 0.76081
0 0.797168 0.426405 0.0116313 0.00947749 0.757304
0 0.611774 0.633548 0.0148001 0.0113027 0.74786
0 0.922881 0.373005 0.0121121 0.0109164 0.7427
0 0.343472 0.248739 0.0141883 0.0088669 0.737455
0 0.26577 0.206841 0.0127857 0.0101613 0.73665
0 0.615058 0.659106 0.0132336 0.0107193 0.736202
0 0.429813 0.301996 0.0125453 0.00924649 0.725923
0 0.74879 0.703686 0.0132565 0.0117525 0.714208
0 0.175824 0.673892 0.013485 0.0116904 0.713457
0 0.0768332 0.374619 0.0128573 0.0112788 0.705264
0 0.356505 0.471539 0.0152551 0.0122073 0.703978
0 0.13103 0.208866 0.0120912 0.0107064 0.703101
0 0.683527 0.520772 0.0133407 0.00990846 0.687269
0 0.842515 0.214996 0.0117486 0.00861398 0.68373
0 0.490192 0.520329 0.0135125 0.0118093 0.679386
0 0.323298 0.579019 0.0124598 0.0122818 0.666951
0 0.731602 0.503075 0.0144803 0.00939212 0.660449
0 0.716735 0.631667 0.015728 0.0102112 0.65799
0 0.790636 0.408478 0.0114313 0.00910771 0.650957
0 0.585624 0.23597 0.0153932 0.0089078 0.648613
0 0.342698 0.363086 0.0144792 0.0112003 0.6481
0 0.601455 0.715879 0.0164564 0.0111439 0.638601
0 0.161272 0.206634 0.0137807 0.0117144 0.622983
0 0.578026 0.270547 0.00986695 0.00915552 0.619251
0 0.305456 0.756947 0.0135268 0.0132823 0.617863
0 0.834616 0.393312 0.0148098 0.00929463 0.608451
0 0.698862 0.43627 0.0117242 0.0102799 0.58274
0 0.429105 0.391473 0.013335 0.0101353 0.582011
0 0.702318 0.459481 0.0122744 0.00984816 0.580478
0 0.420383 0.213685 0.0134676 0.0111348 0.577847
0 0.384339 0.570402 0.0146954 0.0112392 0.57023
0 0.862728 0.121327 0.0134955 0.0103958 0.565015
0 0.95365 0.520101 0.0145355 0.0112713 0.564777
0 0.0131593 0.986279 0.0149796 0.0143774 0.562339
0 0.517775 0.379562 0.0142344 0.0120755 0.558263
0 0.354009 0.406972 0.0159363 0.0101215 0.552821
0 0.175139 0.707665 0.0165679 0.0113275 0.547637
0 0.494774 0.210414 0.013615 0.00902224 0.5252
0 0.158954 0.718191 0.016349 0.010555 0.52061
0 0.709858 0.258851 0.0124449 0.00931949 0.497893
0 0.224542 0.21637 0.0141083 0.0101865 0.495841
0 0.433412 0.0919998 0.0120058 0.00808904 0.493176
0 0.549518 0.55225 0.0121034 0.00919312 0.487196
0 0.3886 0.323864 0.0141024 0.00849339 0.482466
0 0.22082 0.0840585 0.0144409 0.00859356 0.458254
0 0.38184 0.517425 0.0132618 0.0107571 0.449023
0 0.733511 0.39801 0.0150527 0.00894913 0.435188
0 0.889807 0.309617 0.0127834 0.00922291 0.42629
0 0.469065 0.179604 0.0133223 0.00961149 0.419687
0 0.471398 0.37775 0.0112694 0.00913605 0.410165
0 0.460789 0.814194 0.0128195 0.0126758 0.397426
0 0.652476 0.394487 0.0133918 0.0104932 0.397082
0 0.630925 0.98063 0.0117975 0.00944386 0.393838
0 0.594078 0.367549 0.0113813 0.0106382 0.385466
0 0.181342 0.0362394 0.0145048 0.00949657 0.338033
0 0.0750237 0.848777 0.0133791 0.0105955 0.333524
0 0.130862 0.337016 0.0141049 0.00852052 0.322573
0 0.155054 0.607747 0.0150283 0.0111201 0.302532
0 0.0251469 0.675614 0.0122584 0.0115824 0.295323
0 0.326372 0.139986 0.0133433 0.00791871 0.293708
0 0.408178 0.831126 0.0148593 0.0132472 0.291681
0 0.173759 0.317788 0.0135729 0.0107445 0.290151
0 0.557271 0.240471 0.0131669 0.00829079 0.287067
0 0.73957 0.437813 0.0109528 0.00817562 0.280864
0 0.137343 0.732878 0.0127021 0.00994207 0.278611
0 0.141632 0.20054 0.0152863 0.00965734 0.275869
0 0.183421 0.608376 0.0127989 0.0118413 0.270468
0 0.603471 0.638329 0.00896543 0.0061353 0.265621
0 0.547699 0.692519 0.0153127 0.0105776 0.258462
0 0.679429 0.415577 0.0146455 0.0124427 0.256145
0 0.705494 0.424049 0.0130434 0.00887577 0.254631
0 0.610917 0.280288 0.00806778 0.00843799 0.244543
0 0.729624 0.459302 0.0129145 0.00751738 0.238974
0 0.61605 0.280306 0.00869553 0.00791983 0.235921
0 0.365056 0.551141 0.0145748 0.0125486 0.224896
0 0.856098 0.37903 0.0157585 0.0101492 0.221937
0 0.785593 0.606245 0.0166062 0.0101909 0.221736
0 0.0257911 0.330425 0.0133437 0.0110989 0.216334
0 0.192632 0.603016 0.0154509 0.0107289 0.215763
0 0.650429 0.692265 0.0132691 0.0105946 0.202609
0 0.996396 0.140723 0.00720901 0.0103114 0.198803
0 0.0669338 0.184259 0.0129711 0.00943269 0.19747
0 0.391928 0.541907 0.0129069 0.0115731 0.191871
0 0.714648 0.137668 0.0150457 0.00983132 0.187504
0 0.194809 0.306449 0.0152541 0.00874489 0.183657
0 0.0684874 0.829126 0.0137124 0.00986299 0.17685
0 0.440616 0.213237 0.0118388 0.0100208 0.173471
0 0.00540233 0.757436 0.010795 0.0118056 0.161962
0 0.351382 0.330054 0.013979 0.00868561 0.157468
0 0.725044 0.868856 0.0135623 0.0132383 0.157224
0 0.606497 0.146623 0.0143816 0.0117178 0.156316
0 0.595918 0.12369 0.0123196 0.011626 0.143986
0 0.750774 0.294013 0.0117623 0.00764662 0.140826
0 0.576673 0.687777 0.0138426 0.0105663 0.139952
0 0.752068 0.285143 0.0130314 0.00736679 0.139098
0 0.616623 0.688411 0.015458 0.0106127 0.138294
0 0.651512 0.808888 0.00873602 0.00750866 0.134043
0 0.176829 0.602334 0.0144203 0.011403 0.133311
0 0.00365106 0.263855 0.00730212 0.00856239 0.130114
0 0.431581 0.417718 0.0151185 0.01229 0.128896
0 0.702291 0.279543 0.0142268 0.00954676 0.123101
0 0.504779 0.53694 0.015268 0.0096226 0.122138
0 0.197184 0.128141 0.00929119 0.00733784 0.11937
0 0.996957 0.479881 0.0060713 0.00835988 0.116155
0 0.0229154 0.178439 0.0135127 0.0107495 0.116038
0 0.538842 0.152109 0.0138133 0.00893687 0.115983
0 0.0546757 0.960435 0.0173683 0.0129539 0.113007
0 0.697511 0.525311 0.0123655 0.010165 0.111315
0 0.35634 0.292839 0.014915 0.00988939 0.108344
0 0.547191 0.997833 0.0122867 0.0043335 0.107485
0 0.667579 0.394283 0.0127633 0.00984906 0.880076
0 0.517356 0.410584 0.0146372 0.0121703 0.869808
0 0.469154 0.0471396 0.0107534 0.00883005 0.86549
0 0.243201 0.370894 0.0126096 0.0108019 0.860005
0 0.83784 0.152341 0.0125942 0.00933659 0.859153
0 0.69935 0.633114 0.0155148 0.0105122 0.849322
0 0.376239 0.146706 0.0104452 0.00710338 0.848647
0 0.943535 0.736782 0.00930633 0.0084831 0.846667
0 0.264009 0.33358 0.0102686 0.00889076 0.84485
0 0.636324 0.67319 0.0139053 0.0121821 0.843551
0 0.409515 0.365261 0.013438 0.00845643 0.843135
0 0.912575 0.531958 0.0107968 0.0105086 0.839533
0 0.363833 0.536344 0.0160934 0.0105858 0.833074
0 0.559459 0.742977 0.0129223 0.010962 0.825107
0 0.621261 0.595958 0.0140727 0.0118323 0.820054
0 0.21881 0.668643 0.0131484 0.0104823 0.819091
0 0.764173 0.404156 0.0124531 0.0115901 0.812311
0 0.206165 0.265916 0.0112229 0.00881437 0.807325
0 0.245406 0.976166 0.0166883 0.0118114 0.806621
0 0.696954 0.416211 0.00973487 0.00862866 0.802961
0 0.622058 0.405033 0.0170342 0.0118966 0.798297
0 0.571406 0.549717 0.0155259 0.0102807 0.796971
0 0.579776 0.656242 0.014806 0.0126902 0.794513
0 0.739163 0.157984 0.0122028 0.010579 0.792701
0 0.755951 0.69645 0.0127936 0.0118963 0.786452
0 0.579739 0.256602 0.0139914 0.00912582 0.782438
0 0.448346 0.640999 0.0145034 0.00884447 0.778197
0 0.42399 0.196983 0.0133237 0.0093519 0.777818
0 0.542442 0.858999 0.0149712 0.0115441 0.773814
0 0.693099 0.866687 0.0125072 0.0107967 0.773668
0 0.0307381 0.618156 0.0150313 0.0108287 0.766929
0 0.325763 0.0457611 0.0111419 0.00872777 0.766492
0 0.528986 0.363895 0.0142623 0.0109384 0.765743
0 0.700816 0.234683 0.0136559 0.00863858 0.761335
0 0.351051 0.0765388 0.0116328 0.00780714 0.76081
0 0.797168 0.426405 0.0116313 0.00947749 0.757304
0 0.611774 0.633548 0.0148001 0.0113027 0.74786
0 0.922881 0.373005 0.0121121 0.0109164 0.7427
0 0.343472 0.248739 0.0141883 0.0088669 0.737455
0 0.26577 0.206841 0.0127857 0.0101613 0.73665
0 0.615058 0.659106 0.0132336 0.0107193 0.736202
0 0.429813 0.301996 0.0125453 0.00924649 0.725923
0 0.74879 0.703686 0.0132565 0.0117525 0.714208
0 0.175824 0.673892 0.013485 0.0116904 0.713457
0 0.0768332 0.374619 0.0128573 0.0112788 0.705264
0 0.356505 0.471539 0.0152551 0.0122073 0.703978
0 0.13103 0.208866 0.0120912 0.0107064 0.703101
0 0.683527 0.520772 0.0133407 0.00990846 0.687269
0 0.842515 0.214996 0.0117486 0.00861398 0.68373
0 0.490192 0.520329 0.0135125 0.0118093 0.679386
0 0.323298 0.579019 0.0124598 0.0122818 0.666951
0 0.731602 0.503075 0.0144803 0.00939212 0.660449
0 0.716735 0.631667 0.015728 0.0102112 0.65799
0 0.790636 0.408478 0.0114313 0.00910771 0.650957
0 0.585624 0.23597 0.0153932 0.0089078 0.648613
0 0.342698 0.363086 0.0144792 0.0112003 0.6481
0 0.601455 0.715879 0.0164564 0.0111439 0.638601
0 0.161272 0.206634 0.0137807 0.0117144 0.622983
0 0.578026 0.270547 0.00986695 0.00915552 0.619251
0 0.305456 0.756947 0.0135268 0.0132823 0.617863
0 0.834616 0.393312 0.0148098 0.00929463 0.608451
0 0.698862 0.43627 0.0117242 0.0102799 0.58274
0 0.429105 0.391473 0.013335 0.0101353 0.582011
0 0.702318 0.459481 0.0122744 0.00984816 0.580478
0 0.420383 0.213685 0.0134676 0.0111348 0.577847
0 0.384339 0.570402 0.0146954 0.0112392 0.57023
0 0.862728 0.121327 0.0134955 0.0103958 0.565015
0 0.95365 0.520101 0.0145355 0.0112713 0.564777
0 0.0131593 0.986279 0.0149796 0.0143774 0.562339
0 0.517775 0.379562 0.0142344 0.0120755 0.558263
0 0.354009 0.406972 0.0159363 0.0101215 0.552821
0 0.175139 0.707665 0.0165679 0.0113275 0.547637
0 0.494774 0.210414 0.013615 0.00902224 0.5252
0 0.158954 0.718191 0.016349 0.010555 0.52061
0 0.709858 0.258851 0.0124449 0.00931949 0.497893
0 0.224542 0.21637 0.0141083 0.0101865 0.495841
0 0.433412 0.0919998 0.0120058 0.00808904 0.493176
0 0.549518 0.55225 0.0121034 0.00919312 0.487196
0 0.3886 0.323864 0.0141024 0.00849339 0.482466
0 0.22082 0.0840585 0.0144409 0.00859356 0.458254
0 0.38184 0.517425 0.0132618 0.0107571 0.449023
0 0.733511 0.39801 0.0150527 0.00894913 0.435188
0 0.889807 0.309617 0.0127834 0.00922291 0.42629
0 0.469065 0.179604 0.0133223 0.00961149 0.419687
0 0.471398 0.37775 0.0112694 0.00913605 0.410165
0 0.460789 0.814194 0.0128195 0.0126758 0.397426
0 0.652476 0.394487 0.0133918 0.0104932 0.397082
0 0.630925 0.98063 0.0117975 0.00944386 0.393838
0 0.594078 0.367549 0.0113813 0.0106382 0.385466
0 0.181342 0.0362394 0.0145048 0.00949657 0.338033
0 0.0750237 0.848777 0.0133791 0.0105955 0.333524
0 0.130862 0.337016 0.0141049 0.00852052 0.322573
0 0.155054 0.607747 0.0150283 0.0111201 0.302532
0 0.0251469 0.675614 0.0122584 0.0115824 0.295323
0 0.326372 0.139986 0.0133433 0.00791871 0.293708
0 0.408178 0.831126 0.0148593 0.0132472 0.291681
0 0.173759 0.317788 0.0135729 0.0107445 0.290151
0 0.557271 0.240471 0.0131669 0.00829079 0.287067
0 0.73957 0.437813 0.0109528 0.00817562 0.280864
0 0.137343 0.732878 0.0127021 0.00994207 0.278611
0 0.141632 0.20054 0.0152863 0.00965734 0.275869
0 0.183421 0.608376 0.0127989 0.0118413 0.270468
0 0.603471 0.638329 0.00896543 0.0061353 0.265621
0 0.547699 0.692519 0.0153127 0.0105776 0.258462
0 0.679429 0.415577 0.0146455 0.0124427 0.256145
0 0.705494 0.424049 0.0130434 0.00887577 0.254631
0 0.610917 0.280288 0.00806778 0.00843799 0.244543
0 0.729624 0.459302 0.0129145 0.00751738 0.238974
0 0.61605 0.280306 0.00869553 0.00791983 0.235921
0 0.365056 0.551141 0.0145748 0.0125486 0.224896
0 0.856098 0.37903 0.0157585 0.0101492 0.221937
0 0.785593 0.606245 0.0166062 0.0101909 0.221736
0 0.0257911 0.330425 0.0133437 0.0110989 0.216334
0 0.192632 0.603016 0.0154509 0.0107289 0.215763
0 0.650429 0.692265 0.0132691 0.0105946 0.202609
0 0.996396 0.140723 0.00720901 0.0103114 0.198803
0 0.0669338 0.184259 0.0129711 0.00943269 0.19747
0 0.391928 0.541907 0.0129069 0.0115731 0.191871
0 0.714648 0.137668 0.0150457 0.00983132 0.187504
0 0.194809 0.306449 0.0152541 0.00874489 0.183657
0 0.0684874 0.829126 0.0137124 0.00986299 0.17685
0 0.440616 0.213237 0.0118388 0.0100208 0.173471
0 0.00540233 0.757436 0.010795 0.0118056 0.161962
0 0.351382 0.330054 0.013979 0.00868561 0.157468
0 0.725044 0.868856 0.0135623 0.0132383 0.157224
0 0.606497 0.146623 0.0143816 0.0117178 0.156316
0 0.595918 0.12369 0.0123196 0.011626 0.143986
0 0.750774 0.294013 0.0117623 0.00764662 0.140826
0 0.576673 0.687777 0.0138426 0.0105663 0.139952
0 0.752068 0.285143 0.0130314 0.00736679 0.139098
0 0.616623 0.688411 0.015458 0.0106127 0.138294
0 0.651512 0.808888 0.00873602 0.00750866 0.134043
0 0.176829 0.602334 0.0144203 0.011403 0.133311
0 0.00365106 0.263855 0.00730212 0.00856239 0.130114
0 0.431581 0.417718 0.0151185 0.01229 0.128896
0 0.702291 0.279543 0.0142268 0.00954676 0.123101
0 0.504779 0.53694 0.015268 0.0096226 0.122138
0 0.197184 0.128141 0.00929119 0.00733784 0.11937
0 0.996957 0.479881 0.0060713 0.00835988 0.116155
0 0.0229154 0.178439 0.0135127 0.0107495 0.116038
0 0.538842 0.152109 0.0138133 0.00893687 0.115983
0 0.0546757 0.960435 0.0173683 0.0129539 0.113007
0 0.697511 0.525311 0.0123655 0.010165 0.111315
0 0.35634 0.292839 0.014915 0.00988939 0.108344
0 0.547191 0.997833 0.0122867 0.0043335 0.107485
0 0.667579 0.394283 0.0127633 0.00984906 0.880076
0 0.517356 0.410584 0.0146372 0.0121703 0.869808
0 0.469154 0.0471396 0.0107534 0.00883005 0.86549
0 0.243201 0.370894 0.0126096 0.0108019 0.860005
0 0.83784 0.152341 0.0125942 0.00933659 0.859153
0 0.69935 0.633114 0.0155148 0.0105122 0.849322
0 0.376239 0.146706 0.0104452 0.00710338 0.848647
0 0.943535 0.736782 0.00930633 0.0084831 0.846667
0 0.264009 0.33358 0.0102686 0.00889076 0.84485
0 0.636324 0.67319 0.0139053 0.0121821 0.843551
0 0.409515 0.365261 0.013438 0.00845643 0.843135
0 0.912575 0.531958 0.0107968 0.0105086 0.839533
0 0.363833 0.536344 0.0160934 0.0105858 0.833074
0 0.559459 0.742977 0.0129223 0.010962 0.825107
0 0.621261 0.595958 0.0140727 0.0118323 0.820054
0 0.21881 0.668643 0.0131484 0.0104823 0.819091
0 0.764173 0.404156 0.0124531 0.0115901 0.812311
0 0.206165 0.265916 0.0112229 0.00881437 0.807325
0 0.245406 0.976166 0.0166883 0.0118114 0.806621
0 0.696954 0.416211 0.00973487 0.00862866 0.802961
0 0.622058 0.405033 0.0170342 0.0118966 0.798297
0 0.571406 0.549717 0.0155259 0.0102807 0.796971
0 0.579776 0.656242 0.014806 0.0126902 0.794513
0 0.739163 0.157984 0.0122028 0.010579 0.792701
0 0.755951 0.69645 0.0127936 0.0118963 0.786452
0 0.579739 0.256602 0.0139914 0.00912582 0.782438
0 0.448346 0.640999 0.0145034 0.00884447 0.778197
0 0.42399 0.196983 0.0133237 0.0093519 0.777818
0 0.542442 0.858999 0.0149712 0.0115441 0.773814
0 0.693099 0.866687 0.0125072 0.0107967 0.773668
0 0.0307381 0.618156 0.0150313 0.0108287 0.766929
0 0.325763 0.0457611 0.0111419 0.00872777 0.766492
0 0.528986 0.363895 0.0142623 0.0109384 0.765743
0 0.700816 0.234683 0.0136559 0.00863858 0.761335
0 0.351051 0.0765388 0.0116328 0.00780714 0.76081
0 0.797168 0.426405 0.0116313 0.00947749 0.757304
0 0.611774 0.633548 0.0148001 0.0113027 0.74786
0 0.922881 0.373005 0.0121121 0.0109164 0.7427
0 0.343472 0.248739 0.0141883 0.0088669 0.737455
0 0.26577 0.206841 0.0127857 0.0101613 0.73665
0 0.615058 0.659106 0.0132336 0.0107193 0.736202
0 0.429813 0.301996 0.0125453 0.00924649 0.725923
0 0.74879 0.703686 0.0132565 0.0117525 0.714208
0 0.175824 0.673892 0.013485 0.0116904 0.713457
0 0.0768332 0.374619 0.0128573 0.0112788 0.705264
0 0.356505 0.471539 0.0152551 0.0122073 0.703978
0 0.13103 0.208866 0.0120912 0.0107064 0.703101
0 0.683527 0.520772 0.0133407 0.00990846 0.687269
0 0.842515 0.214996 0.0117486 0.00861398 0.68373
0 0.490192 0.520329 0.0135125 0.0118093 0.679386
0 0.323298 0.579019 0.0124598 0.0122818 0.666951
0 0.731602 0.503075 0.0144803 0.00939212 0.660449
0 0.716735 0.631667 0.015728 0.0102112 0.65799
0 0.790636 0.408478 0.0114313 0.00910771 0.650957
0 0.585624 0.23597 0.0153932 0.0089078 0.648613
0 0.342698 0.363086 0.0144792 0.0112003 0.6481
0 0.601455 0.715879 0.0164564 0.0111439 0.638601
0 0.161272 0.206634 0.0137807 0.0117144 0.622983
0 0.578026 0.270547 0.00986695 0.00915552 0.619251
0 0.305456 0.756947 0.0135268 0.0132823 0.617863
0 0.834616 0.393312 0.0148098 0.00929463 0.608451
0 0.698862 0.43627 0.0117242 0.0102799 0.58274
0 0.429105 0.391473 0.013335 0.0101353 0.582011
0 0.702318 0.459481 0.0122744 0.00984816 0.580478
0 0.420383 0.213685 0.0134676 0.0111348 0.577847
0 0.384339 0.570402 0.0146954 0.0112392 0.57023
0 0.862728 0.121327 0.0134955 0.0103958 0.565015
0 0.95365 0.520101 0.0145355 0.0112713 0.564777
0 0.0131593 0.986279 0.0149796 0.0143774 0.562339
0 0.517775 0.379562 0.0142344 0.0120755 0.558263
0 0.354009 0.406972 0.0159363 0.0101215 0.552821
0 0.175139 0.707665 0.0165679 0.0113275 0.547637
0 0.494774 0.210414 0.013615 0.00902224 0.5252
0 0.158954 0.718191 0.016349 0.010555 0.52061
0 0.709858 0.258851 0.0124449 0.00931949 0.497893
0 0.224542 0.21637 0.0141083 0.0101865 0.495841
0 0.433412 0.0919998 0.0120058 0.00808904 0.493176
0 0.549518 0.55225 0.0121034 0.00919312 0.487196
0 0.3886 0.323864 0.0141024 0.00849339 0.482466
0 0.22082 0.0840585 0.0144409 0.00859356 0.458254
0 0.38184 0.517425 0.0132618 0.0107571 0.449023
0 0.733511 0.39801 0.0150527 0.00894913 0.435188
0 0.889807 0.309617 0.0127834 0.00922291 0.42629
0 0.469065 0.179604 0.0133223 0.00961149 0.419687
0 0.471398 0.37775 0.0112694 0.00913605 0.410165
0 0.460789 0.814194 0.0128195 0.0126758 0.397426
0 0.652476 0.394487 0.0133918 0.0104932 0.397082
0 0.630925 0.98063 0.0117975 0.00944386 0.393838
0 0.594078 0.367549 0.0113813 0.0106382 0.385466
0 0.181342 0.0362394 0.0145048 0.00949657 0.338033
0 0.0750237 0.848777 0.0133791 0.0105955 0.333524
0 0.130862 0.337016 0.0141049 0.00852052 0.322573
0 0.155054 0.607747 0.0150283 0.0111201 0.302532
0 0.0251469 0.675614 0.0122584 0.0115824 0.295323
0 0.326372 0.139986 0.0133433 0.00791871 0.293708
0 0.408178 0.831126 0.0148593 0.0132472 0.291681
0 0.173759 0.317788 0.0135729 0.0107445 0.290151
0 0.557271 0.240471 0.0131669 0.00829079 0.287067
0 0.73957 0.437813 0.0109528 0.00817562 0.280864
0 0.137343 0.732878 0.0127021 0.00994207 0.278611
0 0.141632 0.20054 0.0152863 0.00965734 0.275869
0 0.183421 0.608376 0.0127989 0.0118413 0.270468
0 0.603471 0.638329 0.00896543 0.0061353 0.265621
0 0.547699 0.692519 0.0153127 0.0105776 0.258462
0 0.679429 0.415577 0.0146455 0.0124427 0.256145
0 0.705494 0.424049 0.0130434 0.00887577 0.254631
0 0.610917 0.280288 0.00806778 0.00843799 0.244543
0 0.729624 0.459302 0.0129145 0.00751738 0.238974
0 0.61605 0.280306 0.00869553 0.00791983 0.235921
0 0.365056 0.551141 0.0145748 0.0125486 0.224896
0 0.856098 0.37903 0.0157585 0.0101492 0.221937
0 0.785593 0.606245 0.0166062 0.0101909 0.221736
0 0.0257911 0.330425 0.0133437 0.0110989 0.216334
0 0.192632 0.603016 0.0154509 0.0107289 0.215763
0 0.650429 0.692265 0.0132691 0.0105946 0.202609
0 0.996396 0.140723 0.00720901 0.0103114 0.198803
0 0.0669338 0.184259 0.0129711 0.00943269 0.19747
0 0.391928 0.541907 0.0129069 0.0115731 0.191871
0 0.714648 0.137668 0.0150457 0.00983132 0.187504
0 0.194809 0.306449 0.0152541 0.00874489 0.183657
0 0.0684874 0.829126 0.0137124 0.00986299 0.17685
0 0.440616 0.213237 0.0118388 0.0100208 0.173471
0 0.00540233 0.757436 0.010795 0.0118056 0.161962
0 0.351382 0.330054 0.013979 0.00868561 0.157468
0 0.725044 0.868856 0.0135623 0.0132383 0.157224
0 0.606497 0.146623 0.0143816 0.0117178 0.156316
0 0.595918 0.12369 0.0123196 0.011626 0.143986
0 0.750774 0.294013 0.0117623 0.00764662 0.140826
0 0.576673 0.687777 0.0138426 0.0105663 0.139952
0 0.752068 0.285143 0.0130314 0.00736679 0.139098
0 0.616623 0.688411 0.015458 0.0106127 0.138294
0 0.651512 0.808888 0.00873602 0.00750866 0.134043
0 0.176829 0.602334 0.0144203 0.011403 0.133311
0 0.00365106 0.263855 0.00730212 0.00856239 0.130114
0 0.431581 0.417718 0.0151185 0.01229 0.128896
0 0.702291 0.279543 0.0142268 0.00954676 0.123101
0 0.504779 0.53694 0.015268 0.0096226 0.122138
0 0.197184 0.128141 0.00929119 0.00733784 0.11937
0 0.996957 0.479881 0.0060713 0.00835988 0.116155
0 0.0229154 0.178439 0.0135127 0.0107495 0.116038
0 0.538842 0.152109 0.0138133 0.00893687 0.115983
0 0.0546757 0.960435 0.0173683 0.0129539 0.113007
0 0.697511 0.525311 0.0123655 0.010165 0.111315
0 0.35634 0.292839 0.014915 0.00988939 0.108344
0 0.547191 0.997833 0.0122867 0.0043335 0.107485
0 0.667579 0.394283 0.0127633 0.00984906 0.880076
0 0.517356 0.410584 0.0146372 0.0121703 0.869808
0 0.469154 0.0471396 0.0107534 0.00883005 0.86549
0 0.243201 0.370894 0.0126096 0.0108019 0.860005
0 0.83784 0.152341 0.0125942 0.00933659 0.859153
0 0.69935 0.633114 0.0155148 0.0105122 0.849322
0 0.376239 0.146706 0.0104452 0.00710338 0.848647
0 0.943535 0.736782 0.00930633 0.0084831 0.846667
0 0.264009 0.33358 0.0102686 0.00889076 0.84485
0 0.636324 0.67319 0.0139053 0.0121821 0.843551
0 0.409515 0.365261 0.013438 0.00845643 0.843135
0 0.912575 0.531958 0.0107968 0.0105086 0.839533
0 0.363833 0.536344 0.0160934 0.0105858 0.833074
0 0.559459 0.742977 0.0129223 0.010962 0.825107
0 0.621261 0.595958 0.0140727 0.0118323 0.820054
0 0.21881 0.668643 0.0131484 0.0104823 0.819091
0 0.764173 0.404156 0.0124531 0.0115901 0.812311
0 0.206165 0.265916 0.0112229 0.00881437 0.807325
0 0.245406 0.976166 0.0166883 0.0118114 0.806621
0 0.696954 0.416211 0.00973487 0.00862866 0.802961
0 0.622058 0.405033 0.0170342 0.0118966 0.798297
0 0.571406 0.549717 0.0155259 0.0102807 0.796971
0 0.579776 0.656242 0.014806 0.0126902 0.794513
0 0.739163 0.157984 0.0122028 0.010579 0.792701
0 0.755951 0.69645 0.0127936 0.0118963 0.786452
0 0.579739 0.256602 0.0139914 0.00912582 0.782438
0 0.448346 0.640999 0.0145034 0.00884447 0.778197
0 0.42399 0.196983 0.0133237 0.0093519 0.777818
0 0.542442 0.858999 0.0149712 0.0115441 0.773814
0 0.693099 0.866687 0.0125072 0.0107967 0.773668
0 0.0307381 0.618156 0.0150313 0.0108287 0.766929
0 0.325763 0.0457611 0.0111419 0.00872777 0.766492
0 0.528986 0.363895 0.0142623 0.0109384 0.765743
0 0.700816 0.234683 0.0136559 0.00863858 0.761335
0 0.351051 0.0765388 0.0116328 0.00780714 0.76081
0 0.797168 0.426405 0.0116313 0.00947749 0.757304
0 0.611774 0.633548 0.0148001 0.0113027 0.74786
0 0.922881 0.373005 0.0121121 0.0109164 0.7427
0 0.343472 0.248739 0.0141883 0.0088669 0.737455
0 0.26577 0.206841 0.0127857 0.0101613 0.73665
0 0.615058 0.659106 0.0132336 0.0107193 0.736202
0 0.429813 0.301996 0.0125453 0.00924649 0.725923
0 0.74879 0.703686 0.0132565 0.0117525 0.714208
0 0.175824 0.673892 0.013485 0.0116904 0.713457
0 0.0768332 0.374619 0.0128573 0.0112788 0.705264
0 0.356505 0.471539 0.0152551 0.0122073 0.703978
0 0.13103 0.208866 0.0120912 0.0107064 0.703101
0 0.683527 0.520772 0.0133407 0.00990846 0.687269
0 0.842515 0.214996 0.0117486 0.00861398 0.68373
0 0.490192 0.520329 0.0135125 0.0118093 0.679386
0 0.323298 0.579019 0.0124598 0.0122818 0.666951
0 0.731602 0.503075 0.0144803 0.00939212 0.660449
0 0.716735 0.631667 0.015728 0.0102112 0.65799
0 0.790636 0.408478 0.0114313 0.00910771 0.650957
0 0.585624 0.23597 0.0153932 0.0089078 0.648613
0 0.342698 0.363086 0.0144792 0.0112003 0.6481
0 0.601455 0.715879 0.0164564 0.0111439 0.638601
0 0.161272 0.206634 0.0137807 0.0117144 0.622983
0 0.578026 0.270547 0.00986695 0.00915552 0.619251
0 0.305456 0.756947 0.0135268 0.0132823 0.617863
0 0.834616 0.393312 0.0148098 0.00929463 0.608451
0 0.698862 0.43627 0.0117242 0.0102799 0.58274
0 0.429105 0.391473 0.013335 0.0101353 0.582011
0 0.702318 0.459481 0.0122744 0.00984816 0.580478
0 0.420383 0.213685 0.0134676 0.0111348 0.577847
0 0.384339 0.570402 0.0146954 0.0112392 0.57023
0 0.862728 0.121327 0.0134955 0.0103958 0.565015
0 0.95365 0.520101 0.0145355 0.0112713 0.564777
0 0.0131593 0.986279 0.0149796 0.0143774 0.562339
0 0.517775 0.379562 0.0142344 0.0120755 0.558263
0 0.354009 0.406972 0.0159363 0.0101215 0.552821
0 0.175139 0.707665 0.0165679 0.0113275 0.547637
0 0.494774 0.210414 0.013615 0.00902224 0.5252
0 0.158954 0.718191 0.016349 0.010555 0.52061
0 0.709858 0.258851 0.0124449 0.00931949 0.497893
0 0.224542 0.21637 0.0141083 0.0101865 0.495841
0 0.433412 0.0919998 0.0120058 0.00808904 0.493176
0 0.549518 0.55225 0.0121034 0.00919312 0.487196
0 0.3886 0.323864 0.0141024 0.00849339 0.482466
0 0.22082 0.0840585 0.0144409 0.00859356 0.458254
0 0.38184 0.517425 0.0132618 0.0107571 0.449023
0 0.733511 0.39801 0.0150527 0.00894913 0.435188
0 0.889807 0.309617 0.0127834 0.00922291 0.42629
0 0.469065 0.179604 0.0133223 0.00961149 0.419687
0 0.471398 0.37775 0.0112694 0.00913605 0.410165
0 0.460789 0.814194 0.0128195 0.0126758 0.397426
0 0.652476 0.394487 0.0133918 0.0104932 0.397082
0 0.630925 0.98063 0.0117975 0.00944386 0.393838
0 0.594078 0.367549 0.0113813 0.0106382 0.385466
0 0.181342 0.0362394 0.0145048 0.00949657 0.338033
0 0.0750237 0.848777 0.0133791 0.0105955 0.333524
0 0.130862 0.337016 0.0141049 0.00852052 0.322573
0 0.155054 0.607747 0.0150283 0.0111201 0.302532
0 0.0251469 0.675614 0.0122584 0.0115824 0.295323
0 0.326372 0.139986 0.0133433 0.00791871 0.293708
0 0.408178 0.831126 0.0148593 0.0132472 0.291681
0 0.173759 0.317788 0.0135729 0.0107445 0.290151
0 0.557271 0.240471 0.0131669 0.00829079 0.287067
0 0.73957 0.437813 0.0109528 0.00817562 0.280864
0 0.137343 0.732878 0.0127021 0.00994207 0.278611
0 0.141632 0.20054 0.0152863 0.00965734 0.275869
0 0.183421 0.608376 0.0127989 0.0118413 0.270468
0 0.603471 0.638329 0.00896543 0.0061353 0.265621
0 0.547699 0.692519 0.0153127 0.0105776 0.258462
0 0.679429 0.415577 0.0146455 0.0124427 0.256145
0 0.705494 0.424049 0.0130434 0.00887577 0.254631
0 0.610917 0.280288 0.00806778 0.00843799 0.244543
0 0.729624 0.459302 0.0129145 0.00751738 0.238974
0 0.61605 0.280306 0.00869553 0.00791983 0.235921
0 0.365056 0.551141 0.0145748 0.0125486 0.224896
0 0.856098 0.37903 0.0157585 0.0101492 0.221937
0 0.785593 0.606245 0.0166062 0.0101909 0.221736
0 0.0257911 0.330425 0.0133437 0.0110989 0.216334
0 0.192632 0.603016 0.0154509 0.0107289 0.215763
0 0.650429 0.692265 0.0132691 0.0105946 0.202609
0 0.996396 0.140723 0.00720901 0.0103114 0.198803
0 0.0669338 0.184259 0.0129711 0.00943269 0.19747
0 0.391928 0.541907 0.0129069 0.0115731 0.191871
0 0.714648 0.137668 0.0150457 0.00983132 0.187504
0 0.194809 0.306449 0.0152541 0.00874489 0.183657
0 0.0684874 0.829126 0.0137124 0.00986299 0.17685
0 0.440616 0.213237 0.0118388 0.0100208 0.173471
0 0.00540233 0.757436 0.010795 0.0118056 0.161962
0 0.351382 0.330054 0.013979 0.00868561 0.157468
0 0.725044 0.868856 0.0135623 0.0132383 0.157224
0 0.606497 0.146623 0.0143816 0.0117178 0.156316
0 0.595918 0.12369 0.0123196 0.011626 0.143986
0 0.750774 0.294013 0.0117623 0.00764662 0.140826
0 0.576673 0.687777 0.0138426 0.0105663 0.139952
0 0.752068 0.285143 0.0130314 0.00736679 0.139098
0 0.616623 0.688411 0.015458 0.0106127 0.138294
0 0.651512 0.808888 0.00873602 0.00750866 0.134043
0 0.176829 0.602334 0.0144203 0.011403 0.133311
0 0.00365106 0.263855 0.00730212 0.00856239 0.130114
0 0.431581 0.417718 0.0151185 0.01229 0.128896
0 0.702291 0.279543 0.0142268 0.00954676 0.123101
0 0.504779 0.53694 0.015268 0.0096226 0.122138
0 0.197184 0.128141 0.00929119 0.00733784 0.11937
0 0.996957 0.479881 0.0060713 0.00835988 0.116155
0 0.0229154 0.178439 0.0135127 0.0107495 0.116038
0 0.538842 0.152109 0.0138133 0.00893687 0.115983
0 0.0546757 0.960435 0.0173683 0.0129539 0.113007
0 0.697511 0.525311 0.0123655 0.010165 0.111315
0 0.35634 0.292839 0.014915 0.00988939 0.108344
0 0.547191 0.997833 0.0122867 0.0043335 0.107485
0 0.667579 0.394283 0.0127633 0.00984906 0.880076
0 0.517356 0.410584 0.0146372 0.0121703 0.869808
0 0.469154 0.0471396 0.0107534 0.00883005 0.86549
0 0.243201 0.370894 0.0126096 0.0108019 0.860005
0 0.83784 0.152341 0.0125942 0.00933659 0.859153
0 0.69935 0.633114 0.0155148 0.0105122 0.849322
0 0.376239 0.146706 0.0104452 0.00710338 0.848647
0 0.943535 0.736782 0.00930633 0.0084831 0.846667
0 0.264009 0.33358 0.0102686 0.00889076 0.84485
0 0.636324 0.67319 0.0139053 0.0121821 0.843551
0 0.409515 0.365261 0.013438 0.00845643 0.843135
0 0.912575 0.531958 0.0107968 0.0105086 0.839533
0 0.363833 0.536344 0.0160934 0.0105858 0.833074
0 0.559459 0.742977 0.0129223 0.010962 0.825107
0 0.621261 0.595958 0.0140727 0.0118323 0.820054
0 0.21881 0.668643 0.0131484 0.0104823 0.819091
0 0.764173 0.404156 0.0124531 0.0115901 0.812311
0 0.206165 0.265916 0.0112229 0.00881437 0.807325
0 0.245406 0.976166 0.0166883 0.0118114 0.806621
0 0.696954 0.416211 0.00973487 0.00862866 0.802961
0 0.622058 0.405033 0.0170342 0.0118966 0.798297
0 0.571406 0.549717 0.0155259 0.0102807 0.796971
0 0.579776 0.656242 0.014806 0.0126902 0.794513
0 0.739163 0.157984 0.0122028 0.010579 0.792701
0 0.755951 0.69645 0.0127936 0.0118963 0.786452
0 0.579739 0.256602 0.0139914 0.00912582 0.782438
0 0.448346 0.640999 0.0145034 0.00884447 0.778197
0 0.42399 0.196983 0.0133237 0.0093519 0.777818
0 0.542442 0.858999 0.0149712 0.0115441 0.773814
0 0.693099 0.866687 0.0125072 0.0107967 0.773668
0 0.0307381 0.618156 0.0150313 0.0108287 0.766929
0 0.325763 0.0457611 0.0111419 0.00872777 0.766492
0 0.528986 0.363895 0.0142623 0.0109384 0.765743
0 0.700816 0.234683 0.0136559 0.00863858 0.761335
0 0.351051 0.0765388 0.0116328 0.00780714 0.76081
0 0.797168 0.426405 0.0116313 0.00947749 0.757304
0 0.611774 0.633548 0.0148001 0.0113027 0.74786
0 0.922881 0.373005 0.0121121 0.0109164 0.7427
0 0.343472 0.248739 0.0141883 0.0088669 0.737455
0 0.26577 0.206841 0.0127857 0.0101613 0.73665
0 0.615058 0.659106 0.0132336 0.0107193 0.736202
0 0.429813 0.301996 0.0125453 0.00924649 0.725923
0 0.74879 0.703686 0.0132565 0.0117525 0.714208
0 0.175824 0.673892 0.013485 0.0116904 0.713457
0 0.0768332 0.374619 0.0128573 0.0112788 0.705264
0 0.356505 0.471539 0.0152551 0.0122073 0.703978
0 0.13103 0.208866 0.0120912 0.0107064 0.703101
0 0.683527 0.520772 0.0133407 0.00990846 0.687269
0 0.842515 0.214996 0.0117486 0.00861398 0.68373
0 0.490192 0.520329 0.0135125 0.0118093 0.679386
0 0.323298 0.579019 0.0124598 0.0122818 0.666951
0 0.731602 0.503075 0.0144803 0.00939212 0.660449
0 0.716735 0.631667 0.015728 0.0102112 0.65799
0 0.790636 0.408478 0.0114313 0.00910771 0.650957
0 0.585624 0.23597 0.0153932 0.0089078 0.648613
0 0.342698 0.363086 0.0144792 0.0112003 0.6481
0 0.601455 0.715879 0.0164564 0.0111439 0.638601
0 0.161272 0.206634 0.0137807 0.0117144 0.622983
0 0.578026 0.270547 0.00986695 0.00915552 0.619251
0 0.305456 0.756947 0.0135268 0.0132823 0.617863
0 0.834616 0.393312 0.0148098 0.00929463 0.608451
0 0.698862 0.43627 0.0117242 0.0102799 0.58274
0 0.429105 0.391473 0.013335 0.0101353 0.582011
0 0.702318 0.459481 0.0122744 0.00984816 0.580478
0 0.420383 0.213685 0.0134676 0.0111348 0.577847
0 0.384339 0.570402 0.0146954 0.0112392 0.57023
0 0.862728 0.121327 0.0134955 0.0103958 0.565015
0 0.95365 0.520101 0.0145355 0.0112713 0.564777
0 0.0131593 0.986279 0.0149796 0.0143774 0.562339
0 0.517775 0.379562 0.0142344 0.0120755 0.558263
0 0.354009 0.406972 0.0159363 0.0101215 0.552821
0 0.175139 0.707665 0.0165679 0.0113275 0.547637
0 0.494774 0.210414 0.013615 0.00902224 0.5252
0 0.158954 0.718191 0.016349 0.010555 0.52061
0 0.709858 0.258851 0.0124449 0.00931949 0.497893
0 0.224542 0.21637 0.0141083 0.0101865 0.495841
0 0.433412 0.0919998 0.0120058 0.00808904 0.493176
0 0.549518 0.55225 0.0121034 0.00919312 0.487196
0 0.3886 0.323864 0.0141024 0.00849339 0.482466
0 0.22082 0.0840585 0.0144409 0.00859356 0.458254
0 0.38184 0.517425 0.0132618 0.0107571 0.449023
0 0.733511 0.39801 0.0150527 0.00894913 0.435188
0 0.889807 0.309617 0.0127834 0.00922291 0.42629
0 0.469065 0.179604 0.0133223 0.00961149 0.419687
0 0.471398 0.37775 0.0112694 0.00913605 0.410165
0 0.460789 0.814194 0.0128195 0.0126758 0.397426
0 0.652476 0.394487 0.0133918 0.0104932 0.397082
0 0.630925 0.98063 0.0117975 0.00944386 0.393838
0 0.594078 0.367549 0.0113813 0.0106382 0.385466
0 0.181342 0.0362394 0.0145048 0.00949657 0.338033
0 0.0750237 0.848777 0.0133791 0.0105955 0.333524
0 0.130862 0.337016 0.0141049 0.00852052 0.322573
0 0.155054 0.607747 0.0150283 0.0111201 0.302532
0 0.0251469 0.675614 0.0122584 0.0115824 0.295323
0 0.326372 0.139986 0.0133433 0.00791871 0.293708
0 0.408178 0.831126 0.0148593 0.0132472 0.291681
0 0.173759 0.317788 0.0135729 0.0107445 0.290151
0 0.557271 0.240471 0.0131669 0.00829079 0.287067
0 0.73957 0.437813 0.0109528 0.00817562 0.280864
0 0.137343 0.732878 0.0127021 0.00994207 0.278611
0 0.141632 0.20054 0.0152863 0.00965734 0.275869
0 0.183421 0.608376 0.0127989 0.0118413 0.270468
0 0.603471 0.638329 0.00896543 0.0061353 0.265621
0 0.547699 0.692519 0.0153127 0.0105776 0.258462
0 0.679429 0.415577 0.0146455 0.0124427 0.256145
0 0.705494 0.424049 0.0130434 0.00887577 0.254631
0 0.610917 0.280288 0.00806778 0.00843799 0.244543
0 0.729624 0.459302 0.0129145 0.00751738 0.238974
0 0.61605 0.280306 0.00869553 0.00791983 0.235921
0 0.365056 0.551141 0.0145748 0.0125486 0.224896
0 0.856098 0.37903 0.0157585 0.0101492 0.221937
0 0.785593 0.606245 0.0166062 0.0101909 0.221736
0 0.0257911 0.330425 0.0133437 0.0110989 0.216334
0 0.192632 0.603016 0.0154509 0.0107289 0.215763
0 0.650429 0.692265 0.0132691 0.0105946 0.202609
0 0.996396 0.140723 0.00720901 0.0103114 0.198803
0 0.0669338 0.184259 0.0129711 0.00943269 0.19747
0 0.391928 0.541907 0.0129069 0.0115731 0.191871
0 0.714648 0.137668 0.0150457 0.00983132 0.187504
0 0.194809 0.306449 0.0152541 0.00874489 0.183657
0 0.0684874 0.829126 0.0137124 0.00986299 0.17685
0 0.440616 0.213237 0.0118388 0.0100208 0.173471
0 0.00540233 0.757436 0.010795 0.0118056 0.161962
0 0.351382 0.330054 0.013979 0.00868561 0.157468
0 0.725044 0.868856 0.0135623 0.0132383 0.157224
0 0.606497 0.146623 0.0143816 0.0117178 0.156316
0 0.595918 0.12369 0.0123196 0.011626 0.143986
0 0.750774 0.294013 0.0117623 0.00764662 0.140826
0 0.576673 0.687777 0.0138426 0.0105663 0.139952
0 0.752068 0.285143 0.0130314 0.00736679 0.139098
0 0.616623 0.688411 0.015458 0.0106127 0.138294
0 0.651512 0.808888 0.00873602 0.00750866 0.134043
0 0.176829 0.602334 0.0144203 0.011403 0.133311
0 0.00365106 0.263855 0.00730212 0.00856239 0.130114
0 0.431581 0.417718 0.0151185 0.01229 0.128896
0 0.702291 0.279543 0.0142268 0.00954676 0.123101
0 0.504779 0.53694 0.015268 0.0096226 0.122138
0 0.197184 0.128141 0.00929119 0.00733784 0.11937
0 0.996957 0.479881 0.0060713 0.00835988 0.116155
0 0.0229154 0.178439 0.0135127 0.0107495 0.116038
0 0.538842 0.152109 0.0138133 0.00893687 0.115983
0 0.0546757 0.960435 0.0173683 0.0129539 0.113007
0 0.697511 0.525311 0.0123655 0.010165 0.111315
0 0.35634 0.292839 0.014915 0.00988939 0.108344
0 0.547191 0.997833 0.0122867 0.0043335 0.107485
0 0.667579 0.394283 0.0127633 0.00984906 0.880076
0 0.517356 0.410584 0.0146372 0.0121703 0.869808
0 0.469154 0.0471396 0.0107534 0.00883005 0.86549
0 0.243201 0.370894 0.0126096 0.0108019 0.860005
0 0.83784 0.152341 0.0125942 0.00933659 0.859153
0 0.69935 0.633114 0.0155148 0.0105122 0.849322
0 0.376239 0.146706 0.0104452 0.00710338 0.848647
0 0.943535 0.736782 0.00930633 0.0084831 0.846667
0 0.264009 0.33358 0.0102686 0.00889076 0.84485
0 0.636324 0.67319 0.0139053 0.0121821 0.843551
0 0.409515 0.365261 0.013438 0.00845643 0.843135
0 0.912575 0.531958 0.0107968 0.0105086 0.839533
0 0.363833 0.536344 0.0160934 0.0105858 0.833074
0 0.559459 0.742977 0.0129223 0.010962 0.825107
0 0.621261 0.595958 0.0140727 0.0118323 0.820054
0 0.21881 0.668643 0.0131484 0.0104823 0.819091
0 0.764173 0.404156 0.0124531 0.0115901 0.812311
0 0.206165 0.265916 0.0112229 0.00881437 0.807325
0 0.245406 0.976166 0.0166883 0.0118114 0.806621
0 0.696954 0.416211 0.00973487 0.00862866 0.802961
0 0.622058 0.405033 0.0170342 0.0118966 0.798297
0 0.571406 0.549717 0.0155259 0.0102807 0.796971
0 0.579776 0.656242 0.014806 0.0126902 0.794513
0 0.739163 0.157984 0.0122028 0.010579 0.792701
0 0.755951 0.69645 0.0127936 0.0118963 0.786452
0 0.579739 0.256602 0.0139914 0.00912582 0.782438
0 0.448346 0.640999 0.0145034 0.00884447 0.778197
0 0.42399 0.196983 0.0133237 0.0093519 0.777818
0 0.542442 0.858999 0.0149712 0.0115441 0.773814
0 0.693099 0.866687 0.0125072 0.0107967 0.773668
0 0.0307381 0.618156 0.0150313 0.0108287 0.766929
0 0.325763 0.0457611 0.0111419 0.00872777 0.766492
0 0.528986 0.363895 0.0142623 0.0109384 0.765743
0 0.700816 0.234683 0.0136559 0.00863858 0.761335
0 0.351051 0.0765388 0.0116328 0.00780714 0.76081
0 0.797168 0.426405 0.0116313 0.00947749 0.757304
0 0.611774 0.633548 0.0148001 0.0113027 0.74786
0 0.922881 0.373005 0.0121121 0.0109164 0.7427
0 0.343472 0.248739 0.0141883 0.0088669 0.737455
0 0.26577 0.206841 0.0127857 0.0101613 0.73665
0 0.615058 0.659106 0.0132336 0.0107193 0.736202
0 0.429813 0.301996 0.0125453 0.00924649 0.725923
0 0.74879 0.703686 0.0132565 0.0117525 0.714208
0 0.175824 0.673892 0.013485 0.0116904 0.713457
0 0.0768332 0.374619 0.0128573 0.0112788 0.705264
0 0.356505 0.471539 0.0152551 0.0122073 0.703978
0 0.13103 0.208866 0.0120912 0.0107064 0.703101
0 0.683527 0.520772 0.0133407 0.00990846 0.687269
0 0.842515 0.214996 0.0117486 0.00861398 0.68373
0 0.490192 0.520329 0.0135125 0.0118093 0.679386
0 0.323298 0.579019 0.0124598 0.0122818 0.666951
0 0.731602 0.503075 0.0144803 0.00939212 0.660449
0 0.716735 0.631667 0.015728 0.0102112 0.65799
0 0.790636 0.408478 0.0114313 0.00910771 0.650957
0 0.585624 0.23597 0.0153932 0.0089078 0.648613
0 0.342698 0.363086 0.0144792 0.0112003 0.6481
0 0.601455 0.715879 0.0164564 0.0111439 0.638601
0 0.161272 0.206634 0.0137807 0.0117144 0.622983
0 0.578026 0.270547 0.00986695 0.00915552 0.619251
0 0.305456 0.756947 0.0135268 0.0132823 0.617863
0 0.834616 0.393312 0.0148098 0.00929463 0.608451
0 0.698862 0.43627 0.0117242 0.0102799 0.58274
0 0.429105 0.391473 0.013335 0.0101353 0.582011
0 0.702318 0.459481 0.0122744 0.00984816 0.580478
0 0.420383 0.213685 0.0134676 0.0111348 0.577847
0 0.384339 0.570402 0.0146954 0.0112392 0.57023
0 0.862728 0.121327 0.0134955 0.0103958 0.565015
0 0.95365 0.520101 0.0145355 0.0112713 0.564777
0 0.0131593 0.986279 0.0149796 0.0143774 0.562339
0 0.517775 0.379562 0.0142344 0.0120755 0.558263
0 0.354009 0.406972 0.0159363 0.0101215 0.552821
0 0.175139 0.707665 0.0165679 0.0113275 0.547637
0 0.494774 0.210414 0.013615 0.00902224 0.5252
0 0.158954 0.718191 0.016349 0.010555 0.52061
0 0.709858 0.258851 0.0124449 0.00931949 0.497893
0 0.224542 0.21637 0.0141083 0.0101865 0.495841
0 0.433412 0.0919998 0.0120058 0.00808904 0.493176
0 0.549518 0.55225 0.0121034 0.00919312 0.487196
0 0.3886 0.323864 0.0141024 0.00849339 0.482466
0 0.22082 0.0840585 0.0144409 0.00859356 0.458254
0 0.38184 0.517425 0.0132618 0.0107571 0.449023
0 0.733511 0.39801 0.0150527 0.00894913 0.435188
0 0.889807 0.309617 0.0127834 0.00922291 0.42629
0 0.469065 0.179604 0.0133223 0.00961149 0.419687
0 0.471398 0.37775 0.0112694 0.00913605 0.410165
0 0.460789 0.814194 0.0128195 0.0126758 0.397426
0 0.652476 0.394487 0.0133918 0.0104932 0.397082
0 0.630925 0.98063 0.0117975 0.00944386 0.393838
0 0.594078 0.367549 0.0113813 0.0106382 0.385466
0 0.181342 0.0362394 0.0145048 0.00949657 0.338033
0 0.0750237 0.848777 0.0133791 0.0105955 0.333524
0 0.130862 0.337016 0.0141049 0.00852052 0.322573
0 0.155054 0.607747 0.0150283 0.0111201 0.302532
0 0.0251469 0.675614 0.0122584 0.0115824 0.295323
0 0.326372 0.139986 0.0133433 0.00791871 0.293708
0 0.408178 0.831126 0.0148593 0.0132472 0.291681
0 0.173759 0.317788 0.0135729 0.0107445 0.290151
0 0.557271 0.240471 0.0131669 0.00829079 0.287067
0 0.73957 0.437813 0.0109528 0.00817562 0.280864
0 0.137343 0.732878 0.0127021 0.00994207 0.278611
0 0.141632 0.20054 0.0152863 0.00965734 0.275869
0 0.183421 0.608376 0.0127989 0.0118413 0.270468
0 0.603471 0.638329 0.00896543 0.0061353 0.265621
0 0.547699 0.692519 0.0153127 0.0105776 0.258462
0 0.679429 0.415577 0.0146455 0.0124427 0.256145
0 0.705494 0.424049 0.0130434 0.00887577 0.254631
0 0.610917 0.280288 0.00806778 0.00843799 0.244543
0 0.729624 0.459302 0.0129145 0.00751738 0.238974
0 0.61605 0.280306 0.00869553 0.00791983 0.235921
0 0.365056 0.551141 0.0145748 0.0125486 0.224896
0 0.856098 0.37903 0.0157585 0.0101492 0.221937
0 0.785593 0.606245 0.0166062 0.0101909 0.221736
0 0.0257911 0.330425 0.0133437 0.0110989 0.216334
0 0.192632 0.603016 0.0154509 0.0107289 0.215763
0 0.650429 0.692265 0.0132691 0.0105946 0.202609
0 0.996396 0.140723 0.00720901 0.0103114 0.198803
0 0.0669338 0.184259 0.0129711 0.00943269 0.19747
0 0.391928 0.541907 0.0129069 0.0115731 0.191871
0 0.714648 0.137668 0.0150457 0.00983132 0.187504
0 0.194809 0.306449 0.0152541 0.00874489 0.183657
0 0.0684874 0.829126 0.0137124 0.00986299 0.17685
0 0.440616 0.213237 0.0118388 0.0100208 0.173471
0 0.00540233 0.757436 0.010795 0.0118056 0.161962
0 0.351382 0.330054 0.013979 0.00868561 0.157468
0 0.725044 0.868856 0.0135623 0.0132383 0.157224
0 0.606497 0.146623 0.0143816 0.0117178 0.156316
0 0.595918 0.12369 0.0123196 0.011626 0.143986
0 0.750774 0.294013 0.0117623 0.00764662 0.140826
0 0.576673 0.687777 0.0138426 0.0105663 0.139952
0 0.752068 0.285143 0.0130314 0.00736679 0.139098
0 0.616623 0.688411 0.015458 0.0106127 0.138294
0 0.651512 0.808888 0.00873602 0.00750866 0.134043
0 0.176829 0.602334 0.0144203 0.011403 0.133311
0 0.00365106 0.263855 0.00730212 0.00856239 0.130114
0 0.431581 0.417718 0.0151185 0.01229 0.128896
0 0.702291 0.279543 0.0142268 0.00954676 0.123101
0 0.504779 0.53694 0.015268 0.0096226 0.122138
0 0.197184 0.128141 0.00929119 0.00733784 0.11937
0 0.996957 0.479881 0.0060713 0.00835988 0.116155
0 0.0229154 0.178439 0.0135127 0.0107495 0.116038
0 0.538842 0.152109 0.0138133 0.00893687 0.115983
0 0.0546757 0.960435 0.0173683 0.0129539 0.113007
0 0.697511 0.525311 0.0123655 0.010165 0.111315
0 0.35634 0.292839 0.014915 0.00988939 0.108344
0 0.547191 0.997833 0.0122867 0.0043335 0.107485
0 0.667579 0.394283 0.0127633 0.00984906 0.880076
0 0.517356 0.410584 0.0146372 0.0121703 0.869808
0 0.469154 0.0471396 0.0107534 0.00883005 0.86549
0 0.243201 0.370894 0.0126096 0.0108019 0.860005
0 0.83784 0.152341 0.0125942 0.00933659 0.859153
0 0.69935 0.633114 0.0155148 0.0105122 0.849322
0 0.376239 0.146706 0.0104452 0.00710338 0.848647
0 0.943535 0.736782 0.00930633 0.0084831 0.846667
0 0.264009 0.33358 0.0102686 0.00889076 0.84485
0 0.636324 0.67319 0.0139053 0.0121821 0.843551
0 0.409515 0.365261 0.013438 0.00845643 0.843135
0 0.912575 0.531958 0.0107968 0.0105086 0.839533
0 0.363833 0.536344 0.0160934 0.0105858 0.833074
0 0.559459 0.742977 0.0129223 0.010962 0.825107
0 0.621261 0.595958 0.0140727 0.0118323 0.820054
0 0.21881 0.668643 0.0131484 0.0104823 0.819091
0 0.764173 0.404156 0.0124531 0.0115901 0.812311
0 0.206165 0.265916 0.0112229 0.00881437 0.807325
0 0.245406 0.976166 0.0166883 0.0118114 0.806621
0 0.696954 0.416211 0.00973487 0.00862866 0.802961
0 0.622058 0.405033 0.0170342 0.0118966 0.798297
0 0.571406 0.549717 0.0155259 0.0102807 0.796971
0 0.579776 0.656242 0.014806 0.0126902 0.794513
0 0.739163 0.157984 0.0122028 0.010579 0.792701
0 0.755951 0.69645 0.0127936 0.0118963 0.786452
0 0.579739 0.256602 0.0139914 0.00912582 0.782438
0 0.448346 0.640999 0.0145034 0.00884447 0.778197
0 0.42399 0.196983 0.0133237 0.0093519 0.777818
0 0.542442 0.858999 0.0149712 0.0115441 0.773814
0 0.693099 0.866687 0.0125072 0.0107967 0.773668
0 0.0307381 0.618156 0.0150313 0.0108287 0.766929
0 0.325763 0.0457611 0.0111419 0.00872777 0.766492
0 0.528986 0.363895 0.0142623 0.0109384 0.765743
0 0.700816 0.234683 0.0136559 0.00863858 0.761335
0 0.351051 0.0765388 0.0116328 0.00780714 0.76081
0 0.797168 0.426405 0.0116313 0.00947749 0.757304
0 0.611774 0.633548 0.0148001 0.0113027 0.74786
0 0.922881 0.373005 0.0121121 0.0109164 0.7427
0 0.343472 0.248739 0.0141883 0.0088669 0.737455
0 0.26577 0.206841 0.0127857 0.0101613 0.73665
0 0.615058 0.659106 0.0132336 0.0107193 0.736202
0 0.429813 0.301996 0.0125453 0.00924649 0.725923
0 0.74879 0.703686 0.0132565 0.0117525 0.714208
0 0.175824 0.673892 0.013485 0.0116904 0.713457
0 0.0768332 0.374619 0.0128573 0.0112788 0.705264
0 0.356505 0.471539 0.0152551 0.0122073 0.703978
0 0.13103 0.208866 0.0120912 0.0107064 0.703101
0 0.683527 0.520772 0.0133407 0.00990846 0.687269
0 0.842515 0.214996 0.0117486 0.00861398 0.68373
0 0.490192 0.520329 0.0135125 0.0118093 0.679386
0 0.323298 0.579019 0.0124598 0.0122818 0.666951
0 0.731602 0.503075 0.0144803 0.00939212 0.660449
0 0.716735 0.631667 0.015728 0.0102112 0.65799
0 0.790636 0.408478 0.0114313 0.00910771 0.650957
0 0.585624 0.23597 0.0153932 0.0089078 0.648613
0 0.342698 0.363086 0.0144792 0.0112003 0.6481
0 0.601455 0.715879 0.0164564 0.0111439 0.638601
0 0.161272 0.206634 0.0137807 0.0117144 0.622983
0 0.578026 0.270547 0.00986695 0.00915552 0.619251
0 0.305456 0.756947 0.0135268 0.0132823 0.617863
0 0.834616 0.393312 0.0148098 0.00929463 0.608451
0 0.698862 0.43627 0.0117242 0.0102799 0.58274
0 0.429105 0.391473 0.013335 0.0101353 0.582011
0 0.702318 0.459481 0.0122744 0.00984816 0.580478
0 0.420383 0.213685 0.0134676 0.0111348 0.577847
0 0.384339 0.570402 0.0146954 0.0112392 0.57023
0 0.862728 0.121327 0.0134955 0.0103958 0.565015
0 0.95365 0.520101 0.0145355 0.0112713 0.564777
0 0.0131593 0.986279 0.0149796 0.0143774 0.562339
0 0.517775 0.379562 0.0142344 0.0120755 0.558263
0 0.354009 0.406972 0.0159363 0.0101215 0.552821
0 0.175139 0.707665 0.0165679 0.0113275 0.547637
0 0.494774 0.210414 0.013615 0.00902224 0.5252
0 0.158954 0.718191 0.016349 0.010555 0.52061
0 0.709858 0.258851 0.0124449 0.00931949 0.497893
0 0.224542 0.21637 0.0141083 0.0101865 0.495841
0 0.433412 0.0919998 0.0120058 0.00808904 0.493176
0 0.549518 0.55225 0.0121034 0.00919312 0.487196
0 0.3886 0.323864 0.0141024 0.00849339 0.482466
0 0.22082 0.0840585 0.0144409 0.00859356 0.458254
0 0.38184 0.517425 0.0132618 0.0107571 0.449023
0 0.733511 0.39801 0.0150527 0.00894913 0.435188
0 0.889807 0.309617 0.0127834 0.00922291 0.42629
0 0.469065 0.179604 0.0133223 0.00961149 0.419687
0 0.471398 0.37775 0.0112694 0.00913605 0.410165
0 0.460789 0.814194 0.0128195 0.0126758 0.397426
0 0.652476 0.394487 0.0133918 0.0104932 0.397082
0 0.630925 0.98063 0.0117975 0.00944386 0.393838
0 0.594078 0.367549 0.0113813 0.0106382 0.385466
0 0.181342 0.0362394 0.0145048 0.00949657 0.338033
0 0.0750237 0.848777 0.0133791 0.0105955 0.333524
0 0.130862 0.337016 0.0141049 0.00852052 0.322573
0 0.155054 0.607747 0.0150283 0.0111201 0.302532
0 0.0251469 0.675614 0.0122584 0.0115824 0.295323
0 0.326372 0.139986 0.0133433 0.00791871 0.293708
0 0.408178 0.831126 0.0148593 0.0132472 0.291681
0 0.173759 0.317788 0.0135729 0.0107445 0.290151
0 0.557271 0.240471 0.0131669 0.00829079 0.287067
0 0.73957 0.437813 0.0109528 0.00817562 0.280864
0 0.137343 0.732878 0.0127021 0.00994207 0.278611
0 0.141632 0.20054 0.0152863 0.00965734 0.275869
0 0.183421 0.608376 0.0127989 0.0118413 0.270468
0 0.603471 0.638329 0.00896543 0.0061353 0.265621
0 0.547699 0.692519 0.0153127 0.0105776 0.258462
0 0.679429 0.415577 0.0146455 0.0124427 0.256145
0 0.705494 0.424049 0.0130434 0.00887577 0.254631
0 0.610917 0.280288 0.00806778 0.00843799 0.244543
0 0.729624 0.459302 0.0129145 0.00751738 0.238974
0 0.61605 0.280306 0.00869553 0.00791983 0.235921
0 0.365056 0.551141 0.0145748 0.0125486 0.224896
0 0.856098 0.37903 0.0157585 0.0101492 0.221937
0 0.785593 0.606245 0.0166062 0.0101909 0.221736
0 0.0257911 0.330425 0.0133437 0.0110989 0.216334
0 0.192632 0.603016 0.0154509 0.0107289 0.215763
0 0.650429 0.692265 0.0132691 0.0105946 0.202609
0 0.996396 0.140723 0.00720901 0.0103114 0.198803
0 0.0669338 0.184259 0.0129711 0.00943269 0.19747
0 0.391928 0.541907 0.0129069 0.0115731 0.191871
0 0.714648 0.137668 0.0150457 0.00983132 0.187504
0 0.194809 0.306449 0.0152541 0.00874489 0.183657
0 0.0684874 0.829126 0.0137124 0.00986299 0.17685
0 0.440616 0.213237 0.0118388 0.0100208 0.173471
0 0.00540233 0.757436 0.010795 0.0118056 0.161962
0 0.351382 0.330054 0.013979 0.00868561 0.157468
0 0.725044 0.868856 0.0135623 0.0132383 0.157224
0 0.606497 0.146623 0.0143816 0.0117178 0.156316
0 0.595918 0.12369 0.0123196 0.011626 0.143986
0 0.750774 0.294013 0.0117623 0.00764662 0.140826
0 0.576673 0.687777 0.0138426 0.0105663 0.139952
0 0.752068 0.285143 0.0130314 0.00736679 0.139098
0 0.616623 0.688411 0.015458 0.0106127 0.138294
0 0.651512 0.808888 0.00873602 0.00750866 0.134043
0 0.176829 0.602334 0.0144203 0.011403 0.133311
0 0.00365106 0.263855 0.00730212 0.00856239 0.130114
0 0.431581 0.417718 0.0151185 0.01229 0.128896
0 0.702291 0.279543 0.0142268 0.00954676 0.123101
0 0.504779 0.53694 0.015268 0.0096226 0.122138
0 0.197184 0.128141 0.00929119 0.00733784 0.11937
0 0.996957 0.479881 0.0060713 0.00835988 0.116155
0 0.0229154 0.178439 0.0135127 0.0107495 0.116038
0 0.538842 0.152109 0.0138133 0.00893687 0.115983
0 0.0546757 0.960435 0.0173683 0.0129539 0.113007
0 0.697511 0.525311 0.0123655 0.010165 0.111315
0 0.35634 0.292839 0.014915 0.00988939 0.108344
0 0.547191 0.997833 0.0122867 0.0043335 0.107485
0 0.122775 0.946042 0.0119803 0.0147495 0.12043
0 0.122775 0.946042 0.0119803 0.0147495 0.12043
0 0.122775 0.946042 0.0119803 0.0147495 0.12043
0 0.667579 0.394283 0.0127633 0.00984906 0.880076
0 0.517356 0.410584 0.0146372 0.0121703 0.869808
0 0.469154 0.0471396 0.0107534 0.00883005 0.86549
0 0.243201 0.370894 0.0126096 0.0108019 0.860005
0 0.83784 0.152341 0.0125942 0.00933659 0.859153
0 0.69935 0.633114 0.0155148 0.0105122 0.849322
0 0.376239 0.146706 0.0104452 0.00710338 0.848647
0 0.943535 0.736782 0.00930633 0.0084831 0.846667
0 0.264009 0.33358 0.0102686 0.00889076 0.84485
0 0.636324 0.67319 0.0139053 0.0121821 0.843551
0 0.409515 0.365261 0.013438 0.00845643 0.843135
0 0.912575 0.531958 0.0107968 0.0105086 0.839533
0 0.363833 0.536344 0.0160934 0.0105858 0.833074
0 0.559459 0.742977 0.0129223 0.010962 0.825107
0 0.621261 0.595958 0.0140727 0.0118323 0.820054
0 0.21881 0.668643 0.0131484 0.0104823 0.819091
0 0.764173 0.404156 0.0124531 0.0115901 0.812311
0 0.206165 0.265916 0.0112229 0.00881437 0.807325
0 0.245406 0.976166 0.0166883 0.0118114 0.806621
0 0.696954 0.416211 0.00973487 0.00862866 0.802961
0 0.622058 0.405033 0.0170342 0.0118966 0.798297
0 0.571406 0.549717 0.0155259 0.0102807 0.796971
0 0.579776 0.656242 0.014806 0.0126902 0.794513
0 0.739163 0.157984 0.0122028 0.010579 0.792701
0 0.755951 0.69645 0.0127936 0.0118963 0.786452
0 0.579739 0.256602 0.0139914 0.00912582 0.782438
0 0.448346 0.640999 0.0145034 0.00884447 0.778197
0 0.42399 0.196983 0.0133237 0.0093519 0.777818
0 0.542442 0.858999 0.0149712 0.0115441 0.773814
0 0.693099 0.866687 0.0125072 0.0107967 0.773668
0 0.0307381 0.618156 0.0150313 0.0108287 0.766929
0 0.325763 0.0457611 0.0111419 0.00872777 0.766492
0 0.528986 0.363895 0.0142623 0.0109384 0.765743
0 0.700816 0.234683 0.0136559 0.00863858 0.761335
0 0.351051 0.0765388 0.0116328 0.00780714 0.76081
0 0.797168 0.426405 0.0116313 0.00947749 0.757304
0 0.611774 0.633548 0.0148001 0.0113027 0.74786
0 0.922881 0.373005 0.0121121 0.0109164 0.7427
0 0.343472 0.248739 0.0141883 0.0088669 0.737455
0 0.26577 0.206841 0.0127857 0.0101613 0.73665
0 0.615058 0.659106 0.0132336 0.0107193 0.736202
0 0.429813 0.301996 0.0125453 0.00924649 0.725923
0 0.74879 0.703686 0.0132565 0.0117525 0.714208
0 0.175824 0.673892 0.013485 0.0116904 0.713457
0 0.0768332 0.374619 0.0128573 0.0112788 0.705264
0 0.356505 0.471539 0.0152551 0.0122073 0.703978
0 0.13103 0.208866 0.0120912 0.0107064 0.703101
0 0.683527 0.520772 0.0133407 0.00990846 0.687269
0 0.842515 0.214996 0.0117486 0.00861398 0.68373
0 0.490192 0.520329 0.0135125 0.0118093 0.679386
0 0.323298 0.579019 0.0124598 0.0122818 0.666951
0 0.731602 0.503075 0.0144803 0.00939212 0.660449
0 0.716735 0.631667 0.015728 0.0102112 0.65799
0 0.790636 0.408478 0.0114313 0.00910771 0.650957
0 0.585624 0.23597 0.0153932 0.0089078 0.648613
0 0.342698 0.363086 0.0144792 0.0112003 0.6481
0 0.601455 0.715879 0.0164564 0.0111439 0.638601
0 0.161272 0.206634 0.0137807 0.0117144 0.622983
0 0.578026 0.270547 0.00986695 0.00915552 0.619251
0 0.305456 0.756947 0.0135268 0.0132823 0.617863
0 0.834616 0.393312 0.0148098 0.00929463 0.608451
0 0.698862 0.43627 0.0117242 0.0102799 0.58274
0 0.429105 0.391473 0.013335 0.0101353 0.582011
0 0.702318 0.459481 0.0122744 0.00984816 0.580478
0 0.420383 0.213685 0.0134676 0.0111348 0.577847
0 0.384339 0.570402 0.0146954 0.0112392 0.57023
0 0.862728 0.121327 0.0134955 0.0103958 0.565015
0 0.95365 0.520101 0.0145355 0.0112713 0.564777
0 0.0131593 0.986279 0.0149796 0.0143774 0.562339
0 0.517775 0.379562 0.0142344 0.0120755 0.558263
0 0.354009 0.406972 0.0159363 0.0101215 0.552821
0 0.175139 0.707665 0.0165679 0.0113275 0.547637
0 0.494774 0.210414 0.013615 0.00902224 0.5252
0 0.158954 0.718191 0.016349 0.010555 0.52061
0 0.709858 0.258851 0.0124449 0.00931949 0.497893
0 0.224542 0.21637 0.0141083 0.0101865 0.495841
0 0.433412 0.0919998 0.0120058 0.00808904 0.493176
0 0.549518 0.55225 0.0121034 0.00919312 0.487196
0 0.3886 0.323864 0.0141024 0.00849339 0.482466
0 0.22082 0.0840585 0.0144409 0.00859356 0.458254
0 0.38184 0.517425 0.0132618 0.0107571 0.449023
0 0.733511 0.39801 0.0150527 0.00894913 0.435188
0 0.889807 0.309617 0.0127834 0.00922291 0.42629
0 0.469065 0.179604 0.0133223 0.00961149 0.419687
0 0.471398 0.37775 0.0112694 0.00913605 0.410165
0 0.460789 0.814194 0.0128195 0.0126758 0.397426
0 0.652476 0.394487 0.0133918 0.0104932 0.397082
0 0.630925 0.98063 0.0117975 0.00944386 0.393838
0 0.594078 0.367549 0.0113813 0.0106382 0.385466
0 0.181342 0.0362394 0.0145048 0.00949657 0.338033
0 0.0750237 0.848777 0.0133791 0.0105955 0.333524
0 0.130862 0.337016 0.0141049 0.00852052 0.322573
0 0.155054 0.607747 0.0150283 0.0111201 0.302532
0 0.0251469 0.675614 0.0122584 0.0115824 0.295323
0 0.326372 0.139986 0.0133433 0.00791871 0.293708
0 0.408178 0.831126 0.0148593 0.0132472 0.291681
0 0.173759 0.317788 0.0135729 0.0107445 0.290151
0 0.557271 0.240471 0.0131669 0.00829079 0.287067
0 0.73957 0.437813 0.0109528 0.00817562 0.280864
0 0.137343 0.732878 0.0127021 0.00994207 0.278611
0 0.141632 0.20054 0.0152863 0.00965734 0.275869
0 0.183421 0.608376 0.0127989 0.0118413 0.270468
0 0.603471 0.638329 0.00896543 0.0061353 0.265621
0 0.547699 0.692519 0.0153127 0.0105776 0.258462
0 0.679429 0.415577 0.0146455 0.0124427 0.256145
0 0.705494 0.424049 0.0130434 0.00887577 0.254631
0 0.610917 0.280288 0.00806778 0.00843799 0.244543
0 0.729624 0.459302 0.0129145 0.00751738 0.238974
0 0.61605 0.280306 0.00869553 0.00791983 0.235921
0 0.365056 0.551141 0.0145748 0.0125486 0.224896
0 0.856098 0.37903 0.0157585 0.0101492 0.221937
0 0.785593 0.606245 0.0166062 0.0101909 0.221736
0 0.0257911 0.330425 0.0133437 0.0110989 0.216334
0 0.192632 0.603016 0.0154509 0.0107289 0.215763
0 0.650429 0.692265 0.0132691 0.0105946 0.202609
0 0.996396 0.140723 0.00720901 0.0103114 0.198803
0 0.0669338 0.184259 0.0129711 0.00943269 0.19747
0 0.391928 0.541907 0.0129069 0.0115731 0.191871
0 0.714648 0.137668 0.0150457 0.00983132 0.187504
0 0.194809 0.306449 0.0152541 0.00874489 0.183657
0 0.0684874 0.829126 0.0137124 0.00986299 0.17685
0 0.440616 0.213237 0.0118388 0.0100208 0.173471
0 0.00540233 0.757436 0.010795 0.0118056 0.161962
0 0.351382 0.330054 0.013979 0.00868561 0.157468
0 0.725044 0.868856 0.0135623 0.0132383 0.157224
0 0.606497 0.146623 0.0143816 0.0117178 0.156316
0 0.595918 0.12369 0.0123196 0.011626 0.143986
0 0.750774 0.294013 0.0117623 0.00764662 0.140826
0 0.576673 0.687777 0.0138426 0.0105663 0.139952
0 0.752068 0.285143 0.0130314 0.00736679 0.139098
0 0.616623 0.688411 0.015458 0.0106127 0.138294
0 0.651512 0.808888 0.00873602 0.00750866 0.134043
0 0.176829 0.602334 0.0144203 0.011403 0.133311
0 0.00365106 0.263855 0.00730212 0.00856239 0.130114
0 0.431581 0.417718 0.0151185 0.01229 0.128896
0 0.702291 0.279543 0.0142268 0.00954676 0.123101
0 0.504779 0.53694 0.015268 0.0096226 0.122138
0 0.197184 0.128141 0.00929119 0.00733784 0.11937
0 0.996957 0.479881 0.0060713 0.00835988 0.116155
0 0.0229154 0.178439 0.0135127 0.0107495 0.116038
0 0.538842 0.152109 0.0138133 0.00893687 0.115983
0 0.0546757 0.960435 0.0173683 0.0129539 0.113007
0 0.697511 0.525311 0.0123655 0.010165 0.111315
0 0.35634 0.292839 0.014915 0.00988939 0.108344
0 0.547191 0.997833 0.0122867 0.0043335 0.107485
0 0.667579 0.394283 0.0127633 0.00984906 0.880076
0 0.517356 0.410584 0.0146372 0.0121703 0.869808
0 0.469154 0.0471396 0.0107534 0.00883005 0.86549
0 0.243201 0.370894 0.0126096 0.0108019 0.860005
0 0.83784 0.152341 0.0125942 0.00933659 0.859153
0 0.69935 0.633114 0.0155148 0.0105122 0.849322
0 0.376239 0.146706 0.0104452 0.00710338 0.848647
0 0.943535 0.736782 0.00930633 0.0084831 0.846667
0 0.264009 0.33358 0.0102686 0.00889076 0.84485
0 0.636324 0.67319 0.0139053 0.0121821 0.843551
0 0.409515 0.365261 0.013438 0.00845643 0.843135
0 0.912575 0.531958 0.0107968 0.0105086 0.839533
0 0.363833 0.536344 0.0160934 0.0105858 0.833074
0 0.559459 0.742977 0.0129223 0.010962 0.825107
0 0.621261 0.595958 0.0140727 0.0118323 0.820054
0 0.21881 0.668643 0.0131484 0.0104823 0.819091
0 0.764173 0.404156 0.0124531 0.0115901 0.812311
0 0.206165 0.265916 0.0112229 0.00881437 0.807325
0 0.245406 0.976166 0.0166883 0.0118114 0.806621
0 0.696954 0.416211 0.00973487 0.00862866 0.802961
0 0.622058 0.405033 0.0170342 0.0118966 0.798297
0 0.571406 0.549717 0.0155259 0.0102807 0.796971
0 0.579776 0.656242 0.014806 0.0126902 0.794513
0 0.739163 0.157984 0.0122028 0.010579 0.792701
0 0.755951 0.69645 0.0127936 0.0118963 0.786452
0 0.579739 0.256602 0.0139914 0.00912582 0.782438
0 0.448346 0.640999 0.0145034 0.00884447 0.778197
0 0.42399 0.196983 0.0133237 0.0093519 0.777818
0 0.542442 0.858999 0.0149712 0.0115441 0.773814
0 0.693099 0.866687 0.0125072 0.0107967 0.773668
0 0.0307381 0.618156 0.0150313 0.0108287 0.766929
0 0.325763 0.0457611 0.0111419 0.00872777 0.766492
0 0.528986 0.363895 0.0142623 0.0109384 0.765743
0 0.700816 0.234683 0.0136559 0.00863858 0.761335
0 0.351051 0.0765388 0.0116328 0.00780714 0.76081
0 0.797168 0.426405 0.0116313 0.00947749 0.757304
0 0.611774 0.633548 0.0148001 0.0113027 0.74786
0 0.922881 0.373005 0.0121121 0.0109164 0.7427
0 0.343472 0.248739 0.0141883 0.0088669 0.737455
0 0.26577 0.206841 0.0127857 0.0101613 0.73665
0 0.615058 0.659106 0.0132336 0.0107193 0.736202
0 0.429813 0.301996 0.0125453 0.00924649 0.725923
0 0.74879 0.703686 0.0132565 0.0117525 0.714208
0 0.175824 0.673892 0.013485 0.0116904 0.713457
0 0.0768332 0.374619 0.0128573 0.0112788 0.705264
0 0.356505 0.471539 0.0152551 0.0122073 0.703978
0 0.13103 0.208866 0.0120912 0.0107064 0.703101
0 0.683527 0.520772 0.0133407 0.00990846 0.687269
0 0.842515 0.214996 0.0117486 0.00861398 0.68373
0 0.490192 0.520329 0.0135125 0.0118093 0.679386
0 0.323298 0.579019 0.0124598 0.0122818 0.666951
0 0.731602 0.503075 0.0144803 0.00939212 0.660449
0 0.716735 0.631667 0.015728 0.0102112 0.65799
0 0.790636 0.408478 0.0114313 0.00910771 0.650957
0 0.585624 0.23597 0.0153932 0.0089078 0.648613
0 0.342698 0.363086 0.0144792 0.0112003 0.6481
0 0.601455 0.715879 0.0164564 0.0111439 0.638601
0 0.161272 0.206634 0.0137807 0.0117144 0.622983
0 0.578026 0.270547 0.00986695 0.00915552 0.619251
0 0.305456 0.756947 0.0135268 0.0132823 0.617863
0 0.834616 0.393312 0.0148098 0.00929463 0.608451
0 0.698862 0.43627 0.0117242 0.0102799 0.58274
0 0.429105 0.391473 0.013335 0.0101353 0.582011
0 0.702318 0.459481 0.0122744 0.00984816 0.580478
0 0.420383 0.213685 0.0134676 0.0111348 0.577847
0 0.384339 0.570402 0.0146954 0.0112392 0.57023
0 0.862728 0.121327 0.0134955 0.0103958 0.565015
0 0.95365 0.520101 0.0145355 0.0112713 0.564777
0 0.0131593 0.986279 0.0149796 0.0143774 0.562339
0 0.517775 0.379562 0.0142344 0.0120755 0.558263
0 0.354009 0.406972 0.0159363 0.0101215 0.552821
0 0.175139 0.707665 0.0165679 0.0113275 0.547637
0 0.494774 0.210414 0.013615 0.00902224 0.5252
0 0.158954 0.718191 0.016349 0.010555 0.52061
0 0.709858 0.258851 0.0124449 0.00931949 0.497893
0 0.224542 0.21637 0.0141083 0.0101865 0.495841
0 0.433412 0.0919998 0.0120058 0.00808904 0.493176
0 0.549518 0.55225 0.0121034 0.00919312 0.487196
0 0.3886 0.323864 0.0141024 0.00849339 0.482466
0 0.22082 0.0840585 0.0144409 0.00859356 0.458254
0 0.38184 0.517425 0.0132618 0.0107571 0.449023
0 0.733511 0.39801 0.0150527 0.00894913 0.435188
0 0.889807 0.309617 0.0127834 0.00922291 0.42629
0 0.469065 0.179604 0.0133223 0.00961149 0.419687
0 0.471398 0.37775 0.0112694 0.00913605 0.410165
0 0.460789 0.814194 0.0128195 0.0126758 0.397426
0 0.652476 0.394487 0.0133918 0.0104932 0.397082
0 0.630925 0.98063 0.0117975 0.00944386 0.393838
0 0.594078 0.367549 0.0113813 0.0106382 0.385466
0 0.181342 0.0362394 0.0145048 0.00949657 0.338033
0 0.0750237 0.848777 0.0133791 0.0105955 0.333524
0 0.130862 0.337016 0.0141049 0.00852052 0.322573
0 0.155054 0.607747 0.0150283 0.0111201 0.302532
0 0.0251469 0.675614 0.0122584 0.0115824 0.295323
0 0.326372 0.139986 0.0133433 0.00791871 0.293708
0 0.408178 0.831126 0.0148593 0.0132472 0.291681
0 0.173759 0.317788 0.0135729 0.0107445 0.290151
0 0.557271 0.240471 0.0131669 0.00829079 0.287067
0 0.73957 0.437813 0.0109528 0.00817562 0.280864
0 0.137343 0.732878 0.0127021 0.00994207 0.278611
0 0.141632 0.20054 0.0152863 0.00965734 0.275869
0 0.183421 0.608376 0.0127989 0.0118413 0.270468
0 0.603471 0.638329 0.00896543 0.0061353 0.265621
0 0.547699 0.692519 0.0153127 0.0105776 0.258462
0 0.679429 0.415577 0.0146455 0.0124427 0.256145
0 0.705494 0.424049 0.0130434 0.00887577 0.254631
0 0.610917 0.280288 0.00806778 0.00843799 0.244543
0 0.729624 0.459302 0.0129145 0.00751738 0.238974
0 0.61605 0.280306 0.00869553 0.00791983 0.235921
0 0.365056 0.551141 0.0145748 0.0125486 0.224896
0 0.856098 0.37903 0.0157585 0.0101492 0.221937
0 0.785593 0.606245 0.0166062 0.0101909 0.221736
0 0.0257911 0.330425 0.0133437 0.0110989 0.216334
0 0.192632 0.603016 0.0154509 0.0107289 0.215763
0 0.650429 0.692265 0.0132691 0.0105946 0.202609
0 0.996396 0.140723 0.00720901 0.0103114 0.198803
0 0.0669338 0.184259 0.0129711 0.00943269 0.19747
0 0.391928 0.541907 0.0129069 0.0115731 0.191871
0 0.714648 0.137668 0.0150457 0.00983132 0.187504
0 0.194809 0.306449 0.0152541 0.00874489 0.183657
0 0.0684874 0.829126 0.0137124 0.00986299 0.17685
0 0.440616 0.213237 0.0118388 0.0100208 0.173471
0 0.00540233 0.757436 0.010795 0.0118056 0.161962
0 0.351382 0.330054 0.013979 0.00868561 0.157468
0 0.725044 0.868856 0.0135623 0.0132383 0.157224
0 0.606497 0.146623 0.0143816 0.0117178 0.156316
0 0.595918 0.12369 0.0123196 0.011626 0.143986
0 0.750774 0.294013 0.0117623 0.00764662 0.140826
0 0.576673 0.687777 0.0138426 0.0105663 0.139952
0 0.752068 0.285143 0.0130314 0.00736679 0.139098
0 0.616623 0.688411 0.015458 0.0106127 0.138294
0 0.651512 0.808888 0.00873602 0.00750866 0.134043
0 0.176829 0.602334 0.0144203 0.011403 0.133311
0 0.00365106 0.263855 0.00730212 0.00856239 0.130114
0 0.431581 0.417718 0.0151185 0.01229 0.128896
0 0.702291 0.279543 0.0142268 0.00954676 0.123101
0 0.504779 0.53694 0.015268 0.0096226 0.122138
0 0.197184 0.128141 0.00929119 0.00733784 0.11937
0 0.996957 0.479881 0.0060713 0.00835988 0.116155
0 0.0229154 0.178439 0.0135127 0.0107495 0.116038
0 0.538842 0.152109 0.0138133 0.00893687 0.115983
0 0.0546757 0.960435 0.0173683 0.0129539 0.113007
0 0.697511 0.525311 0.0123655 0.010165 0.111315
0 0.35634 0.292839 0.014915 0.00988939 0.108344
0 0.547191 0.997833 0.0122867 0.0043335 0.107485
0 0.667579 0.394283 0.0127633 0.00984906 0.880076
0 0.517356 0.410584 0.0146372 0.0121703 0.869808
0 0.469154 0.0471396 0.0107534 0.00883005 0.86549
0 0.243201 0.370894 0.0126096 0.0108019 0.860005
0 0.83784 0.152341 0.0125942 0.00933659 0.859153
0 0.69935 0.633114 0.0155148 0.0105122 0.849322
0 0.376239 0.146706 0.0104452 0.00710338 0.848647
0 0.943535 0.736782 0.00930633 0.0084831 0.846667
0 0.264009 0.33358 0.0102686 0.00889076 0.84485
0 0.636324 0.67319 0.0139053 0.0121821 0.843551
0 0.409515 0.365261 0.013438 0.00845643 0.843135
0 0.912575 0.531958 0.0107968 0.0105086 0.839533
0 0.363833 0.536344 0.0160934 0.0105858 0.833074
0 0.559459 0.742977 0.0129223 0.010962 0.825107
0 0.621261 0.595958 0.0140727 0.0118323 0.820054
0 0.21881 0.668643 0.0131484 0.0104823 0.819091
0 0.764173 0.404156 0.0124531 0.0115901 0.812311
0 0.206165 0.265916 0.0112229 0.00881437 0.807325
0 0.245406 0.976166 0.0166883 0.0118114 0.806621
0 0.696954 0.416211 0.00973487 0.00862866 0.802961
0 0.622058 0.405033 0.0170342 0.0118966 0.798297
0 0.571406 0.549717 0.0155259 0.0102807 0.796971
0 0.579776 0.656242 0.014806 0.0126902 0.794513
0 0.739163 0.157984 0.0122028 0.010579 0.792701
0 0.755951 0.69645 0.0127936 0.0118963 0.786452
0 0.579739 0.256602 0.0139914 0.00912582 0.782438
0 0.448346 0.640999 0.0145034 0.00884447 0.778197
0 0.42399 0.196983 0.0133237 0.0093519 0.777818
0 0.542442 0.858999 0.0149712 0.0115441 0.773814
0 0.693099 0.866687 0.0125072 0.0107967 0.773668
0 0.0307381 0.618156 0.0150313 0.0108287 0.766929
0 0.325763 0.0457611 0.0111419 0.00872777 0.766492
0 0.528986 0.363895 0.0142623 0.0109384 0.765743
0 0.700816 0.234683 0.0136559 0.00863858 0.761335
0 0.351051 0.0765388 0.0116328 0.00780714 0.76081
0 0.797168 0.426405 0.0116313 0.00947749 0.757304
0 0.611774 0.633548 0.0148001 0.0113027 0.74786
0 0.922881 0.373005 0.0121121 0.0109164 0.7427
0 0.343472 0.248739 0.0141883 0.0088669 0.737455
0 0.26577 0.206841 0.0127857 0.0101613 0.73665
0 0.615058 0.659106 0.0132336 0.0107193 0.736202
0 0.429813 0.301996 0.0125453 0.00924649 0.725923
0 0.74879 0.703686 0.0132565 0.0117525 0.714208
0 0.175824 0.673892 0.013485 0.0116904 0.713457
0 0.0768332 0.374619 0.0128573 0.0112788 0.705264
0 0.356505 0.471539 0.0152551 0.0122073 0.703978
0 0.13103 0.208866 0.0120912 0.0107064 0.703101
0 0.683527 0.520772 0.0133407 0.00990846 0.687269
0 0.842515 0.214996 0.0117486 0.00861398 0.68373
0 0.490192 0.520329 0.0135125 0.0118093 0.679386
0 0.323298 0.579019 0.0124598 0.0122818 0.666951
0 0.731602 0.503075 0.0144803 0.00939212 0.660449
0 0.716735 0.631667 0.015728 0.0102112 0.65799
0 0.790636 0.408478 0.0114313 0.00910771 0.650957
0 0.585624 0.23597 0.0153932 0.0089078 0.648613
0 0.342698 0.363086 0.0144792 0.0112003 0.6481
0 0.601455 0.715879 0.0164564 0.0111439 0.638601
0 0.161272 0.206634 0.0137807 0.0117144 0.622983
0 0.578026 0.270547 0.00986695 0.00915552 0.619251
0 0.305456 0.756947 0.0135268 0.0132823 0.617863
0 0.834616 0.393312 0.0148098 0.00929463 0.608451
0 0.698862 0.43627 0.0117242 0.0102799 0.58274
0 0.429105 0.391473 0.013335 0.0101353 0.582011
0 0.702318 0.459481 0.0122744 0.00984816 0.580478
0 0.420383 0.213685 0.0134676 0.0111348 0.577847
0 0.384339 0.570402 0.0146954 0.0112392 0.57023
0 0.862728 0.121327 0.0134955 0.0103958 0.565015
0 0.95365 0.520101 0.0145355 0.0112713 0.564777
0 0.0131593 0.986279 0.0149796 0.0143774 0.562339
0 0.517775 0.379562 0.0142344 0.0120755 0.558263
0 0.354009 0.406972 0.0159363 0.0101215 0.552821
0 0.175139 0.707665 0.0165679 0.0113275 0.547637
0 0.494774 0.210414 0.013615 0.00902224 0.5252
0 0.158954 0.718191 0.016349 0.010555 0.52061
0 0.709858 0.258851 0.0124449 0.00931949 0.497893
0 0.224542 0.21637 0.0141083 0.0101865 0.495841
0 0.433412 0.0919998 0.0120058 0.00808904 0.493176
0 0.549518 0.55225 0.0121034 0.00919312 0.487196
0 0.3886 0.323864 0.0141024 0.00849339 0.482466
0 0.22082 0.0840585 0.0144409 0.00859356 0.458254
0 0.38184 0.517425 0.0132618 0.0107571 0.449023
0 0.733511 0.39801 0.0150527 0.00894913 0.435188
0 0.889807 0.309617 0.0127834 0.00922291 0.42629
0 0.469065 0.179604 0.0133223 0.00961149 0.419687
0 0.471398 0.37775 0.0112694 0.00913605 0.410165
0 0.460789 0.814194 0.0128195 0.0126758 0.397426
0 0.652476 0.394487 0.0133918 0.0104932 0.397082
0 0.630925 0.98063 0.0117975 0.00944386 0.393838
0 0.594078 0.367549 0.0113813 0.0106382 0.385466
0 0.181342 0.0362394 0.0145048 0.00949657 0.338033
0 0.0750237 0.848777 0.0133791 0.0105955 0.333524
0 0.130862 0.337016 0.0141049 0.00852052 0.322573
0 0.155054 0.607747 0.0150283 0.0111201 0.302532
0 0.0251469 0.675614 0.0122584 0.0115824 0.295323
0 0.326372 0.139986 0.0133433 0.00791871 0.293708
0 0.408178 0.831126 0.0148593 0.0132472 0.291681
0 0.173759 0.317788 0.0135729 0.0107445 0.290151
0 0.557271 0.240471 0.0131669 0.00829079 0.287067
0 0.73957 0.437813 0.0109528 0.00817562 0.280864
0 0.137343 0.732878 0.0127021 0.00994207 0.278611
0 0.141632 0.20054 0.0152863 0.00965734 0.275869
0 0.183421 0.608376 0.0127989 0.0118413 0.270468
0 0.603471 0.638329 0.00896543 0.0061353 0.265621
0 0.547699 0.692519 0.0153127 0.0105776 0.258462
0 0.679429 0.415577 0.0146455 0.0124427 0.256145
0 0.705494 0.424049 0.0130434 0.00887577 0.254631
0 0.610917 0.280288 0.00806778 0.00843799 0.244543
0 0.729624 0.459302 0.0129145 0.00751738 0.238974
0 0.61605 0.280306 0.00869553 0.00791983 0.235921
0 0.365056 0.551141 0.0145748 0.0125486 0.224896
0 0.856098 0.37903 0.0157585 0.0101492 0.221937
0 0.785593 0.606245 0.0166062 0.0101909 0.221736
0 0.0257911 0.330425 0.0133437 0.0110989 0.216334
0 0.192632 0.603016 0.0154509 0.0107289 0.215763
0 0.650429 0.692265 0.0132691 0.0105946 0.202609
0 0.996396 0.140723 0.00720901 0.0103114 0.198803
0 0.0669338 0.184259 0.0129711 0.00943269 0.19747
0 0.391928 0.541907 0.0129069 0.0115731 0.191871
0 0.714648 0.137668 0.0150457 0.00983132 0.187504
0 0.194809 0.306449 0.0152541 0.00874489 0.183657
0 0.0684874 0.829126 0.0137124 0.00986299 0.17685
0 0.440616 0.213237 0.0118388 0.0100208 0.173471
0 0.00540233 0.757436 0.010795 0.0118056 0.161962
0 0.351382 0.330054 0.013979 0.00868561 0.157468
0 0.725044 0.868856 0.0135623 0.0132383 0.157224
0 0.606497 0.146623 0.0143816 0.0117178 0.156316
0 0.595918 0.12369 0.0123196 0.011626 0.143986
0 0.750774 0.294013 0.0117623 0.00764662 0.140826
0 0.576673 0.687777 0.0138426 0.0105663 0.139952
0 0.752068 0.285143 0.0130314 0.00736679 0.139098
0 0.616623 0.688411 0.015458 0.0106127 0.138294
0 0.651512 0.808888 0.00873602 0.00750866 0.134043
0 0.176829 0.602334 0.0144203 0.011403 0.133311
0 0.00365106 0.263855 0.00730212 0.00856239 0.130114
0 0.431581 0.417718 0.0151185 0.01229 0.128896
0 0.702291 0.279543 0.0142268 0.00954676 0.123101
0 0.504779 0.53694 0.015268 0.0096226 0.122138
0 0.197184 0.128141 0.00929119 0.00733784 0.11937
0 0.996957 0.479881 0.0060713 0.00835988 0.116155
0 0.0229154 0.178439 0.0135127 0.0107495 0.116038
0 0.538842 0.152109 0.0138133 0.00893687 0.115983
0 0.0546757 0.960435 0.0173683 0.0129539 0.113007
0 0.697511 0.525311 0.0123655 0.010165 0.111315
0 0.35634 0.292839 0.014915 0.00988939 0.108344
0 0.547191 0.997833 0.0122867 0.0043335 0.107485
0 0.667579 0.394283 0.0127633 0.00984906 0.880076
0 0.517356 0.410584 0.0146372 0.0121703 0.869808
0 0.469154 0.0471396 0.0107534 0.00883005 0.86549
0 0.243201 0.370894 0.0126096 0.0108019 0.860005
0 0.83784 0.152341 0.0125942 0.00933659 0.859153
0 0.69935 0.633114 0.0155148 0.0105122 0.849322
0 0.376239 0.146706 0.0104452 0.00710338 0.848647
0 0.943535 0.736782 0.00930633 0.0084831 0.846667
0 0.264009 0.33358 0.0102686 0.00889076 0.84485
0 0.636324 0.67319 0.0139053 0.0121821 0.843551
0 0.409515 0.365261 0.013438 0.00845643 0.843135
0 0.912575 0.531958 0.0107968 0.0105086 0.839533
0 0.363833 0.536344 0.0160934 0.0105858 0.833074
0 0.559459 0.742977 0.0129223 0.010962 0.825107
0 0.621261 0.595958 0.0140727 0.0118323 0.820054
0 0.21881 0.668643 0.0131484 0.0104823 0.819091
0 0.764173 0.404156 0.0124531 0.0115901 0.812311
0 0.206165 0.265916 0.0112229 0.00881437 0.807325
0 0.245406 0.976166 0.0166883 0.0118114 0.806621
0 0.696954 0.416211 0.00973487 0.00862866 0.802961
0 0.622058 0.405033 0.0170342 0.0118966 0.798297
0 0.571406 0.549717 0.0155259 0.0102807 0.796971
0 0.579776 0.656242 0.014806 0.0126902 0.794513
0 0.739163 0.157984 0.0122028 0.010579 0.792701
0 0.755951 0.69645 0.0127936 0.0118963 0.786452
0 0.579739 0.256602 0.0139914 0.00912582 0.782438
0 0.448346 0.640999 0.0145034 0.00884447 0.778197
0 0.42399 0.196983 0.0133237 0.0093519 0.777818
0 0.542442 0.858999 0.0149712 0.0115441 0.773814
0 0.693099 0.866687 0.0125072 0.0107967 0.773668
0 0.0307381 0.618156 0.0150313 0.0108287 0.766929
0 0.325763 0.0457611 0.0111419 0.00872777 0.766492
0 0.528986 0.363895 0.0142623 0.0109384 0.765743
0 0.700816 0.234683 0.0136559 0.00863858 0.761335
0 0.351051 0.0765388 0.0116328 0.00780714 0.76081
0 0.797168 0.426405 0.0116313 0.00947749 0.757304
0 0.611774 0.633548 0.0148001 0.0113027 0.74786
0 0.922881 0.373005 0.0121121 0.0109164 0.7427
0 0.343472 0.248739 0.0141883 0.0088669 0.737455
0 0.26577 0.206841 0.0127857 0.0101613 0.73665
0 0.615058 0.659106 0.0132336 0.0107193 0.736202
0 0.429813 0.301996 0.0125453 0.00924649 0.725923
0 0.74879 0.703686 0.0132565 0.0117525 0.714208
0 0.175824 0.673892 0.013485 0.0116904 0.713457
0 0.0768332 0.374619 0.0128573 0.0112788 0.705264
0 0.356505 0.471539 0.0152551 0.0122073 0.703978
0 0.13103 0.208866 0.0120912 0.0107064 0.703101
0 0.683527 0.520772 0.0133407 0.00990846 0.687269
0 0.842515 0.214996 0.0117486 0.00861398 0.68373
0 0.490192 0.520329 0.0135125 0.0118093 0.679386
0 0.323298 0.579019 0.0124598 0.0122818 0.666951
0 0.731602 0.503075 0.0144803 0.00939212 0.660449
0 0.716735 0.631667 0.015728 0.0102112 0.65799
0 0.790636 0.408478 0.0114313 0.00910771 0.650957
0 0.585624 0.23597 0.0153932 0.0089078 0.648613
0 0.342698 0.363086 0.0144792 0.0112003 0.6481
0 0.601455 0.715879 0.0164564 0.0111439 0.638601
0 0.161272 0.206634 0.0137807 0.0117144 0.622983
0 0.578026 0.270547 0.00986695 0.00915552 0.619251
0 0.305456 0.756947 0.0135268 0.0132823 0.617863
0 0.834616 0.393312 0.0148098 0.00929463 0.608451
0 0.698862 0.43627 0.0117242 0.0102799 0.58274
0 0.429105 0.391473 0.013335 0.0101353 0.582011
0 0.702318 0.459481 0.0122744 0.00984816 0.580478
0 0.420383 0.213685 0.0134676 0.0111348 0.577847
0 0.384339 0.570402 0.0146954 0.0112392 0.57023
0 0.862728 0.121327 0.0134955 0.0103958 0.565015
0 0.95365 0.520101 0.0145355 0.0112713 0.564777
0 0.0131593 0.986279 0.0149796 0.0143774 0.562339
0 0.517775 0.379562 0.0142344 0.0120755 0.558263
0 0.354009 0.406972 0.0159363 0.0101215 0.552821
0 0.175139 0.707665 0.0165679 0.0113275 0.547637
0 0.494774 0.210414 0.013615 0.00902224 0.5252
0 0.158954 0.718191 0.016349 0.010555 0.52061
0 0.709858 0.258851 0.0124449 0.00931949 0.497893
0 0.224542 0.21637 0.0141083 0.0101865 0.495841
0 0.433412 0.0919998 0.0120058 0.00808904 0.493176
0 0.549518 0.55225 0.0121034 0.00919312 0.487196
0 0.3886 0.323864 0.0141024 0.00849339 0.482466
0 0.22082 0.0840585 0.0144409 0.00859356 0.458254
0 0.38184 0.517425 0.0132618 0.0107571 0.449023
0 0.733511 0.39801 0.0150527 0.00894913 0.435188
0 0.889807 0.309617 0.0127834 0.00922291 0.42629
0 0.469065 0.179604 0.0133223 0.00961149 0.419687
0 0.471398 0.37775 0.0112694 0.00913605 0.410165
0 0.460789 0.814194 0.0128195 0.0126758 0.397426
0 0.652476 0.394487 0.0133918 0.0104932 0.397082
0 0.630925 0.98063 0.0117975 0.00944386 0.393838
0 0.594078 0.367549 0.0113813 0.0106382 0.385466
0 0.181342 0.0362394 0.0145048 0.00949657 0.338033
0 0.0750237 0.848777 0.0133791 0.0105955 0.333524
0 0.130862 0.337016 0.0141049 0.00852052 0.322573
0 0.155054 0.607747 0.0150283 0.0111201 0.302532
0 0.0251469 0.675614 0.0122584 0.0115824 0.295323
0 0.326372 0.139986 0.0133433 0.00791871 0.293708
0 0.408178 0.831126 0.0148593 0.0132472 0.291681
0 0.173759 0.317788 0.0135729 0.0107445 0.290151
0 0.557271 0.240471 0.0131669 0.00829079 0.287067
0 0.73957 0.437813 0.0109528 0.00817562 0.280864
0 0.137343 0.732878 0.0127021 0.00994207 0.278611
0 0.141632 0.20054 0.0152863 0.00965734 0.275869
0 0.183421 0.608376 0.0127989 0.0118413 0.270468
0 0.603471 0.638329 0.00896543 0.0061353 0.265621
0 0.547699 0.692519 0.0153127 0.0105776 0.258462
0 0.679429 0.415577 0.0146455 0.0124427 0.256145
0 0.705494 0.424049 0.0130434 0.00887577 0.254631
0 0.610917 0.280288 0.00806778 0.00843799 0.244543
0 0.729624 0.459302 0.0129145 0.00751738 0.238974
0 0.61605 0.280306 0.00869553 0.00791983 0.235921
0 0.365056 0.551141 0.0145748 0.0125486 0.224896
0 0.856098 0.37903 0.0157585 0.0101492 0.221937
0 0.785593 0.606245 0.0166062 0.0101909 0.221736
0 0.0257911 0.330425 0.0133437 0.0110989 0.216334
0 0.192632 0.603016 0.0154509 0.0107289 0.215763
0 0.650429 0.692265 0.0132691 0.0105946 0.202609
0 0.996396 0.140723 0.00720901 0.0103114 0.198803
0 0.0669338 0.184259 0.0129711 0.00943269 0.19747
0 0.391928 0.541907 0.0129069 0.0115731 0.191871
0 0.714648 0.137668 0.0150457 0.00983132 0.187504
0 0.194809 0.306449 0.0152541 0.00874489 0.183657
0 0.0684874 0.829126 0.0137124 0.00986299 0.17685
0 0.440616 0.213237 0.0118388 0.0100208 0.173471
0 0.00540233 0.757436 0.010795 0.0118056 0.161962
0 0.351382 0.330054 0.013979 0.00868561 0.157468
0 0.725044 0.868856 0.0135623 0.0132383 0.157224
0 0.606497 0.146623 0.0143816 0.0117178 0.156316
0 0.595918 0.12369 0.0123196 0.011626 0.143986
0 0.750774 0.294013 0.0117623 0.00764662 0.140826
0 0.576673 0.687777 0.0138426 0.0105663 0.139952
0 0.752068 0.285143 0.0130314 0.00736679 0.139098
0 0.616623 0.688411 0.015458 0.0106127 0.138294
0 0.651512 0.808888 0.00873602 0.00750866 0.134043
0 0.176829 0.602334 0.0144203 0.011403 0.133311
0 0.00365106 0.263855 0.00730212 0.00856239 0.130114
0 0.431581 0.417718 0.0151185 0.01229 0.128896
0 0.702291 0.279543 0.0142268 0.00954676 0.123101
0 0.504779 0.53694 0.015268 0.0096226 0.122138
0 0.197184 0.128141 0.00929119 0.00733784 0.11937
0 0.996957 0.479881 0.0060713 0.00835988 0.116155
0 0.0229154 0.178439 0.0135127 0.0107495 0.116038
0 0.538842 0.152109 0.0138133 0.00893687 0.115983
0 0.0546757 0.960435 0.0173683 0.0129539 0.113007
0 0.697511 0.525311 0.0123655 0.010165 0.111315
0 0.35634 0.292839 0.014915 0.00988939 0.108344
0 0.547191 0.997833 0.0122867 0.0043335 0.107485
0 0.667579 0.394283 0.0127633 0.00984906 0.880076
0 0.517356 0.410584 0.0146372 0.0121703 0.869808
0 0.469154 0.0471396 0.0107534 0.00883005 0.86549
0 0.243201 0.370894 0.0126096 0.0108019 0.860005
0 0.83784 0.152341 0.0125942 0.00933659 0.859153
0 0.69935 0.633114 0.0155148 0.0105122 0.849322
0 0.376239 0.146706 0.0104452 0.00710338 0.848647
0 0.943535 0.736782 0.00930633 0.0084831 0.846667
0 0.264009 0.33358 0.0102686 0.00889076 0.84485
0 0.636324 0.67319 0.0139053 0.0121821 0.843551
0 0.409515 0.365261 0.013438 0.00845643 0.843135
0 0.912575 0.531958 0.0107968 0.0105086 0.839533
0 0.363833 0.536344 0.0160934 0.0105858 0.833074
0 0.559459 0.742977 0.0129223 0.010962 0.825107
0 0.621261 0.595958 0.0140727 0.0118323 0.820054
0 0.21881 0.668643 0.0131484 0.0104823 0.819091
0 0.764173 0.404156 0.0124531 0.0115901 0.812311
0 0.206165 0.265916 0.0112229 0.00881437 0.807325
0 0.245406 0.976166 0.0166883 0.0118114 0.806621
0 0.696954 0.416211 0.00973487 0.00862866 0.802961
0 0.622058 0.405033 0.0170342 0.0118966 0.798297
0 0.571406 0.549717 0.0155259 0.0102807 0.796971
0 0.579776 0.656242 0.014806 0.0126902 0.794513
0 0.739163 0.157984 0.0122028 0.010579 0.792701
0 0.755951 0.69645 0.0127936 0.0118963 0.786452
0 0.579739 0.256602 0.0139914 0.00912582 0.782438
0 0.448346 0.640999 0.0145034 0.00884447 0.778197
0 0.42399 0.196983 0.0133237 0.0093519 0.777818
0 0.542442 0.858999 0.0149712 0.0115441 0.773814
0 0.693099 0.866687 0.0125072 0.0107967 0.773668
0 0.0307381 0.618156 0.0150313 0.0108287 0.766929
0 0.325763 0.0457611 0.0111419 0.00872777 0.766492
0 0.528986 0.363895 0.0142623 0.0109384 0.765743
0 0.700816 0.234683 0.0136559 0.00863858 0.761335
0 0.351051 0.0765388 0.0116328 0.00780714 0.76081
0 0.797168 0.426405 0.0116313 0.00947749 0.757304
0 0.611774 0.633548 0.0148001 0.0113027 0.74786
0 0.922881 0.373005 0.0121121 0.0109164 0.7427
0 0.343472 0.248739 0.0141883 0.0088669 0.737455
0 0.26577 0.206841 0.0127857 0.0101613 0.73665
0 0.615058 0.659106 0.0132336 0.0107193 0.736202
0 0.429813 0.301996 0.0125453 0.00924649 0.725923
0 0.74879 0.703686 0.0132565 0.0117525 0.714208
0 0.175824 0.673892 0.013485 0.0116904 0.713457
0 0.0768332 0.374619 0.0128573 0.0112788 0.705264
0 0.356505 0.471539 0.0152551 0.0122073 0.703978
0 0.13103 0.208866 0.0120912 0.0107064 0.703101
0 0.683527 0.520772 0.0133407 0.00990846 0.687269
0 0.842515 0.214996 0.0117486 0.00861398 0.68373
0 0.490192 0.520329 0.0135125 0.0118093 0.679386
0 0.323298 0.579019 0.0124598 0.0122818 0.666951
0 0.731602 0.503075 0.0144803 0.00939212 0.660449
0 0.716735 0.631667 0.015728 0.0102112 0.65799
0 0.790636 0.408478 0.0114313 0.00910771 0.650957
0 0.585624 0.23597 0.0153932 0.0089078 0.648613
0 0.342698 0.363086 0.0144792 0.0112003 0.6481
0 0.601455 0.715879 0.0164564 0.0111439 0.638601
0 0.161272 0.206634 0.0137807 0.0117144 0.622983
0 0.578026 0.270547 0.00986695 0.00915552 0.619251
0 0.305456 0.756947 0.0135268 0.0132823 0.617863
0 0.834616 0.393312 0.0148098 0.00929463 0.608451
0 0.698862 0.43627 0.0117242 0.0102799 0.58274
0 0.429105 0.391473 0.013335 0.0101353 0.582011
0 0.702318 0.459481 0.0122744 0.00984816 0.580478
0 0.420383 0.213685 0.0134676 0.0111348 0.577847
0 0.384339 0.570402 0.0146954 0.0112392 0.57023
0 0.862728 0.121327 0.0134955 0.0103958 0.565015
0 0.95365 0.520101 0.0145355 0.0112713 0.564777
0 0.0131593 0.986279 0.0149796 0.0143774 0.562339
0 0.517775 0.379562 0.0142344 0.0120755 0.558263
0 0.354009 0.406972 0.0159363 0.0101215 0.552821
0 0.175139 0.707665 0.0165679 0.0113275 0.547637
0 0.494774 0.210414 0.013615 0.00902224 0.5252
0 0.158954 0.718191 0.016349 0.010555 0.52061
0 0.709858 0.258851 0.0124449 0.00931949 0.497893
0 0.224542 0.21637 0.0141083 0.0101865 0.495841
0 0.433412 0.0919998 0.0120058 0.00808904 0.493176
0 0.549518 0.55225 0.0121034 0.00919312 0.487196
0 0.3886 0.323864 0.0141024 0.00849339 0.482466
0 0.22082 0.0840585 0.0144409 0.00859356 0.458254
0 0.38184 0.517425 0.0132618 0.0107571 0.449023
0 0.733511 0.39801 0.0150527 0.00894913 0.435188
0 0.889807 0.309617 0.0127834 0.00922291 0.42629
0 0.469065 0.179604 0.0133223 0.00961149 0.419687
0 0.471398 0.37775 0.0112694 0.00913605 0.410165
0 0.460789 0.814194 0.0128195 0.0126758 0.397426
0 0.652476 0.394487 0.0133918 0.0104932 0.397082
0 0.630925 0.98063 0.0117975 0.00944386 0.393838
0 0.594078 0.367549 0.0113813 0.0106382 0.385466
0 0.181342 0.0362394 0.0145048 0.00949657 0.338033
0 0.0750237 0.848777 0.0133791 0.0105955 0.333524
0 0.130862 0.337016 0.0141049 0.00852052 0.322573
0 0.155054 0.607747 0.0150283 0.0111201 0.302532
0 0.0251469 0.675614 0.0122584 0.0115824 0.295323
0 0.326372 0.139986 0.0133433 0.00791871 0.293708
0 0.408178 0.831126 0.0148593 0.0132472 0.291681
0 0.173759 0.317788 0.0135729 0.0107445 0.290151
0 0.557271 0.240471 0.0131669 0.00829079 0.287067
0 0.73957 0.437813 0.0109528 0.00817562 0.280864
0 0.137343 0.732878 0.0127021 0.00994207 0.278611
0 0.141632 0.20054 0.0152863 0.00965734 0.275869
0 0.183421 0.608376 0.0127989 0.0118413 0.270468
0 0.603471 0.638329 0.00896543 0.0061353 0.265621
0 0.547699 0.692519 0.0153127 0.0105776 0.258462
0 0.679429 0.415577 0.0146455 0.0124427 0.256145
0 0.705494 0.424049 0.0130434 0.00887577 0.254631
0 0.610917 0.280288 0.00806778 0.00843799 0.244543
0 0.729624 0.459302 0.0129145 0.00751738 0.238974
0 0.61605 0.280306 0.00869553 0.00791983 0.235921
0 0.365056 0.551141 0.0145748 0.0125486 0.224896
0 0.856098 0.37903 0.0157585 0.0101492 0.221937
0 0.785593 0.606245 0.0166062 0.0101909 0.221736
0 0.0257911 0.330425 0.0133437 0.0110989 0.216334
0 0.192632 0.603016 0.0154509 0.0107289 0.215763
0 0.650429 0.692265 0.0132691 0.0105946 0.202609
0 0.996396 0.140723 0.00720901 0.0103114 0.198803
0 0.0669338 0.184259 0.0129711 0.00943269 0.19747
0 0.391928 0.541907 0.0129069 0.0115731 0.191871
0 0.714648 0.137668 0.0150457 0.00983132 0.187504
0 0.194809 0.306449 0.0152541 0.00874489 0.183657
0 0.0684874 0.829126 0.0137124 0.00986299 0.17685
0 0.440616 0.213237 0.0118388 0.0100208 0.173471
0 0.00540233 0.757436 0.010795 0.0118056 0.161962
0 0.351382 0.330054 0.013979 0.00868561 0.157468
0 0.725044 0.868856 0.0135623 0.0132383 0.157224
0 0.606497 0.146623 0.0143816 0.0117178 0.156316
0 0.595918 0.12369 0.0123196 0.011626 0.143986
0 0.750774 0.294013 0.0117623 0.00764662 0.140826
0 0.576673 0.687777 0.0138426 0.0105663 0.139952
0 0.752068 0.285143 0.0130314 0.00736679 0.139098
0 0.616623 0.688411 0.015458 0.0106127 0.138294
0 0.651512 0.808888 0.00873602 0.00750866 0.134043
0 0.176829 0.602334 0.0144203 0.011403 0.133311
0 0.00365106 0.263855 0.00730212 0.00856239 0.130114
0 0.431581 0.417718 0.0151185 0.01229 0.128896
0 0.702291 0.279543 0.0142268 0.00954676 0.123101
0 0.504779 0.53694 0.015268 0.0096226 0.122138
0 0.197184 0.128141 0.00929119 0.00733784 0.11937
0 0.996957 0.479881 0.0060713 0.00835988 0.116155
0 0.0229154 0.178439 0.0135127 0.0107495 0.116038
0 0.538842 0.152109 0.0138133 0.00893687 0.115983
0 0.0546757 0.960435 0.0173683 0.0129539 0.113007
0 0.697511 0.525311 0.0123655 0.010165 0.111315
0 0.35634 0.292839 0.014915 0.00988939 0.108344
0 0.547191 0.997833 0.0122867 0.0043335 0.107485
0 0.760011 0.0385684 0.0103142 0.00872093 0.924072
0 0.235433 0.0612997 0.0112327 0.00834052 0.919406
0 0.653331 0.0763112 0.0113561 0.00891034 0.917241
0 0.752424 0.124415 0.0112676 0.00852259 0.910016
0 0.709652 0.15564 0.0115959 0.00912634 0.884773
0 0.792185 0.127815 0.0105808 0.00777338 0.877135
0 0.719708 0.110004 0.010253 0.00821945 0.812939
0 0.761918 0.203888 0.0117939 0.00790778 0.806076
0 0.913657 0.156271 0.0101286 0.00752932 0.690346
0 0.723736 0.0904745 0.0114014 0.00767359 0.11211
0 0.447104 0.802464 0.011096 0.00913221 0.91575
0 0.553605 0.820482 0.00972863 0.00831991 0.914185
0 0.440831 0.818379 0.0104395 0.00754917 0.91316
0 0.821894 0.837606 0.0102751 0.00815827 0.887028
0 0.844021 0.803151 0.00953182 0.00749791 0.864392
0 0.118075 0.866371 0.0104254 0.0073846 0.852279
0 0.198899 0.800837 0.0103494 0.00754887 0.828365
0 0.734937 0.830758 0.0097998 0.00783104 0.807446
0 0.930045 0.83941 0.0100701 0.00742012 0.716456
0 0.747976 0.935905 0.00921655 0.00782871 0.648508
0 0.701819 0.827096 0.010835 0.00811476 0.466134
0 0.552916 0.946105 0.0105237 0.0080381 0.456356
0 0.769819 0.805965 0.0104484 0.00924051 0.378308
0 0.615578 0.765728 0.00872588 0.00774205 0.22131
0 0.77635 0.813231 0.0125931 0.0100938 0.196985
0 0.763684 0.798152 0.0112513 0.00891894 0.109766
0 0.122775 0.946042 0.0119803 0.0147495 0.12043
0 0.269144 0.751499 0.0111833 0.00818259 0.935346
0 0.207647 0.0737316 0.0122097 0.00856063 0.927077
0 0.4212 0.528863 0.0107086 0.00732768 0.92609
0 0.267397 0.381652 0.0119365 0.00884327 0.925938
0 0.27297 0.414003 0.0114905 0.00823724 0.925289
0 0.269016 0.100658 0.0106644 0.00859853 0.923398
0 0.274224 0.169244 0.0124024 0.00890158 0.922954
0 0.32589 0.481776 0.0105324 0.00896665 0.922574
0 0.325607 0.398475 0.0117226 0.00914082 0.920319
0 0.340785 0.580564 0.0102611 0.00829476 0.918769
0 0.21395 0.403386 0.0103077 0.00846505 0.91873
0 0.266974 0.238159 0.0112554 0.0077401 0.917496
0 0.910138 0.288842 0.0109828 0.0081054 0.916313
0 0.391806 0.514716 0.0093176 0.00806367 0.916152
0 0.192406 0.638964 0.0112167 0.00858939 0.916051
0 0.138532 0.0690662 0.0119032 0.00846262 0.914861
0 0.357344 0.560519 0.0105017 0.00872624 0.913485
0 0.156622 0.181535 0.0121616 0.0084289 0.912856
0 0.130047 0.23407 0.0103807 0.00858639 0.910759
0 0.264318 0.338398 0.0100233 0.0086067 0.910119
0 0.264393 0.175461 0.0103173 0.00851749 0.909002
0 0.399016 0.553187 0.00988487 0.00829452 0.908737
0 0.267615 0.300331 0.011993 0.00809944 0.908175
0 0.176416 0.0501926 0.0107848 0.00808476 0.907785
0 0.399627 0.384206 0.0117829 0.00797549 0.906419
0 0.357281 0.712881 0.0115139 0.00812531 0.90545
0 0.751831 0.435478 0.010577 0.00704306 0.895475
0 0.212897 0.521588 0.0111026 0.00760144 0.894769
0 0.346237 0.476118 0.0117105 0.00795835 0.891447
0 0.180187 0.460161 0.0111198 0.00841635 0.890222
0 0.486242 0.340093 0.0114502 0.00940016 0.882111
0 0.260015 0.143529 0.0112451 0.0084509 0.881191
0 0.108723 0.252987 0.0120588 0.0090839 0.880432
0 0.169583 0.32806 0.010426 0.00814149 0.880334
0 0.132362 0.284202 0.0115092 0.00918362 0.879449
0 0.686806 0.500555 0.0112619 0.00809965 0.876953
0 0.0864613 0.185064 0.0111882 0.00848214 0.871547
0 0.416747 0.278395 0.00982539 0.00802037 0.871222
0 0.297726 0.167593 0.0114459 0.00854747 0.866019
0 0.357057 0.417752 0.010366 0.00885552 0.864401
0 0.0955413 0.272459 0.0110464 0.00901982 0.849763
0 0.217543 0.548398 0.0116811 0.007797 0.834766
0 0.523334 0.101152 0.0111099 0.00861371 0.829058
0 0.102041 0.0953851 0.00975823 0.00719123 0.827853
0 0.344922 0.0954939 0.0112826 0.00821371 0.818068
0 0.189587 0.335126 0.0092293 0.00818014 0.813662
0 0.139369 0.387272 0.0114452 0.00792679 0.772643
0 0.0972442 0.578271 0.0117532 0.00910318 0.769894
0 0.159066 0.352844 0.0103428 0.00816736 0.768443
0 0.0700756 0.454029 0.0112582 0.00804982 0.764381
0 0.169653 0.260898 0.0107469 0.00691923 0.747713
0 0.148706 0.170039 0.0103547 0.0077426 0.747036
0 0.167332 0.255714 0.0100841 0.00706339 0.743538
0 0.386954 0.0961462 0.0107306 0.00735009 0.739205
0 0.192448 0.163428 0.0106947 0.008757 0.725188
0 0.1196 0.341605 0.0119464 0.00816175 0.716407
0 0.103696 0.187099 0.0133715 0.0101607 0.690148
0 0.098667 0.203048 0.0101281 0.0084414 0.669021
0 0.244338 0.10693 0.0108982 0.00838708 0.634809
0 0.144069 0.25325 0.0106491 0.00720686 0.627456
0 0.164007 0.114692 0.0156416 0.0104216 0.557789
0 0.216368 0.115609 0.00981734 0.00782977 0.526344
0 0.0770465 0.494646 0.0100617 0.00853083 0.479625
0 0.178144 0.295183 0.00966185 0.00819042 0.474457
0 0.178462 0.347471 0.0114122 0.00878516 0.469676
0 0.197073 0.110431 0.00980626 0.00847979 0.444152
0 0.697914 0.116318 0.012644 0.00918821 0.432487
0 0.126108 0.77643 0.011208 0.00880092 0.431949
0 0.279252 0.214444 0.0103099 0.00905828 0.41446
0 0.40822 0.264384 0.0116257 0.00817424 0.388359
0 0.231656 0.126379 0.0111156 0.00763349 0.368406
0 0.0905035 0.146935 0.0121192 0.0096574 0.308917
0 0.105835 0.183196 0.0106669 0.00684406 0.282066
0 0.409538 0.145811 0.0116788 0.00868468 0.257706
0 0.214636 0.224694 0.00946222 0.0101869 0.21444
0 0.142984 0.122911 0.0107622 0.00938135 0.205818
0 0.178849 0.12403 0.011309 0.00959864 0.201461
0 0.214584 0.249337 0.0125202 0.00909831 0.181191
0 0.19244 0.116703 0.0123718 0.00833678 0.140291
0 0.156722 0.211391 0.0143651 0.0101915 0.126757
0 0.172951 0.131097 0.0101356 0.00830045 0.122593
0 0.0733532 0.52003 0.0137295 0.00935495 0.115469
0 0.117105 0.143893 0.0116594 0.00864911 0.111471
0 0.188611 0.239754 0.0200569 0.0124905 0.103202
0 0.760011 0.0385684 0.0103142 0.00872093 0.924072
0 0.235433 0.0612997 0.0112327 0.00834052 0.919406
0 0.653331 0.0763112 0.0113561 0.00891034 0.917241
0 0.752424 0.124415 0.0112676 0.00852259 0.910016
0 0.709652 0.15564 0.0115959 0.00912634 0.884773
0 0.792185 0.127815 0.0105808 0.00777338 0.877135
0 0.719708 0.110004 0.010253 0.00821945 0.812939
0 0.761918 0.203888 0.0117939 0.00790778 0.806076
0 0.913657 0.156271 0.0101286 0.00752932 0.690346
0 0.723736 0.0904745 0.0114014 0.00767359 0.11211
0 0.447104 0.802464 0.011096 0.00913221 0.91575
0 0.553605 0.820482 0.00972863 0.00831991 0.914185
0 0.440831 0.818379 0.0104395 0.00754917 0.91316
0 0.821894 0.837606 0.0102751 0.00815827 0.887028
0 0.844021 0.803151 0.00953182 0.00749791 0.864392
0 0.118075 0.866371 0.0104254 0.0073846 0.852279
0 0.198899 0.800837 0.0103494 0.00754887 0.828365
0 0.734937 0.830758 0.0097998 0.00783104 0.807446
0 0.930045 0.83941 0.0100701 0.00742012 0.716456
0 0.747976 0.935905 0.00921655 0.00782871 0.648508
0 0.701819 0.827096 0.010835 0.00811476 0.466134
0 0.552916 0.946105 0.0105237 0.0080381 0.456356
0 0.769819 0.805965 0.0104484 0.00924051 0.378308
0 0.615578 0.765728 0.00872588 0.00774205 0.22131
0 0.77635 0.813231 0.0125931 0.0100938 0.196985
0 0.763684 0.798152 0.0112513 0.00891894 0.109766
0 0.447113 0.802489 0.0109647 0.00904846 0.873965
0 0.118075 0.866371 0.0104254 0.0073846 0.852279
0 0.198881 0.800848 0.0103207 0.0075711 0.850478
0 0.440846 0.818386 0.0105408 0.00757194 0.82827
0 0.447113 0.802489 0.0109647 0.00904846 0.873965
0 0.118075 0.866371 0.0104254 0.0073846 0.852279
0 0.198881 0.800848 0.0103207 0.0075711 0.850478
0 0.440846 0.818386 0.0105408 0.00757194 0.82827
0 0.232913 0.0627135 0.00590337 0.00890964 0.838697
0 0.017525 0.642277 0.00683212 0.00865084 0.825384
0 0.532903 0.932137 0.00577563 0.00739438 0.768432
0 0.270526 0.036866 0.0057459 0.00834473 0.714674
0 0.894253 0.950541 0.00552562 0.00672557 0.630404
0 0.407451 0.926548 0.00599295 0.00786062 0.617943
0 0.942256 0.924903 0.00580028 0.00719787 0.616728
0 0.962608 0.905866 0.00696122 0.0078431 0.602059
0 0.0245183 0.709554 0.00633468 0.00821787 0.581411
0 0.260816 0.776879 0.00496973 0.00708315 0.516062
0 0.660137 0.608975 0.00536873 0.00729935 0.509292
0 0.160189 0.953046 0.00572238 0.00775017 0.443657
0 0.997396 0.131094 0.00520845 0.00779451 0.43679
0 0.398372 0.949667 0.00536101 0.00803129 0.428231
0 0.974238 0.272496 0.00576328 0.00720647 0.403577
0 0.170675 0.162953 0.00534483 0.00608534 0.360891
0 0.0350316 0.728683 0.00487585 0.00683771 0.360725
0 0.997492 0.644627 0.00501536 0.00651712 0.352797
0 0.810179 0.626656 0.00543976 0.00783979 0.332189
0 0.936728 0.744485 0.00515523 0.00782178 0.322194
0 0.979461 0.842855 0.00533567 0.0068977 0.319183
0 0.242916 0.0483598 0.00485805 0.00690757 0.293217
0 0.990791 0.516682 0.00581911 0.00709526 0.278336
0 0.972419 0.605036 0.00523134 0.006953 0.261075
0 0.683072 0.207104 0.00644266 0.00950168 0.254051
0 0.945471 0.739733 0.00583631 0.0077949 0.232319
0 0.979694 0.183598 0.00497667 0.00643755 0.219855
0 0.918934 0.529966 0.00748946 0.0103941 0.21822
0 0.966483 0.655405 0.00746058 0.00961574 0.176171
0 0.656117 0.0151715 0.0056911 0.00807885 0.173508
0 0.998077 0.593952 0.00384582 0.00816571 0.165242
0 0.181912 0.265519 0.00586432 0.00752377 0.156999
0 0.196037 0.0458532 0.00573617 0.00777154 0.139756
0 0.10136 0.29979 0.00599897 0.00883712 0.13856
0 0.650617 0.177138 0.00644423 0.00748732 0.120131
0 0.99031 0.506479 0.00733457 0.00828847 0.111624
0 0.447032 0.827949 0.00606715 0.00922406 0.111223
0 0.238701 0.774877 0.0073064 0.00976611 0.107583
0 0.145001 0.960342 0.00563133 0.00841445 0.107494
0 0.363965 0.0375737 0.00860643 0.00626145 0.730754
0 0.165788 0.43361 0.00590579 0.00463164 0.689078
0 0.0595782 0.152347 0.00755535 0.00500766 0.611032
0 0.461052 0.961919 0.00910767 0.00599339 0.577186
0 0.0931784 0.393068 0.00657305 0.00430042 0.573182
0 0.416801 0.196039 0.00660161 0.00384553 0.541281
0 0.0802821 0.318908 0.00821353 0.00523225 0.499009
0 0.0606371 0.758025 0.00627668 0.00435553 0.495134
0 0.226401 0.241029 0.0065755 0.00406193 0.42973
0 0.883713 0.247405 0.00714755 0.00430002 0.418944
0 0.375059 0.548327 0.00556084 0.00402594 0.405557
0 0.240978 0.253506 0.00693915 0.00405868 0.403383
0 0.303456 0.321807 0.00678639 0.00439802 0.393126
0 0.0629629 0.356106 0.00728665 0.00438959 0.391317
0 0.101183 0.415393 0.00761393 0.00494723 0.385787
0 0.0863166 0.767154 0.00689474 0.003975 0.362271
0 0.359277 0.693546 0.00644433 0.00434935 0.360633
0 0.00152614 0.23249 0.00302557 0.00630469 0.353323
0 0.178786 0.771491 0.00743127 0.00420942 0.352281
0 0.150797 0.491157 0.00743347 0.00432457 0.33196
0 0.152145 0.743455 0.00576129 0.00434967 0.323419
0 0.845374 0.267529 0.0147618 0.0091981 0.29531
0 0.0754203 0.772133 0.0077688 0.00538668 0.284117
0 0.180341 0.984276 0.00743206 0.00509197 0.283717
0 0.148128 0.441457 0.00833789 0.0050358 0.27994
0 0.305497 0.239836 0.00686793 0.00490239 0.279125
0 0.915537 0.16207 0.0132399 0.00779001 0.270188
0 0.302494 0.245597 0.00701141 0.00483512 0.26075
0 0.0919516 0.355855 0.00733905 0.00503765 0.258323
0 0.297445 0.0385224 0.00803908 0.00541266 0.250629
0 0.081305 0.422454 0.00869696 0.00598491 0.244448
0 0.330437 0.340313 0.01117 0.0058655 0.242622
0 0.0994026 0.439273 0.00878613 0.00488392 0.22997
0 0.641598 0.904507 0.00610753 0.00447179 0.229218
0 0.707482 0.262892 0.00653911 0.00445012 0.227089
0 0.25727 0.419775 0.00773696 0.00434766 0.223355
0 0.434784 0.970879 0.00708604 0.00437202 0.221285
0 0.304664 0.652448 0.00968921 0.00656226 0.217943
0 0.117674 0.361325 0.00986729 0.00573334 0.204194
0 0.337229 0.840798 0.00605237 0.00427029 0.201006
0 0.548529 0.66978 0.00810011 0.0048974 0.198003
0 0.499284 0.614071 0.00707877 0.00498232 0.191751
0 0.195229 0.151244 0.00672815 0.00478896 0.190927
0 0.296116 0.20005 0.00712818 0.0044229 0.183943
0 0.424915 0.778304 0.0087653 0.00499331 0.17139
0 0.0461115 0.339873 0.00805408 0.00479366 0.165614
0 0.0916344 0.416703 0.0107602 0.00734367 0.161657
0 0.359413 0.7867 0.00744311 0.00476301 0.153152
0 0.0735424 0.274322 0.00935944 0.0051863 0.149917
0 0.31921 0.233644 0.00703271 0.00460403 0.145961
0 0.562029 0.948301 0.00674792 0.00459418 0.144786
0 0.373412 0.821472 0.00738919 0.00449546 0.144715
0 0.463461 0.881716 0.00641632 0.00503405 0.144275
0 0.29768 0.390974 0.00664055 0.00442217 0.138853
0 0.821276 0.774724 0.00717894 0.00460649 0.137083
0 0.250493 0.791026 0.00744303 0.00419124 0.133681
0 0.705386 0.920319 0.0128027 0.0104062 0.129899
0 0.300125 0.928099 0.00694646 0.00485914 0.118421
0 0.160467 0.525181 0.0100039 0.00687689 0.117753
0 0.28886 0.393108 0.00768969 0.00454287 0.117153
0 0.051662 0.155354 0.00793791 0.00598117 0.110072
0 0.00192301 0.819245 0.00384602 0.00614579 0.109715
0 0.341614 0.634988 0.00615962 0.00472048 0.106144
0 0.363965 0.0375737 0.00860643 0.00626145 0.730754
0 0.165788 0.43361 0.00590579 0.00463164 0.689078
0 0.0595782 0.152347 0.00755535 0.00500766 0.611032
0 0.461052 0.961919 0.00910767 0.00599339 0.577186
0 0.0931784 0.393068 0.00657305 0.00430042 0.573182
0 0.416801 0.196039 0.00660161 0.00384553 0.541281
0 0.0802821 0.318908 0.00821353 0.00523225 0.499009
0 0.0606371 0.758025 0.00627668 0.00435553 0.495134
0 0.226401 0.241029 0.0065755 0.00406193 0.42973
0 0.883713 0.247405 0.00714755 0.00430002 0.418944
0 0.375059 0.548327 0.00556084 0.00402594 0.405557
0 0.240978 0.253506 0.00693915 0.00405868 0.403383
0 0.303456 0.321807 0.00678639 0.00439802 0.393126
0 0.0629629 0.356106 0.00728665 0.00438959 0.391317
0 0.101183 0.415393 0.00761393 0.00494723 0.385787
0 0.0863166 0.767154 0.00689474 0.003975 0.362271
0 0.359277 0.693546 0.00644433 0.00434935 0.360633
0 0.00152614 0.23249 0.00302557 0.00630469 0.353323
0 0.178786 0.771491 0.00743127 0.00420942 0.352281
0 0.150797 0.491157 0.00743347 0.00432457 0.33196
0 0.152145 0.743455 0.00576129 0.00434967 0.323419
0 0.845374 0.267529 0.0147618 0.0091981 0.29531
0 0.0754203 0.772133 0.0077688 0.00538668 0.284117
0 0.180341 0.984276 0.00743206 0.00509197 0.283717
0 0.148128 0.441457 0.00833789 0.0050358 0.27994
0 0.305497 0.239836 0.00686793 0.00490239 0.279125
0 0.915537 0.16207 0.0132399 0.00779001 0.270188
0 0.302494 0.245597 0.00701141 0.00483512 0.26075
0 0.0919516 0.355855 0.00733905 0.00503765 0.258323
0 0.297445 0.0385224 0.00803908 0.00541266 0.250629
0 0.081305 0.422454 0.00869696 0.00598491 0.244448
0 0.330437 0.340313 0.01117 0.0058655 0.242622
0 0.0994026 0.439273 0.00878613 0.00488392 0.22997
0 0.641598 0.904507 0.00610753 0.00447179 0.229218
0 0.707482 0.262892 0.00653911 0.00445012 0.227089
0 0.25727 0.419775 0.00773696 0.00434766 0.223355
0 0.434784 0.970879 0.00708604 0.00437202 0.221285
0 0.304664 0.652448 0.00968921 0.00656226 0.217943
0 0.117674 0.361325 0.00986729 0.00573334 0.204194
0 0.337229 0.840798 0.00605237 0.00427029 0.201006
0 0.548529 0.66978 0.00810011 0.0048974 0.198003
0 0.499284 0.614071 0.00707877 0.00498232 0.191751
0 0.195229 0.151244 0.00672815 0.00478896 0.190927
0 0.296116 0.20005 0.00712818 0.0044229 0.183943
0 0.424915 0.778304 0.0087653 0.00499331 0.17139
0 0.0461115 0.339873 0.00805408 0.00479366 0.165614
0 0.0916344 0.416703 0.0107602 0.00734367 0.161657
0 0.359413 0.7867 0.00744311 0.00476301 0.153152
0 0.0735424 0.274322 0.00935944 0.0051863 0.149917
0 0.31921 0.233644 0.00703271 0.00460403 0.145961
0 0.562029 0.948301 0.00674792 0.00459418 0.144786
0 0.373412 0.821472 0.00738919 0.00449546 0.144715
0 0.463461 0.881716 0.00641632 0.00503405 0.144275
0 0.29768 0.390974 0.00664055 0.00442217 0.138853
0 0.821276 0.774724 0.00717894 0.00460649 0.137083
0 0.250493 0.791026 0.00744303 0.00419124 0.133681
0 0.705386 0.920319 0.0128027 0.0104062 0.129899
0 0.300125 0.928099 0.00694646 0.00485914 0.118421
0 0.160467 0.525181 0.0100039 0.00687689 0.117753
0 0.28886 0.393108 0.00768969 0.00454287 0.117153
0 0.051662 0.155354 0.00793791 0.00598117 0.110072
0 0.00192301 0.819245 0.00384602 0.00614579 0.109715
0 0.341614 0.634988 0.00615962 0.00472048 0.106144
0 0.122775 0.946042 0.0119803 0.0147495 0.12043
0 0.638688 0.943824 0.00563879 0.0087445 0.630522
0 0.358727 0.939748 0.00542662 0.00815465 0.578539
0 0.872639 0.53636 0.00670981 0.00952588 0.572788
0 0.369397 0.91478 0.0064789 0.008338 0.571234
0 0.25627 0.121962 0.00467096 0.00667025 0.570667
0 0.276898 0.155329 0.00934904 0.0123951 0.535233
0 0.213873 0.754075 0.00694782 0.0092897 0.497375
0 0.498389 0.922904 0.00587984 0.00783632 0.484098
0 0.692523 0.951429 0.00580452 0.00846096 0.431348
0 0.360009 0.905409 0.00601544 0.00759775 0.352608
0 0.104917 0.8614 0.00547872 0.00680001 0.313578
0 0.609126 0.722802 0.00484376 0.00645511 0.298534
0 0.65543 0.00167143 0.00665786 0.00329747 0.236352
0 0.696119 0.629663 0.00521148 0.00663874 0.227834
0 0.926821 0.0259821 0.00476304 0.00674565 0.223309
0 0.872954 0.30603 0.00728044 0.0113813 0.182544
0 0.314618 0.918342 0.00600246 0.00757078 0.182482
0 0.588171 0.755929 0.0064535 0.00938416 0.148865
0 0.898551 0.727956 0.00632398 0.00963944 0.124987
0 0.44185 0.918962 0.00873012 0.0111183 0.124286
0 0.844089 0.840244 0.00706434 0.00930173 0.12311
0 0.971022 0.745164 0.00779694 0.0112578 0.115986
0 0.0369404 0.836565 0.00894064 0.0109587 0.698561
0 0.848417 0.90008 0.00663788 0.00759605 0.489729
0 0.00155577 0.892395 0.00311155 0.00867192 0.455499
0 0.200006 0.121262 0.00503776 0.00741317 0.422258
0 0.222589 0.15926 0.0101906 0.0136181 0.412596
0 0.00101664 0.71847 0.00201509 0.00819429 0.283976
0 0.119932 0.931838 0.00499449 0.00638011 0.131005
0 0.864373 0.84244 0.0062423 0.00946868 0.118047
0 0.363965 0.0375737 0.00860643 0.00626145 0.730754
0 0.165788 0.43361 0.00590579 0.00463164 0.689078
0 0.0595782 0.152347 0.00755535 0.00500766 0.611032
0 0.461052 0.961919 0.00910767 0.00599339 0.577186
0 0.0931784 0.393068 0.00657305 0.00430042 0.573182
0 0.416801 0.196039 0.00660161 0.00384553 0.541281
0 0.0802821 0.318908 0.00821353 0.00523225 0.499009
0 0.0606371 0.758025 0.00627668 0.00435553 0.495134
0 0.226401 0.241029 0.0065755 0.00406193 0.42973
0 0.883713 0.247405 0.00714755 0.00430002 0.418944
0 0.375059 0.548327 0.00556084 0.00402594 0.405557
0 0.240978 0.253506 0.00693915 0.00405868 0.403383
0 0.303456 0.321807 0.00678639 0.00439802 0.393126
0 0.0629629 0.356106 0.00728665 0.00438959 0.391317
0 0.101183 0.415393 0.00761393 0.00494723 0.385787
0 0.0863166 0.767154 0.00689474 0.003975 0.362271
0 0.359277 0.693546 0.00644433 0.00434935 0.360633
0 0.00152614 0.23249 0.00302557 0.00630469 0.353323
0 0.178786 0.771491 0.00743127 0.00420942 0.352281
0 0.150797 0.491157 0.00743347 0.00432457 0.33196
0 0.152145 0.743455 0.00576129 0.00434967 0.323419
0 0.845374 0.267529 0.0147618 0.0091981 0.29531
0 0.0754203 0.772133 0.0077688 0.00538668 0.284117
0 0.180341 0.984276 0.00743206 0.00509197 0.283717
0 0.148128 0.441457 0.00833789 0.0050358 0.27994
0 0.305497 0.239836 0.00686793 0.00490239 0.279125
0 0.915537 0.16207 0.0132399 0.00779001 0.270188
0 0.302494 0.245597 0.00701141 0.00483512 0.26075
0 0.0919516 0.355855 0.00733905 0.00503765 0.258323
0 0.297445 0.0385224 0.00803908 0.00541266 0.250629
0 0.081305 0.422454 0.00869696 0.00598491 0.244448
0 0.330437 0.340313 0.01117 0.0058655 0.242622
0 0.0994026 0.439273 0.00878613 0.00488392 0.22997
0 0.641598 0.904507 0.00610753 0.00447179 0.229218
0 0.707482 0.262892 0.00653911 0.00445012 0.227089
0 0.25727 0.419775 0.00773696 0.00434766 0.223355
0 0.434784 0.970879 0.00708604 0.00437202 0.221285
0 0.304664 0.652448 0.00968921 0.00656226 0.217943
0 0.117674 0.361325 0.00986729 0.00573334 0.204194
0 0.337229 0.840798 0.00605237 0.00427029 0.201006
0 0.548529 0.66978 0.00810011 0.0048974 0.198003
0 0.499284 0.614071 0.00707877 0.00498232 0.191751
0 0.195229 0.151244 0.00672815 0.00478896 0.190927
0 0.296116 0.20005 0.00712818 0.0044229 0.183943
0 0.424915 0.778304 0.0087653 0.00499331 0.17139
0 0.0461115 0.339873 0.00805408 0.00479366 0.165614
0 0.0916344 0.416703 0.0107602 0.00734367 0.161657
0 0.359413 0.7867 0.00744311 0.00476301 0.153152
0 0.0735424 0.274322 0.00935944 0.0051863 0.149917
0 0.31921 0.233644 0.00703271 0.00460403 0.145961
0 0.562029 0.948301 0.00674792 0.00459418 0.144786
0 0.373412 0.821472 0.00738919 0.00449546 0.144715
0 0.463461 0.881716 0.00641632 0.00503405 0.144275
0 0.29768 0.390974 0.00664055 0.00442217 0.138853
0 0.821276 0.774724 0.00717894 0.00460649 0.137083
0 0.250493 0.791026 0.00744303 0.00419124 0.133681
0 0.705386 0.920319 0.0128027 0.0104062 0.129899
0 0.300125 0.928099 0.00694646 0.00485914 0.118421
0 0.160467 0.525181 0.0100039 0.00687689 0.117753
0 0.28886 0.393108 0.00768969 0.00454287 0.117153
0 0.051662 0.155354 0.00793791 0.00598117 0.110072
0 0.00192301 0.819245 0.00384602 0.00614579 0.109715
0 0.341614 0.634988 0.00615962 0.00472048 0.106144
0 0.81149 0.061423 0.00644896 0.00886108 0.881994
0 0.684331 0.255914 0.00768147 0.00951595 0.819459
0 0.923052 0.360791 0.00799888 0.00959673 0.793225
0 0.914362 0.336823 0.00600706 0.00802261 0.746139
0 0.814544 0.0522888 0.00595692 0.00793679 0.710568
0 0.793351 0.0685973 0.00695329 0.00828653 0.528317
0 0.691551 0.986895 0.00999681 0.0136069 0.30828
0 0.233131 0.0287612 0.00488431 0.00712319 0.283989
0 0.915778 0.438092 0.00855243 0.00961586 0.250205
0 0.752831 0.206644 0.00661244 0.00849616 0.210239
0 0.70505 0.333571 0.00531297 0.00742806 0.197728
0 0.660648 0.25139 0.00555051 0.00720399 0.186542
0 0.643848 0.266344 0.00548317 0.00710161 0.18008
0 0.729776 0.25508 0.00674099 0.00943631 0.159147
0 0.689901 0.352969 0.00724011 0.00970689 0.137426
0 0.624619 0.248973 0.00614051 0.00653597 0.131745
0 0.777192 0.0369043 0.00647457 0.00923629 0.129857
0 0.595065 0.925594 0.00556794 0.00868992 0.110732
0 0.493941 0.833876 0.00829055 0.00998506 0.802004
0 0.68366 0.819663 0.00496625 0.00709509 0.730659
0 0.673206 0.218922 0.00632689 0.00816999 0.69218
0 0.660619 0.784741 0.00967171 0.0127648 0.500165
0 0.882201 0.248302 0.00658756 0.00799593 0.133833
0 0.363965 0.0375737 0.00860643 0.00626145 0.730754
0 0.165788 0.43361 0.00590579 0.00463164 0.689078
0 0.0595782 0.152347 0.00755535 0.00500766 0.611032
0 0.461052 0.961919 0.00910767 0.00599339 0.577186
0 0.0931784 0.393068 0.00657305 0.00430042 0.573182
0 0.416801 0.196039 0.00660161 0.00384553 0.541281
0 0.0802821 0.318908 0.00821353 0.00523225 0.499009
0 0.0606371 0.758025 0.00627668 0.00435553 0.495134
0 0.226401 0.241029 0.0065755 0.00406193 0.42973
0 0.883713 0.247405 0.00714755 0.00430002 0.418944
0 0.375059 0.548327 0.00556084 0.00402594 0.405557
0 0.240978 0.253506 0.00693915 0.00405868 0.403383
0 0.303456 0.321807 0.00678639 0.00439802 0.393126
0 0.0629629 0.356106 0.00728665 0.00438959 0.391317
0 0.101183 0.415393 0.00761393 0.00494723 0.385787
0 0.0863166 0.767154 0.00689474 0.003975 0.362271
0 0.359277 0.693546 0.00644433 0.00434935 0.360633
0 0.00152614 0.23249 0.00302557 0.00630469 0.353323
0 0.178786 0.771491 0.00743127 0.00420942 0.352281
0 0.150797 0.491157 0.00743347 0.00432457 0.33196
0 0.152145 0.743455 0.00576129 0.00434967 0.323419
0 0.845374 0.267529 0.0147618 0.0091981 0.29531
0 0.0754203 0.772133 0.0077688 0.00538668 0.284117
0 0.180341 0.984276 0.00743206 0.00509197 0.283717
0 0.148128 0.441457 0.00833789 0.0050358 0.27994
0 0.305497 0.239836 0.00686793 0.00490239 0.279125
0 0.915537 0.16207 0.0132399 0.00779001 0.270188
0 0.302494 0.245597 0.00701141 0.00483512 0.26075
0 0.0919516 0.355855 0.00733905 0.00503765 0.258323
0 0.297445 0.0385224 0.00803908 0.00541266 0.250629
0 0.081305 0.422454 0.00869696 0.00598491 0.244448
0 0.330437 0.340313 0.01117 0.0058655 0.242622
0 0.0994026 0.439273 0.00878613 0.00488392 0.22997
0 0.641598 0.904507 0.00610753 0.00447179 0.229218
0 0.707482 0.262892 0.00653911 0.00445012 0.227089
0 0.25727 0.419775 0.00773696 0.00434766 0.223355
0 0.434784 0.970879 0.00708604 0.00437202 0.221285
0 0.304664 0.652448 0.00968921 0.00656226 0.217943
0 0.117674 0.361325 0.00986729 0.00573334 0.204194
0 0.337229 0.840798 0.00605237 0.00427029 0.201006
0 0.548529 0.66978 0.00810011 0.0048974 0.198003
0 0.499284 0.614071 0.00707877 0.00498232 0.191751
0 0.195229 0.151244 0.00672815 0.00478896 0.190927
0 0.296116 0.20005 0.00712818 0.0044229 0.183943
0 0.424915 0.778304 0.0087653 0.00499331 0.17139
0 0.0461115 0.339873 0.00805408 0.00479366 0.165614
0 0.0916344 0.416703 0.0107602 0.00734367 0.161657
0 0.359413 0.7867 0.00744311 0.00476301 0.153152
0 0.0735424 0.274322 0.00935944 0.0051863 0.149917
0 0.31921 0.233644 0.00703271 0.00460403 0.145961
0 0.562029 0.948301 0.00674792 0.00459418 0.144786
0 0.373412 0.821472 0.00738919 0.00449546 0.144715
0 0.463461 0.881716 0.00641632 0.00503405 0.144275
0 0.29768 0.390974 0.00664055 0.00442217 0.138853
0 0.821276 0.774724 0.00717894 0.00460649 0.137083
0 0.250493 0.791026 0.00744303 0.00419124 0.133681
0 0.705386 0.920319 0.0128027 0.0104062 0.129899
0 0.300125 0.928099 0.00694646 0.00485914 0.118421
0 0.160467 0.525181 0.0100039 0.00687689 0.117753
0 0.28886 0.393108 0.00768969 0.00454287 0.117153
0 0.051662 0.155354 0.00793791 0.00598117 0.110072
0 0.00192301 0.819245 0.00384602 0.00614579 0.109715
0 0.341614 0.634988 0.00615962 0.00472048 0.106144
0 0.363965 0.0375737 0.00860643 0.00626145 0.730754
0 0.165788 0.43361 0.00590579 0.00463164 0.689078
0 0.0595782 0.152347 0.00755535 0.00500766 0.611032
0 0.461052 0.961919 0.00910767 0.00599339 0.577186
0 0.0931784 0.393068 0.00657305 0.00430042 0.573182
0 0.416801 0.196039 0.00660161 0.00384553 0.541281
0 0.0802821 0.318908 0.00821353 0.00523225 0.499009
0 0.0606371 0.758025 0.00627668 0.00435553 0.495134
0 0.226401 0.241029 0.0065755 0.00406193 0.42973
0 0.883713 0.247405 0.00714755 0.00430002 0.418944
0 0.375059 0.548327 0.00556084 0.00402594 0.405557
0 0.240978 0.253506 0.00693915 0.00405868 0.403383
0 0.303456 0.321807 0.00678639 0.00439802 0.393126
0 0.0629629 0.356106 0.00728665 0.00438959 0.391317
0 0.101183 0.415393 0.00761393 0.00494723 0.385787
0 0.0863166 0.767154 0.00689474 0.003975 0.362271
0 0.359277 0.693546 0.00644433 0.00434935 0.360633
0 0.00152614 0.23249 0.00302557 0.00630469 0.353323
0 0.178786 0.771491 0.00743127 0.00420942 0.352281
0 0.150797 0.491157 0.00743347 0.00432457 0.33196
0 0.152145 0.743455 0.00576129 0.00434967 0.323419
0 0.845374 0.267529 0.0147618 0.0091981 0.29531
0 0.0754203 0.772133 0.0077688 0.00538668 0.284117
0 0.180341 0.984276 0.00743206 0.00509197 0.283717
0 0.148128 0.441457 0.00833789 0.0050358 0.27994
0 0.305497 0.239836 0.00686793 0.00490239 0.279125
0 0.915537 0.16207 0.0132399 0.00779001 0.270188
0 0.302494 0.245597 0.00701141 0.00483512 0.26075
0 0.0919516 0.355855 0.00733905 0.00503765 0.258323
0 0.297445 0.0385224 0.00803908 0.00541266 0.250629
0 0.081305 0.422454 0.00869696 0.00598491 0.244448
0 0.330437 0.340313 0.01117 0.0058655 0.242622
0 0.0994026 0.439273 0.00878613 0.00488392 0.22997
0 0.641598 0.904507 0.00610753 0.00447179 0.229218
0 0.707482 0.262892 0.00653911 0.00445012 0.227089
0 0.25727 0.419775 0.00773696 0.00434766 0.223355
0 0.434784 0.970879 0.00708604 0.00437202 0.221285
0 0.304664 0.652448 0.00968921 0.00656226 0.217943
0 0.117674 0.361325 0.00986729 0.00573334 0.204194
0 0.337229 0.840798 0.00605237 0.00427029 0.201006
0 0.548529 0.66978 0.00810011 0.0048974 0.198003
0 0.499284 0.614071 0.00707877 0.00498232 0.191751
0 0.195229 0.151244 0.00672815 0.00478896 0.190927
0 0.296116 0.20005 0.00712818 0.0044229 0.183943
0 0.424915 0.778304 0.0087653 0.00499331 0.17139
0 0.0461115 0.339873 0.00805408 0.00479366 0.165614
0 0.0916344 0.416703 0.0107602 0.00734367 0.161657
0 0.359413 0.7867 0.00744311 0.00476301 0.153152
0 0.0735424 0.274322 0.00935944 0.0051863 0.149917
0 0.31921 0.233644 0.00703271 0.00460403 0.145961
0 0.562029 0.948301 0.00674792 0.00459418 0.144786
0 0.373412 0.821472 0.00738919 0.00449546 0.144715
0 0.463461 0.881716 0.00641632 0.00503405 0.144275
0 0.29768 0.390974 0.00664055 0.00442217 0.138853
0 0.821276 0.774724 0.00717894 0.00460649 0.137083
0 0.250493 0.791026 0.00744303 0.00419124 0.133681
0 0.705386 0.920319 0.0128027 0.0104062 0.129899
0 0.300125 0.928099 0.00694646 0.00485914 0.118421
0 0.160467 0.525181 0.0100039 0.00687689 0.117753
0 0.28886 0.393108 0.00768969 0.00454287 0.117153
0 0.051662 0.155354 0.00793791 0.00598117 0.110072
0 0.00192301 0.819245 0.00384602 0.00614579 0.109715
0 0.341614 0.634988 0.00615962 0.00472048 0.106144
0 0.327817 0.185499 0.00918694 0.012466 0.789068
0 0.30741 0.151854 0.00478651 0.00671826 0.674665
0 0.13655 0.817452 0.00912666 0.011521 0.485595
0 0.8811 0.867965 0.00585029 0.00775461 0.200096
0 0.897341 0.851233 0.00644084 0.00768203 0.179765
0 0.0943884 0.624399 0.00808673 0.0102914 0.118347
0 0.284427 0.744751 0.00620863 0.00796186 0.109115
0 0.363965 0.0375737 0.00860643 0.00626145 0.730754
0 0.165788 0.43361 0.00590579 0.00463164 0.689078
0 0.0595782 0.152347 0.00755535 0.00500766 0.611032
0 0.461052 0.961919 0.00910767 0.00599339 0.577186
0 0.0931784 0.393068 0.00657305 0.00430042 0.573182
0 0.416801 0.196039 0.00660161 0.00384553 0.541281
0 0.0802821 0.318908 0.00821353 0.00523225 0.499009
0 0.0606371 0.758025 0.00627668 0.00435553 0.495134
0 0.226401 0.241029 0.0065755 0.00406193 0.42973
0 0.883713 0.247405 0.00714755 0.00430002 0.418944
0 0.375059 0.548327 0.00556084 0.00402594 0.405557
0 0.240978 0.253506 0.00693915 0.00405868 0.403383
0 0.303456 0.321807 0.00678639 0.00439802 0.393126
0 0.0629629 0.356106 0.00728665 0.00438959 0.391317
0 0.101183 0.415393 0.00761393 0.00494723 0.385787
0 0.0863166 0.767154 0.00689474 0.003975 0.362271
0 0.359277 0.693546 0.00644433 0.00434935 0.360633
0 0.00152614 0.23249 0.00302557 0.00630469 0.353323
0 0.178786 0.771491 0.00743127 0.00420942 0.352281
0 0.150797 0.491157 0.00743347 0.00432457 0.33196
0 0.152145 0.743455 0.00576129 0.00434967 0.323419
0 0.845374 0.267529 0.0147618 0.0091981 0.29531
0 0.0754203 0.772133 0.0077688 0.00538668 0.284117
0 0.180341 0.984276 0.00743206 0.00509197 0.283717
0 0.148128 0.441457 0.00833789 0.0050358 0.27994
0 0.305497 0.239836 0.00686793 0.00490239 0.279125
0 0.915537 0.16207 0.0132399 0.00779001 0.270188
0 0.302494 0.245597 0.00701141 0.00483512 0.26075
0 0.0919516 0.355855 0.00733905 0.00503765 0.258323
0 0.297445 0.0385224 0.00803908 0.00541266 0.250629
0 0.081305 0.422454 0.00869696 0.00598491 0.244448
0 0.330437 0.340313 0.01117 0.0058655 0.242622
0 0.0994026 0.439273 0.00878613 0.00488392 0.22997
0 0.641598 0.904507 0.00610753 0.00447179 0.229218
0 0.707482 0.262892 0.00653911 0.00445012 0.227089
0 0.25727 0.419775 0.00773696 0.00434766 0.223355
0 0.434784 0.970879 0.00708604 0.00437202 0.221285
0 0.304664 0.652448 0.00968921 0.00656226 0.217943
0 0.117674 0.361325 0.00986729 0.00573334 0.204194
0 0.337229 0.840798 0.00605237 0.00427029 0.201006
0 0.548529 0.66978 0.00810011 0.0048974 0.198003
0 0.499284 0.614071 0.00707877 0.00498232 0.191751
0 0.195229 0.151244 0.00672815 0.00478896 0.190927
0 0.296116 0.20005 0.00712818 0.0044229 0.183943
0 0.424915 0.778304 0.0087653 0.00499331 0.17139
0 0.0461115 0.339873 0.00805408 0.00479366 0.165614
0 0.0916344 0.416703 0.0107602 0.00734367 0.161657
0 0.359413 0.7867 0.00744311 0.00476301 0.153152
0 0.0735424 0.274322 0.00935944 0.0051863 0.149917
0 0.31921 0.233644 0.00703271 0.00460403 0.145961
0 0.562029 0.948301 0.00674792 0.00459418 0.144786
0 0.373412 0.821472 0.00738919 0.00449546 0.144715
0 0.463461 0.881716 0.00641632 0.00503405 0.144275
0 0.29768 0.390974 0.00664055 0.00442217 0.138853
0 0.821276 0.774724 0.00717894 0.00460649 0.137083
0 0.250493 0.791026 0.00744303 0.00419124 0.133681
0 0.705386 0.920319 0.0128027 0.0104062 0.129899
0 0.300125 0.928099 0.00694646 0.00485914 0.118421
0 0.160467 0.525181 0.0100039 0.00687689 0.117753
0 0.28886 0.393108 0.00768969 0.00454287 0.117153
0 0.051662 0.155354 0.00793791 0.00598117 0.110072
0 0.00192301 0.819245 0.00384602 0.00614579 0.109715
0 0.341614 0.634988 0.00615962 0.00472048 0.106144
0 0.293149 0.217949 0.0093596 0.012754 0.631936
0 0.272869 0.183939 0.00478493 0.0067092 0.404974
0 0.363965 0.0375737 0.00860643 0.00626145 0.730754
0 0.165788 0.43361 0.00590579 0.00463164 0.689078
0 0.0595782 0.152347 0.00755535 0.00500766 0.611032
0 0.461052 0.961919 0.00910767 0.00599339 0.577186
0 0.0931784 0.393068 0.00657305 0.00430042 0.573182
0 0.416801 0.196039 0.00660161 0.00384553 0.541281
0 0.0802821 0.318908 0.00821353 0.00523225 0.499009
0 0.0606371 0.758025 0.00627668 0.00435553 0.495134
0 0.226401 0.241029 0.0065755 0.00406193 0.42973
0 0.883713 0.247405 0.00714755 0.00430002 0.418944
0 0.375059 0.548327 0.00556084 0.00402594 0.405557
0 0.240978 0.253506 0.00693915 0.00405868 0.403383
0 0.303456 0.321807 0.00678639 0.00439802 0.393126
0 0.0629629 0.356106 0.00728665 0.00438959 0.391317
0 0.101183 0.415393 0.00761393 0.00494723 0.385787
0 0.0863166 0.767154 0.00689474 0.003975 0.362271
0 0.359277 0.693546 0.00644433 0.00434935 0.360633
0 0.00152614 0.23249 0.00302557 0.00630469 0.353323
0 0.178786 0.771491 0.00743127 0.00420942 0.352281
0 0.150797 0.491157 0.00743347 0.00432457 0.33196
0 0.152145 0.743455 0.00576129 0.00434967 0.323419
0 0.845374 0.267529 0.0147618 0.0091981 0.29531
0 0.0754203 0.772133 0.0077688 0.00538668 0.284117
0 0.180341 0.984276 0.00743206 0.00509197 0.283717
0 0.148128 0.441457 0.00833789 0.0050358 0.27994
0 0.305497 0.239836 0.00686793 0.00490239 0.279125
0 0.915537 0.16207 0.0132399 0.00779001 0.270188
0 0.302494 0.245597 0.00701141 0.00483512 0.26075
0 0.0919516 0.355855 0.00733905 0.00503765 0.258323
0 0.297445 0.0385224 0.00803908 0.00541266 0.250629
0 0.081305 0.422454 0.00869696 0.00598491 0.244448
0 0.330437 0.340313 0.01117 0.0058655 0.242622
0 0.0994026 0.439273 0.00878613 0.00488392 0.22997
0 0.641598 0.904507 0.00610753 0.00447179 0.229218
0 0.707482 0.262892 0.00653911 0.00445012 0.227089
0 0.25727 0.419775 0.00773696 0.00434766 0.223355
0 0.434784 0.970879 0.00708604 0.00437202 0.221285
0 0.304664 0.652448 0.00968921 0.00656226 0.217943
0 0.117674 0.361325 0.00986729 0.00573334 0.204194
0 0.337229 0.840798 0.00605237 0.00427029 0.201006
0 0.548529 0.66978 0.00810011 0.0048974 0.198003
0 0.499284 0.614071 0.00707877 0.00498232 0.191751
0 0.195229 0.151244 0.00672815 0.00478896 0.190927
0 0.296116 0.20005 0.00712818 0.0044229 0.183943
0 0.424915 0.778304 0.0087653 0.00499331 0.17139
0 0.0461115 0.339873 0.00805408 0.00479366 0.165614
0 0.0916344 0.416703 0.0107602 0.00734367 0.161657
0 0.359413 0.7867 0.00744311 0.00476301 0.153152
0 0.0735424 0.274322 0.00935944 0.0051863 0.149917
0 0.31921 0.233644 0.00703271 0.00460403 0.145961
0 0.562029 0.948301 0.00674792 0.00459418 0.144786
0 0.373412 0.821472 0.00738919 0.00449546 0.144715
0 0.463461 0.881716 0.00641632 0.00503405 0.144275
0 0.29768 0.390974 0.00664055 0.00442217 0.138853
0 0.821276 0.774724 0.00717894 0.00460649 0.137083
0 0.250493 0.791026 0.00744303 0.00419124 0.133681
0 0.705386 0.920319 0.0128027 0.0104062 0.129899
0 0.300125 0.928099 0.00694646 0.00485914 0.118421
0 0.160467 0.525181 0.0100039 0.00687689 0.117753
0 0.28886 0.393108 0.00768969 0.00454287 0.117153
0 0.051662 0.155354 0.00793791 0.00598117 0.110072
0 0.00192301 0.819245 0.00384602 0.00614579 0.109715
0 0.341614 0.634988 0.00615962 0.00472048 0.106144
0 0.363965 0.0375737 0.00860643 0.00626145 0.730754
0 0.165788 0.43361 0.00590579 0.00463164 0.689078
0 0.0595782 0.152347 0.00755535 0.00500766 0.611032
0 0.461052 0.961919 0.00910767 0.00599339 0.577186
0 0.0931784 0.393068 0.00657305 0.00430042 0.573182
0 0.416801 0.196039 0.00660161 0.00384553 0.541281
0 0.0802821 0.318908 0.00821353 0.00523225 0.499009
0 0.0606371 0.758025 0.00627668 0.00435553 0.495134
0 0.226401 0.241029 0.0065755 0.00406193 0.42973
0 0.883713 0.247405 0.00714755 0.00430002 0.418944
0 0.375059 0.548327 0.00556084 0.00402594 0.405557
0 0.240978 0.253506 0.00693915 0.00405868 0.403383
0 0.303456 0.321807 0.00678639 0.00439802 0.393126
0 0.0629629 0.356106 0.00728665 0.00438959 0.391317
0 0.101183 0.415393 0.00761393 0.00494723 0.385787
0 0.0863166 0.767154 0.00689474 0.003975 0.362271
0 0.359277 0.693546 0.00644433 0.00434935 0.360633
0 0.00152614 0.23249 0.00302557 0.00630469 0.353323
0 0.178786 0.771491 0.00743127 0.00420942 0.352281
0 0.150797 0.491157 0.00743347 0.00432457 0.33196
0 0.152145 0.743455 0.00576129 0.00434967 0.323419
0 0.845374 0.267529 0.0147618 0.0091981 0.29531
0 0.0754203 0.772133 0.0077688 0.00538668 0.284117
0 0.180341 0.984276 0.00743206 0.00509197 0.283717
0 0.148128 0.441457 0.00833789 0.0050358 0.27994
0 0.305497 0.239836 0.00686793 0.00490239 0.279125
0 0.915537 0.16207 0.0132399 0.00779001 0.270188
0 0.302494 0.245597 0.00701141 0.00483512 0.26075
0 0.0919516 0.355855 0.00733905 0.00503765 0.258323
0 0.297445 0.0385224 0.00803908 0.00541266 0.250629
0 0.081305 0.422454 0.00869696 0.00598491 0.244448
0 0.330437 0.340313 0.01117 0.0058655 0.242622
0 0.0994026 0.439273 0.00878613 0.00488392 0.22997
0 0.641598 0.904507 0.00610753 0.00447179 0.229218
0 0.707482 0.262892 0.00653911 0.00445012 0.227089
0 0.25727 0.419775 0.00773696 0.00434766 0.223355
0 0.434784 0.970879 0.00708604 0.00437202 0.221285
0 0.304664 0.652448 0.00968921 0.00656226 0.217943
0 0.117674 0.361325 0.00986729 0.00573334 0.204194
0 0.337229 0.840798 0.00605237 0.00427029 0.201006
0 0.548529 0.66978 0.00810011 0.0048974 0.198003
0 0.499284 0.614071 0.00707877 0.00498232 0.191751
0 0.195229 0.151244 0.00672815 0.00478896 0.190927
0 0.296116 0.20005 0.00712818 0.0044229 0.183943
0 0.424915 0.778304 0.0087653 0.00499331 0.17139
0 0.0461115 0.339873 0.00805408 0.00479366 0.165614
0 0.0916344 0.416703 0.0107602 0.00734367 0.161657
0 0.359413 0.7867 0.00744311 0.00476301 0.153152
0 0.0735424 0.274322 0.00935944 0.0051863 0.149917
0 0.31921 0.233644 0.00703271 0.00460403 0.145961
0 0.562029 0.948301 0.00674792 0.00459418 0.144786
0 0.373412 0.821472 0.00738919 0.00449546 0.144715
0 0.463461 0.881716 0.00641632 0.00503405 0.144275
0 0.29768 0.390974 0.00664055 0.00442217 0.138853
0 0.821276 0.774724 0.00717894 0.00460649 0.137083
0 0.250493 0.791026 0.00744303 0.00419124 0.133681
0 0.705386 0.920319 0.0128027 0.0104062 0.129899
0 0.300125 0.928099 0.00694646 0.00485914 0.118421
0 0.160467 0.525181 0.0100039 0.00687689 0.117753
0 0.28886 0.393108 0.00768969 0.00454287 0.117153
0 0.051662 0.155354 0.00793791 0.00598117 0.110072
0 0.00192301 0.819245 0.00384602 0.00614579 0.109715
0 0.341614 0.634988 0.00615962 0.00472048 0.106144
0 0.699959 0.0647425 0.00543861 0.00684531 0.848055
0 0.672791 0.0985491 0.0107029 0.0135888 0.520329
0 0.124355 0.00159284 0.00505993 0.00312528 0.137598
0 0.242647 0.0952664 0.00603485 0.00847296 0.12814
0 0.12945 0.016896 0.00467909 0.00630417 0.106016
0 0.363965 0.0375737 0.00860643 0.00626145 0.730754
0 0.165788 0.43361 0.00590579 0.00463164 0.689078
0 0.0595782 0.152347 0.00755535 0.00500766 0.611032
0 0.461052 0.961919 0.00910767 0.00599339 0.577186
0 0.0931784 0.393068 0.00657305 0.00430042 0.573182
0 0.416801 0.196039 0.00660161 0.00384553 0.541281
0 0.0802821 0.318908 0.00821353 0.00523225 0.499009
0 0.0606371 0.758025 0.00627668 0.00435553 0.495134
0 0.226401 0.241029 0.0065755 0.00406193 0.42973
0 0.883713 0.247405 0.00714755 0.00430002 0.418944
0 0.375059 0.548327 0.00556084 0.00402594 0.405557
0 0.240978 0.253506 0.00693915 0.00405868 0.403383
0 0.303456 0.321807 0.00678639 0.00439802 0.393126
0 0.0629629 0.356106 0.00728665 0.00438959 0.391317
0 0.101183 0.415393 0.00761393 0.00494723 0.385787
0 0.0863166 0.767154 0.00689474 0.003975 0.362271
0 0.359277 0.693546 0.00644433 0.00434935 0.360633
0 0.00152614 0.23249 0.00302557 0.00630469 0.353323
0 0.178786 0.771491 0.00743127 0.00420942 0.352281
0 0.150797 0.491157 0.00743347 0.00432457 0.33196
0 0.152145 0.743455 0.00576129 0.00434967 0.323419
0 0.845374 0.267529 0.0147618 0.0091981 0.29531
0 0.0754203 0.772133 0.0077688 0.00538668 0.284117
0 0.180341 0.984276 0.00743206 0.00509197 0.283717
0 0.148128 0.441457 0.00833789 0.0050358 0.27994
0 0.305497 0.239836 0.00686793 0.00490239 0.279125
0 0.915537 0.16207 0.0132399 0.00779001 0.270188
0 0.302494 0.245597 0.00701141 0.00483512 0.26075
0 0.0919516 0.355855 0.00733905 0.00503765 0.258323
0 0.297445 0.0385224 0.00803908 0.00541266 0.250629
0 0.081305 0.422454 0.00869696 0.00598491 0.244448
0 0.330437 0.340313 0.01117 0.0058655 0.242622
0 0.0994026 0.439273 0.00878613 0.00488392 0.22997
0 0.641598 0.904507 0.00610753 0.00447179 0.229218
0 0.707482 0.262892 0.00653911 0.00445012 0.227089
0 0.25727 0.419775 0.00773696 0.00434766 0.223355
0 0.434784 0.970879 0.00708604 0.00437202 0.221285
0 0.304664 0.652448 0.00968921 0.00656226 0.217943
0 0.117674 0.361325 0.00986729 0.00573334 0.204194
0 0.337229 0.840798 0.00605237 0.00427029 0.201006
0 0.548529 0.66978 0.00810011 0.0048974 0.198003
0 0.499284 0.614071 0.00707877 0.00498232 0.191751
0 0.195229 0.151244 0.00672815 0.00478896 0.190927
0 0.296116 0.20005 0.00712818 0.0044229 0.183943
0 0.424915 0.778304 0.0087653 0.00499331 0.17139
0 0.0461115 0.339873 0.00805408 0.00479366 0.165614
0 0.0916344 0.416703 0.0107602 0.00734367 0.161657
0 0.359413 0.7867 0.00744311 0.00476301 0.153152
0 0.0735424 0.274322 0.00935944 0.0051863 0.149917
0 0.31921 0.233644 0.00703271 0.00460403 0.145961
0 0.562029 0.948301 0.00674792 0.00459418 0.144786
0 0.373412 0.821472 0.00738919 0.00449546 0.144715
0 0.463461 0.881716 0.00641632 0.00503405 0.144275
0 0.29768 0.390974 0.00664055 0.00442217 0.138853
0 0.821276 0.774724 0.00717894 0.00460649 0.137083
0 0.250493 0.791026 0.00744303 0.00419124 0.133681
0 0.705386 0.920319 0.0128027 0.0104062 0.129899
0 0.300125 0.928099 0.00694646 0.00485914 0.118421
0 0.160467 0.525181 0.0100039 0.00687689 0.117753
0 0.28886 0.393108 0.00768969 0.00454287 0.117153
0 0.051662 0.155354 0.00793791 0.00598117 0.110072
0 0.00192301 0.819245 0.00384602 0.00614579 0.109715
0 0.341614 0.634988 0.00615962 0.00472048 0.106144
0 0.504842 0.85512 0.00860223 0.0105214 0.826801
0 0.700342 0.837925 0.00498508 0.00709219 0.540017
0 0.677764 0.802581 0.00960511 0.0126408 0.436312
0 0.904758 0.340825 0.00682849 0.007905 0.175039
0 0.363965 0.0375737 0.00860643 0.00626145 0.730754
0 0.165788 0.43361 0.00590579 0.00463164 0.689078
0 0.0595782 0.152347 0.00755535 0.00500766 0.611032
0 0.461052 0.961919 0.00910767 0.00599339 0.577186
0 0.0931784 0.393068 0.00657305 0.00430042 0.573182
0 0.416801 0.196039 0.00660161 0.00384553 0.541281
0 0.0802821 0.318908 0.00821353 0.00523225 0.499009
0 0.0606371 0.758025 0.00627668 0.00435553 0.495134
0 0.226401 0.241029 0.0065755 0.00406193 0.42973
0 0.883713 0.247405 0.00714755 0.00430002 0.418944
0 0.375059 0.548327 0.00556084 0.00402594 0.405557
0 0.240978 0.253506 0.00693915 0.00405868 0.403383
0 0.303456 0.321807 0.00678639 0.00439802 0.393126
0 0.0629629 0.356106 0.00728665 0.00438959 0.391317
0 0.101183 0.415393 0.00761393 0.00494723 0.385787
0 0.0863166 0.767154 0.00689474 0.003975 0.362271
0 0.359277 0.693546 0.00644433 0.00434935 0.360633
0 0.00152614 0.23249 0.00302557 0.00630469 0.353323
0 0.178786 0.771491 0.00743127 0.00420942 0.352281
0 0.150797 0.491157 0.00743347 0.00432457 0.33196
0 0.152145 0.743455 0.00576129 0.00434967 0.323419
0 0.845374 0.267529 0.0147618 0.0091981 0.29531
0 0.0754203 0.772133 0.0077688 0.00538668 0.284117
0 0.180341 0.984276 0.00743206 0.00509197 0.283717
0 0.148128 0.441457 0.00833789 0.0050358 0.27994
0 0.305497 0.239836 0.00686793 0.00490239 0.279125
0 0.915537 0.16207 0.0132399 0.00779001 0.270188
0 0.302494 0.245597 0.00701141 0.00483512 0.26075
0 0.0919516 0.355855 0.00733905 0.00503765 0.258323
0 0.297445 0.0385224 0.00803908 0.00541266 0.250629
0 0.081305 0.422454 0.00869696 0.00598491 0.244448
0 0.330437 0.340313 0.01117 0.0058655 0.242622
0 0.0994026 0.439273 0.00878613 0.00488392 0.22997
0 0.641598 0.904507 0.00610753 0.00447179 0.229218
0 0.707482 0.262892 0.00653911 0.00445012 0.227089
0 0.25727 0.419775 0.00773696 0.00434766 0.223355
0 0.434784 0.970879 0.00708604 0.00437202 0.221285
0 0.304664 0.652448 0.00968921 0.00656226 0.217943
0 0.117674 0.361325 0.00986729 0.00573334 0.204194
0 0.337229 0.840798 0.00605237 0.00427029 0.201006
0 0.548529 0.66978 0.00810011 0.0048974 0.198003
0 0.499284 0.614071 0.00707877 0.00498232 0.191751
0 0.195229 0.151244 0.00672815 0.00478896 0.190927
0 0.296116 0.20005 0.00712818 0.0044229 0.183943
0 0.424915 0.778304 0.0087653 0.00499331 0.17139
0 0.0461115 0.339873 0.00805408 0.00479366 0.165614
0 0.0916344 0.416703 0.0107602 0.00734367 0.161657
0 0.359413 0.7867 0.00744311 0.00476301 0.153152
0 0.0735424 0.274322 0.00935944 0.0051863 0.149917
0 0.31921 0.233644 0.00703271 0.00460403 0.145961
0 0.562029 0.948301 0.00674792 0.00459418 0.144786
0 0.373412 0.821472 0.00738919 0.00449546 0.144715
0 0.463461 0.881716 0.00641632 0.00503405 0.144275
0 0.29768 0.390974 0.00664055 0.00442217 0.138853
0 0.821276 0.774724 0.00717894 0.00460649 0.137083
0 0.250493 0.791026 0.00744303 0.00419124 0.133681
0 0.705386 0.920319 0.0128027 0.0104062 0.129899
0 0.300125 0.928099 0.00694646 0.00485914 0.118421
0 0.160467 0.525181 0.0100039 0.00687689 0.117753
0 0.28886 0.393108 0.00768969 0.00454287 0.117153
0 0.051662 0.155354 0.00793791 0.00598117 0.110072
0 0.00192301 0.819245 0.00384602 0.00614579 0.109715
0 0.341614 0.634988 0.00615962 0.00472048 0.106144
0 0.363965 0.0375737 0.00860643 0.00626145 0.730754
0 0.165788 0.43361 0.00590579 0.00463164 0.689078
0 0.0595782 0.152347 0.00755535 0.00500766 0.611032
0 0.461052 0.961919 0.00910767 0.00599339 0.577186
0 0.0931784 0.393068 0.00657305 0.00430042 0.573182
0 0.416801 0.196039 0.00660161 0.00384553 0.541281
0 0.0802821 0.318908 0.00821353 0.00523225 0.499009
0 0.0606371 0.758025 0.00627668 0.00435553 0.495134
0 0.226401 0.241029 0.0065755 0.00406193 0.42973
0 0.883713 0.247405 0.00714755 0.00430002 0.418944
0 0.375059 0.548327 0.00556084 0.00402594 0.405557
0 0.240978 0.253506 0.00693915 0.00405868 0.403383
0 0.303456 0.321807 0.00678639 0.00439802 0.393126
0 0.0629629 0.356106 0.00728665 0.00438959 0.391317
0 0.101183 0.415393 0.00761393 0.00494723 0.385787
0 0.0863166 0.767154 0.00689474 0.003975 0.362271
0 0.359277 0.693546 0.00644433 0.00434935 0.360633
0 0.00152614 0.23249 0.00302557 0.00630469 0.353323
0 0.178786 0.771491 0.00743127 0.00420942 0.352281
0 0.150797 0.491157 0.00743347 0.00432457 0.33196
0 0.152145 0.743455 0.00576129 0.00434967 0.323419
0 0.845374 0.267529 0.0147618 0.0091981 0.29531
0 0.0754203 0.772133 0.0077688 0.00538668 0.284117
0 0.180341 0.984276 0.00743206 0.00509197 0.283717
0 0.148128 0.441457 0.00833789 0.0050358 0.27994
0 0.305497 0.239836 0.00686793 0.00490239 0.279125
0 0.915537 0.16207 0.0132399 0.00779001 0.270188
0 0.302494 0.245597 0.00701141 0.00483512 0.26075
0 0.0919516 0.355855 0.00733905 0.00503765 0.258323
0 0.297445 0.0385224 0.00803908 0.00541266 0.250629
0 0.081305 0.422454 0.00869696 0.00598491 0.244448
0 0.330437 0.340313 0.01117 0.0058655 0.242622
0 0.0994026 0.439273 0.00878613 0.00488392 0.22997
0 0.641598 0.904507 0.00610753 0.00447179 0.229218
0 0.707482 0.262892 0.00653911 0.00445012 0.227089
0 0.25727 0.419775 0.00773696 0.00434766 0.223355
0 0.434784 0.970879 0.00708604 0.00437202 0.221285
0 0.304664 0.652448 0.00968921 0.00656226 0.217943
0 0.117674 0.361325 0.00986729 0.00573334 0.204194
0 0.337229 0.840798 0.00605237 0.00427029 0.201006
0 0.548529 0.66978 0.00810011 0.0048974 0.198003
0 0.499284 0.614071 0.00707877 0.00498232 0.191751
0 0.195229 0.151244 0.00672815 0.00478896 0.190927
0 0.296116 0.20005 0.00712818 0.0044229 0.183943
0 0.424915 0.778304 0.0087653 0.00499331 0.17139
0 0.0461115 0.339873 0.00805408 0.00479366 0.165614
0 0.0916344 0.416703 0.0107602 0.00734367 0.161657
0 0.359413 0.7867 0.00744311 0.00476301 0.153152
0 0.0735424 0.274322 0.00935944 0.0051863 0.149917
0 0.31921 0.233644 0.00703271 0.00460403 0.145961
0 0.562029 0.948301 0.00674792 0.00459418 0.144786
0 0.373412 0.821472 0.00738919 0.00449546 0.144715
0 0.463461 0.881716 0.00641632 0.00503405 0.144275
0 0.29768 0.390974 0.00664055 0.00442217 0.138853
0 0.821276 0.774724 0.00717894 0.00460649 0.137083
0 0.250493 0.791026 0.00744303 0.00419124 0.133681
0 0.705386 0.920319 0.0128027 0.0104062 0.129899
0 0.300125 0.928099 0.00694646 0.00485914 0.118421
0 0.160467 0.525181 0.0100039 0.00687689 0.117753
0 0.28886 0.393108 0.00768969 0.00454287 0.117153
0 0.051662 0.155354 0.00793791 0.00598117 0.110072
0 0.00192301 0.819245 0.00384602 0.00614579 0.109715
0 0.341614 0.634988 0.00615962 0.00472048 0.106144
0 0.363965 0.0375737 0.00860643 0.00626145 0.730754
0 0.165788 0.43361 0.00590579 0.00463164 0.689078
0 0.0595782 0.152347 0.00755535 0.00500766 0.611032
0 0.461052 0.961919 0.00910767 0.00599339 0.577186
0 0.0931784 0.393068 0.00657305 0.00430042 0.573182
0 0.416801 0.196039 0.00660161 0.00384553 0.541281
0 0.0802821 0.318908 0.00821353 0.00523225 0.499009
0 0.0606371 0.758025 0.00627668 0.00435553 0.495134
0 0.226401 0.241029 0.0065755 0.00406193 0.42973
0 0.883713 0.247405 0.00714755 0.00430002 0.418944
0 0.375059 0.548327 0.00556084 0.00402594 0.405557
0 0.240978 0.253506 0.00693915 0.00405868 0.403383
0 0.303456 0.321807 0.00678639 0.00439802 0.393126
0 0.0629629 0.356106 0.00728665 0.00438959 0.391317
0 0.101183 0.415393 0.00761393 0.00494723 0.385787
0 0.0863166 0.767154 0.00689474 0.003975 0.362271
0 0.359277 0.693546 0.00644433 0.00434935 0.360633
0 0.00152614 0.23249 0.00302557 0.00630469 0.353323
0 0.178786 0.771491 0.00743127 0.00420942 0.352281
0 0.150797 0.491157 0.00743347 0.00432457 0.33196
0 0.152145 0.743455 0.00576129 0.00434967 0.323419
0 0.845374 0.267529 0.0147618 0.0091981 0.29531
0 0.0754203 0.772133 0.0077688 0.00538668 0.284117
0 0.180341 0.984276 0.00743206 0.00509197 0.283717
0 0.148128 0.441457 0.00833789 0.0050358 0.27994
0 0.305497 0.239836 0.00686793 0.00490239 0.279125
0 0.915537 0.16207 0.0132399 0.00779001 0.270188
0 0.302494 0.245597 0.00701141 0.00483512 0.26075
0 0.0919516 0.355855 0.00733905 0.00503765 0.258323
0 0.297445 0.0385224 0.00803908 0.00541266 0.250629
0 0.081305 0.422454 0.00869696 0.00598491 0.244448
0 0.330437 0.340313 0.01117 0.0058655 0.242622
0 0.0994026 0.439273 0.00878613 0.00488392 0.22997
0 0.641598 0.904507 0.00610753 0.00447179 0.229218
0 0.707482 0.262892 0.00653911 0.00445012 0.227089
0 0.25727 0.419775 0.00773696 0.00434766 0.223355
0 0.434784 0.970879 0.00708604 0.00437202 0.221285
0 0.304664 0.652448 0.00968921 0.00656226 0.217943
0 0.117674 0.361325 0.00986729 0.00573334 0.204194
0 0.337229 0.840798 0.00605237 0.00427029 0.201006
0 0.548529 0.66978 0.00810011 0.0048974 0.198003
0 0.499284 0.614071 0.00707877 0.00498232 0.191751
0 0.195229 0.151244 0.00672815 0.00478896 0.190927
0 0.296116 0.20005 0.00712818 0.0044229 0.183943
0 0.424915 0.778304 0.0087653 0.00499331 0.17139
0 0.0461115 0.339873 0.00805408 0.00479366 0.165614
0 0.0916344 0.416703 0.0107602 0.00734367 0.161657
0 0.359413 0.7867 0.00744311 0.00476301 0.153152
0 0.0735424 0.274322 0.00935944 0.0051863 0.149917
0 0.31921 0.233644 0.00703271 0.00460403 0.145961
0 0.562029 0.948301 0.00674792 0.00459418 0.144786
0 0.373412 0.821472 0.00738919 0.00449546 0.144715
0 0.463461 0.881716 0.00641632 0.00503405 0.144275
0 0.29768 0.390974 0.00664055 0.00442217 0.138853
0 0.821276 0.774724 0.00717894 0.00460649 0.137083
0 0.250493 0.791026 0.00744303 0.00419124 0.133681
0 0.705386 0.920319 0.0128027 0.0104062 0.129899
0 0.300125 0.928099 0.00694646 0.00485914 0.118421
0 0.160467 0.525181 0.0100039 0.00687689 0.117753
0 0.28886 0.393108 0.00768969 0.00454287 0.117153
0 0.051662 0.155354 0.00793791 0.00598117 0.110072
0 0.00192301 0.819245 0.00384602 0.00614579 0.109715
0 0.341614 0.634988 0.00615962 0.00472048 0.106144
0 0.363965 0.0375737 0.00860643 0.00626145 0.730754
0 0.165788 0.43361 0.00590579 0.00463164 0.689078
0 0.0595782 0.152347 0.00755535 0.00500766 0.611032
0 0.461052 0.961919 0.00910767 0.00599339 0.577186
0 0.0931784 0.393068 0.00657305 0.00430042 0.573182
0 0.416801 0.196039 0.00660161 0.00384553 0.541281
0 0.0802821 0.318908 0.00821353 0.00523225 0.499009
0 0.0606371 0.758025 0.00627668 0.00435553 0.495134
0 0.226401 0.241029 0.0065755 0.00406193 0.42973
0 0.883713 0.247405 0.00714755 0.00430002 0.418944
0 0.375059 0.548327 0.00556084 0.00402594 0.405557
0 0.240978 0.253506 0.00693915 0.00405868 0.403383
0 0.303456 0.321807 0.00678639 0.00439802 0.393126
0 0.0629629 0.356106 0.00728665 0.00438959 0.391317
0 0.101183 0.415393 0.00761393 0.00494723 0.385787
0 0.0863166 0.767154 0.00689474 0.003975 0.362271
0 0.359277 0.693546 0.00644433 0.00434935 0.360633
0 0.00152614 0.23249 0.00302557 0.00630469 0.353323
0 0.178786 0.771491 0.00743127 0.00420942 0.352281
0 0.150797 0.491157 0.00743347 0.00432457 0.33196
0 0.152145 0.743455 0.00576129 0.00434967 0.323419
0 0.845374 0.267529 0.0147618 0.0091981 0.29531
0 0.0754203 0.772133 0.0077688 0.00538668 0.284117
0 0.180341 0.984276 0.00743206 0.00509197 0.283717
0 0.148128 0.441457 0.00833789 0.0050358 0.27994
0 0.305497 0.239836 0.00686793 0.00490239 0.279125
0 0.915537 0.16207 0.0132399 0.00779001 0.270188
0 0.302494 0.245597 0.00701141 0.00483512 0.26075
0 0.0919516 0.355855 0.00733905 0.00503765 0.258323
0 0.297445 0.0385224 0.00803908 0.00541266 0.250629
0 0.081305 0.422454 0.00869696 0.00598491 0.244448
0 0.330437 0.340313 0.01117 0.0058655 0.242622
0 0.0994026 0.439273 0.00878613 0.00488392 0.22997
0 0.641598 0.904507 0.00610753 0.00447179 0.229218
0 0.707482 0.262892 0.00653911 0.00445012 0.227089
0 0.25727 0.419775 0.00773696 0.00434766 0.223355
0 0.434784 0.970879 0.00708604 0.00437202 0.221285
0 0.304664 0.652448 0.00968921 0.00656226 0.217943
0 0.117674 0.361325 0.00986729 0.00573334 0.204194
0 0.337229 0.840798 0.00605237 0.00427029 0.201006
0 0.548529 0.66978 0.00810011 0.0048974 0.198003
0 0.499284 0.614071 0.00707877 0.00498232 0.191751
0 0.195229 0.151244 0.00672815 0.00478896 0.190927
0 0.296116 0.20005 0.00712818 0.0044229 0.183943
0 0.424915 0.778304 0.0087653 0.00499331 0.17139
0 0.0461115 0.339873 0.00805408 0.00479366 0.165614
0 0.0916344 0.416703 0.0107602 0.00734367 0.161657
0 0.359413 0.7867 0.00744311 0.00476301 0.153152
0 0.0735424 0.274322 0.00935944 0.0051863 0.149917
0 0.31921 0.233644 0.00703271 0.00460403 0.145961
0 0.562029 0.948301 0.00674792 0.00459418 0.144786
0 0.373412 0.821472 0.00738919 0.00449546 0.144715
0 0.463461 0.881716 0.00641632 0.00503405 0.144275
0 0.29768 0.390974 0.00664055 0.00442217 0.138853
0 0.821276 0.774724 0.00717894 0.00460649 0.137083
0 0.250493 0.791026 0.00744303 0.00419124 0.133681
0 0.705386 0.920319 0.0128027 0.0104062 0.129899
0 0.300125 0.928099 0.00694646 0.00485914 0.118421
0 0.160467 0.525181 0.0100039 0.00687689 0.117753
0 0.28886 0.393108 0.00768969 0.00454287 0.117153
0 0.051662 0.155354 0.00793791 0.00598117 0.110072
0 0.00192301 0.819245 0.00384602 0.00614579 0.109715
0 0.341614 0.634988 0.00615962 0.00472048 0.106144
0 0.363965 0.0375737 0.00860643 0.00626145 0.730754
0 0.165788 0.43361 0.00590579 0.00463164 0.689078
0 0.0595782 0.152347 0.00755535 0.00500766 0.611032
0 0.461052 0.961919 0.00910767 0.00599339 0.577186
0 0.0931784 0.393068 0.00657305 0.00430042 0.573182
0 0.416801 0.196039 0.00660161 0.00384553 0.541281
0 0.0802821 0.318908 0.00821353 0.00523225 0.499009
0 0.0606371 0.758025 0.00627668 0.00435553 0.495134
0 0.226401 0.241029 0.0065755 0.00406193 0.42973
0 0.883713 0.247405 0.00714755 0.00430002 0.418944
0 0.375059 0.548327 0.00556084 0.00402594 0.405557
0 0.240978 0.253506 0.00693915 0.00405868 0.403383
0 0.303456 0.321807 0.00678639 0.00439802 0.393126
0 0.0629629 0.356106 0.00728665 0.00438959 0.391317
0 0.101183 0.415393 0.00761393 0.00494723 0.385787
0 0.0863166 0.767154 0.00689474 0.003975 0.362271
0 0.359277 0.693546 0.00644433 0.00434935 0.360633
0 0.00152614 0.23249 0.00302557 0.00630469 0.353323
0 0.178786 0.771491 0.00743127 0.00420942 0.352281
0 0.150797 0.491157 0.00743347 0.00432457 0.33196
0 0.152145 0.743455 0.00576129 0.00434967 0.323419
0 0.845374 0.267529 0.0147618 0.0091981 0.29531
0 0.0754203 0.772133 0.0077688 0.00538668 0.284117
0 0.180341 0.984276 0.00743206 0.00509197 0.283717
0 0.148128 0.441457 0.00833789 0.0050358 0.27994
0 0.305497 0.239836 0.00686793 0.00490239 0.279125
0 0.915537 0.16207 0.0132399 0.00779001 0.270188
0 0.302494 0.245597 0.00701141 0.00483512 0.26075
0 0.0919516 0.355855 0.00733905 0.00503765 0.258323
0 0.297445 0.0385224 0.00803908 0.00541266 0.250629
0 0.081305 0.422454 0.00869696 0.00598491 0.244448
0 0.330437 0.340313 0.01117 0.0058655 0.242622
0 0.0994026 0.439273 0.00878613 0.00488392 0.22997
0 0.641598 0.904507 0.00610753 0.00447179 0.229218
0 0.707482 0.262892 0.00653911 0.00445012 0.227089
0 0.25727 0.419775 0.00773696 0.00434766 0.223355
0 0.434784 0.970879 0.00708604 0.00437202 0.221285
0 0.304664 0.652448 0.00968921 0.00656226 0.217943
0 0.117674 0.361325 0.00986729 0.00573334 0.204194
0 0.337229 0.840798 0.00605237 0.00427029 0.201006
0 0.548529 0.66978 0.00810011 0.0048974 0.198003
0 0.499284 0.614071 0.00707877 0.00498232 0.191751
0 0.195229 0.151244 0.00672815 0.00478896 0.190927
0 0.296116 0.20005 0.00712818 0.0044229 0.183943
0 0.424915 0.778304 0.0087653 0.00499331 0.17139
0 0.0461115 0.339873 0.00805408 0.00479366 0.165614
0 0.0916344 0.416703 0.0107602 0.00734367 0.161657
0 0.359413 0.7867 0.00744311 0.00476301 0.153152
0 0.0735424 0.274322 0.00935944 0.0051863 0.149917
0 0.31921 0.233644 0.00703271 0.00460403 0.145961
0 0.562029 0.948301 0.00674792 0.00459418 0.144786
0 0.373412 0.821472 0.00738919 0.00449546 0.144715
0 0.463461 0.881716 0.00641632 0.00503405 0.144275
0 0.29768 0.390974 0.00664055 0.00442217 0.138853
0 0.821276 0.774724 0.00717894 0.00460649 0.137083
0 0.250493 0.791026 0.00744303 0.00419124 0.133681
0 0.705386 0.920319 0.0128027 0.0104062 0.129899
0 0.300125 0.928099 0.00694646 0.00485914 0.118421
0 0.160467 0.525181 0.0100039 0.00687689 0.117753
0 0.28886 0.393108 0.00768969 0.00454287 0.117153
0 0.051662 0.155354 0.00793791 0.00598117 0.110072
0 0.00192301 0.819245 0.00384602 0.00614579 0.109715
0 0.341614 0.634988 0.00615962 0.00472048 0.106144
0 0.353224 0.637355 0.0102521 0.0130784 0.221508
0 0.694852 0.370681 0.00889133 0.011724 0.466992
0 0.876189 0.515872 0.00685774 0.0102019 0.429793
0 0.870074 0.276135 0.0072888 0.0120975 0.19421
0 0.363965 0.0375737 0.00860643 0.00626145 0.730754
0 0.165788 0.43361 0.00590579 0.00463164 0.689078
0 0.0595782 0.152347 0.00755535 0.00500766 0.611032
0 0.461052 0.961919 0.00910767 0.00599339 0.577186
0 0.0931784 0.393068 0.00657305 0.00430042 0.573182
0 0.416801 0.196039 0.00660161 0.00384553 0.541281
0 0.0802821 0.318908 0.00821353 0.00523225 0.499009
0 0.0606371 0.758025 0.00627668 0.00435553 0.495134
0 0.226401 0.241029 0.0065755 0.00406193 0.42973
0 0.883713 0.247405 0.00714755 0.00430002 0.418944
0 0.375059 0.548327 0.00556084 0.00402594 0.405557
0 0.240978 0.253506 0.00693915 0.00405868 0.403383
0 0.303456 0.321807 0.00678639 0.00439802 0.393126
0 0.0629629 0.356106 0.00728665 0.00438959 0.391317
0 0.101183 0.415393 0.00761393 0.00494723 0.385787
0 0.0863166 0.767154 0.00689474 0.003975 0.362271
0 0.359277 0.693546 0.00644433 0.00434935 0.360633
0 0.00152614 0.23249 0.00302557 0.00630469 0.353323
0 0.178786 0.771491 0.00743127 0.00420942 0.352281
0 0.150797 0.491157 0.00743347 0.00432457 0.33196
0 0.152145 0.743455 0.00576129 0.00434967 0.323419
0 0.845374 0.267529 0.0147618 0.0091981 0.29531
0 0.0754203 0.772133 0.0077688 0.00538668 0.284117
0 0.180341 0.984276 0.00743206 0.00509197 0.283717
0 0.148128 0.441457 0.00833789 0.0050358 0.27994
0 0.305497 0.239836 0.00686793 0.00490239 0.279125
0 0.915537 0.16207 0.0132399 0.00779001 0.270188
0 0.302494 0.245597 0.00701141 0.00483512 0.26075
0 0.0919516 0.355855 0.00733905 0.00503765 0.258323
0 0.297445 0.0385224 0.00803908 0.00541266 0.250629
0 0.081305 0.422454 0.00869696 0.00598491 0.244448
0 0.330437 0.340313 0.01117 0.0058655 0.242622
0 0.0994026 0.439273 0.00878613 0.00488392 0.22997
0 0.641598 0.904507 0.00610753 0.00447179 0.229218
0 0.707482 0.262892 0.00653911 0.00445012 0.227089
0 0.25727 0.419775 0.00773696 0.00434766 0.223355
0 0.434784 0.970879 0.00708604 0.00437202 0.221285
0 0.304664 0.652448 0.00968921 0.00656226 0.217943
0 0.117674 0.361325 0.00986729 0.00573334 0.204194
0 0.337229 0.840798 0.00605237 0.00427029 0.201006
0 0.548529 0.66978 0.00810011 0.0048974 0.198003
0 0.499284 0.614071 0.00707877 0.00498232 0.191751
0 0.195229 0.151244 0.00672815 0.00478896 0.190927
0 0.296116 0.20005 0.00712818 0.0044229 0.183943
0 0.424915 0.778304 0.0087653 0.00499331 0.17139
0 0.0461115 0.339873 0.00805408 0.00479366 0.165614
0 0.0916344 0.416703 0.0107602 0.00734367 0.161657
0 0.359413 0.7867 0.00744311 0.00476301 0.153152
0 0.0735424 0.274322 0.00935944 0.0051863 0.149917
0 0.31921 0.233644 0.00703271 0.00460403 0.145961
0 0.562029 0.948301 0.00674792 0.00459418 0.144786
0 0.373412 0.821472 0.00738919 0.00449546 0.144715
0 0.463461 0.881716 0.00641632 0.00503405 0.144275
0 0.29768 0.390974 0.00664055 0.00442217 0.138853
0 0.821276 0.774724 0.00717894 0.00460649 0.137083
0 0.250493 0.791026 0.00744303 0.00419124 0.133681
0 0.705386 0.920319 0.0128027 0.0104062 0.129899
0 0.300125 0.928099 0.00694646 0.00485914 0.118421
0 0.160467 0.525181 0.0100039 0.00687689 0.117753
0 0.28886 0.393108 0.00768969 0.00454287 0.117153
0 0.051662 0.155354 0.00793791 0.00598117 0.110072
0 0.00192301 0.819245 0.00384602 0.00614579 0.109715
0 0.341614 0.634988 0.00615962 0.00472048 0.106144
0 0.363965 0.0375737 0.00860643 0.00626145 0.730754
0 0.165788 0.43361 0.00590579 0.00463164 0.689078
0 0.0595782 0.152347 0.00755535 0.00500766 0.611032
0 0.461052 0.961919 0.00910767 0.00599339 0.577186
0 0.0931784 0.393068 0.00657305 0.00430042 0.573182
0 0.416801 0.196039 0.00660161 0.00384553 0.541281
0 0.0802821 0.318908 0.00821353 0.00523225 0.499009
0 0.0606371 0.758025 0.00627668 0.00435553 0.495134
0 0.226401 0.241029 0.0065755 0.00406193 0.42973
0 0.883713 0.247405 0.00714755 0.00430002 0.418944
0 0.375059 0.548327 0.00556084 0.00402594 0.405557
0 0.240978 0.253506 0.00693915 0.00405868 0.403383
0 0.303456 0.321807 0.00678639 0.00439802 0.393126
0 0.0629629 0.356106 0.00728665 0.00438959 0.391317
0 0.101183 0.415393 0.00761393 0.00494723 0.385787
0 0.0863166 0.767154 0.00689474 0.003975 0.362271
0 0.359277 0.693546 0.00644433 0.00434935 0.360633
0 0.00152614 0.23249 0.00302557 0.00630469 0.353323
0 0.178786 0.771491 0.00743127 0.00420942 0.352281
0 0.150797 0.491157 0.00743347 0.00432457 0.33196
0 0.152145 0.743455 0.00576129 0.00434967 0.323419
0 0.845374 0.267529 0.0147618 0.0091981 0.29531
0 0.0754203 0.772133 0.0077688 0.00538668 0.284117
0 0.180341 0.984276 0.00743206 0.00509197 0.283717
0 0.148128 0.441457 0.00833789 0.0050358 0.27994
0 0.305497 0.239836 0.00686793 0.00490239 0.279125
0 0.915537 0.16207 0.0132399 0.00779001 0.270188
0 0.302494 0.245597 0.00701141 0.00483512 0.26075
0 0.0919516 0.355855 0.00733905 0.00503765 0.258323
0 0.297445 0.0385224 0.00803908 0.00541266 0.250629
0 0.081305 0.422454 0.00869696 0.00598491 0.244448
0 0.330437 0.340313 0.01117 0.0058655 0.242622
0 0.0994026 0.439273 0.00878613 0.00488392 0.22997
0 0.641598 0.904507 0.00610753 0.00447179 0.229218
0 0.707482 0.262892 0.00653911 0.00445012 0.227089
0 0.25727 0.419775 0.00773696 0.00434766 0.223355
0 0.434784 0.970879 0.00708604 0.00437202 0.221285
0 0.304664 0.652448 0.00968921 0.00656226 0.217943
0 0.117674 0.361325 0.00986729 0.00573334 0.204194
0 0.337229 0.840798 0.00605237 0.00427029 0.201006
0 0.548529 0.66978 0.00810011 0.0048974 0.198003
0 0.499284 0.614071 0.00707877 0.00498232 0.191751
0 0.195229 0.151244 0.00672815 0.00478896 0.190927
0 0.296116 0.20005 0.00712818 0.0044229 0.183943
0 0.424915 0.778304 0.0087653 0.00499331 0.17139
0 0.0461115 0.339873 0.00805408 0.00479366 0.165614
0 0.0916344 0.416703 0.0107602 0.00734367 0.161657
0 0.359413 0.7867 0.00744311 0.00476301 0.153152
0 0.0735424 0.274322 0.00935944 0.0051863 0.149917
0 0.31921 0.233644 0.00703271 0.00460403 0.145961
0 0.562029 0.948301 0.00674792 0.00459418 0.144786
0 0.373412 0.821472 0.00738919 0.00449546 0.144715
0 0.463461 0.881716 0.00641632 0.00503405 0.144275
0 0.29768 0.390974 0.00664055 0.00442217 0.138853
0 0.821276 0.774724 0.00717894 0.00460649 0.137083
0 0.250493 0.791026 0.00744303 0.00419124 0.133681
0 0.705386 0.920319 0.0128027 0.0104062 0.129899
0 0.300125 0.928099 0.00694646 0.00485914 0.118421
0 0.160467 0.525181 0.0100039 0.00687689 0.117753
0 0.28886 0.393108 0.00768969 0.00454287 0.117153
0 0.051662 0.155354 0.00793791 0.00598117 0.110072
0 0.00192301 0.819245 0.00384602 0.00614579 0.109715
0 0.341614 0.634988 0.00615962 0.00472048 0.106144
0 0.363965 0.0375737 0.00860643 0.00626145 0.730754
0 0.165788 0.43361 0.00590579 0.00463164 0.689078
0 0.0595782 0.152347 0.00755535 0.00500766 0.611032
0 0.461052 0.961919 0.00910767 0.00599339 0.577186
0 0.0931784 0.393068 0.00657305 0.00430042 0.573182
0 0.416801 0.196039 0.00660161 0.00384553 0.541281
0 0.0802821 0.318908 0.00821353 0.00523225 0.499009
0 0.0606371 0.758025 0.00627668 0.00435553 0.495134
0 0.226401 0.241029 0.0065755 0.00406193 0.42973
0 0.883713 0.247405 0.00714755 0.00430002 0.418944
0 0.375059 0.548327 0.00556084 0.00402594 0.405557
0 0.240978 0.253506 0.00693915 0.00405868 0.403383
0 0.303456 0.321807 0.00678639 0.00439802 0.393126
0 0.0629629 0.356106 0.00728665 0.00438959 0.391317
0 0.101183 0.415393 0.00761393 0.00494723 0.385787
0 0.0863166 0.767154 0.00689474 0.003975 0.362271
0 0.359277 0.693546 0.00644433 0.00434935 0.360633
0 0.00152614 0.23249 0.00302557 0.00630469 0.353323
0 0.178786 0.771491 0.00743127 0.00420942 0.352281
0 0.150797 0.491157 0.00743347 0.00432457 0.33196
0 0.152145 0.743455 0.00576129 0.00434967 0.323419
0 0.845374 0.267529 0.0147618 0.0091981 0.29531
0 0.0754203 0.772133 0.0077688 0.00538668 0.284117
0 0.180341 0.984276 0.00743206 0.00509197 0.283717
0 0.148128 0.441457 0.00833789 0.0050358 0.27994
0 0.305497 0.239836 0.00686793 0.00490239 0.279125
0 0.915537 0.16207 0.0132399 0.00779001 0.270188
0 0.302494 0.245597 0.00701141 0.00483512 0.26075
0 0.0919516 0.355855 0.00733905 0.00503765 0.258323
0 0.297445 0.0385224 0.00803908 0.00541266 0.250629
0 0.081305 0.422454 0.00869696 0.00598491 0.244448
0 0.330437 0.340313 0.01117 0.0058655 0.242622
0 0.0994026 0.439273 0.00878613 0.00488392 0.22997
0 0.641598 0.904507 0.00610753 0.00447179 0.229218
0 0.707482 0.262892 0.00653911 0.00445012 0.227089
0 0.25727 0.419775 0.00773696 0.00434766 0.223355
0 0.434784 0.970879 0.00708604 0.00437202 0.221285
0 0.304664 0.652448 0.00968921 0.00656226 0.217943
0 0.117674 0.361325 0.00986729 0.00573334 0.204194
0 0.337229 0.840798 0.00605237 0.00427029 0.201006
0 0.548529 0.66978 0.00810011 0.0048974 0.198003
0 0.499284 0.614071 0.00707877 0.00498232 0.191751
0 0.195229 0.151244 0.00672815 0.00478896 0.190927
0 0.296116 0.20005 0.00712818 0.0044229 0.183943
0 0.424915 0.778304 0.0087653 0.00499331 0.17139
0 0.0461115 0.339873 0.00805408 0.00479366 0.165614
0 0.0916344 0.416703 0.0107602 0.00734367 0.161657
0 0.359413 0.7867 0.00744311 0.00476301 0.153152
0 0.0735424 0.274322 0.00935944 0.0051863 0.149917
0 0.31921 0.233644 0.00703271 0.00460403 0.145961
0 0.562029 0.948301 0.00674792 0.00459418 0.144786
0 0.373412 0.821472 0.00738919 0.00449546 0.144715
0 0.463461 0.881716 0.00641632 0.00503405 0.144275
0 0.29768 0.390974 0.00664055 0.00442217 0.138853
0 0.821276 0.774724 0.00717894 0.00460649 0.137083
0 0.250493 0.791026 0.00744303 0.00419124 0.133681
0 0.705386 0.920319 0.0128027 0.0104062 0.129899
0 0.300125 0.928099 0.00694646 0.00485914 0.118421
0 0.160467 0.525181 0.0100039 0.00687689 0.117753
0 0.28886 0.393108 0.00768969 0.00454287 0.117153
0 0.051662 0.155354 0.00793791 0.00598117 0.110072
0 0.00192301 0.819245 0.00384602 0.00614579 0.109715
0 0.341614 0.634988 0.00615962 0.00472048 0.106144
0 0.115161 0.855879 0.008362 0.01202 0.872518
0 0.0714671 0.950358 0.00725107 0.0112796 0.850129
0 0.10648 0.861715 0.00938369 0.0110766 0.829932
0 0.00457372 0.872165 0.00837646 0.00997222 0.818013
0 0.0617135 0.995129 0.00948272 0.009741 0.803555
0 0.0765492 0.982748 0.00770303 0.00968118 0.793329
0 0.291789 0.853041 0.00750969 0.0103515 0.739272
0 0.154414 0.857388 0.00818699 0.0112802 0.73757
0 0.402251 0.828633 0.00717469 0.0107577 0.723049
0 0.00609608 0.790719 0.00787067 0.00902117 0.718259
0 0.557173 0.802205 0.00805228 0.00971 0.684073
0 0.639 0.678471 0.00759046 0.010711 0.672202
0 0.667526 0.563736 0.0101188 0.0139038 0.626697
0 0.120716 0.821658 0.00758136 0.0116592 0.596495
0 0.445664 0.835155 0.00815065 0.0118952 0.551979
0 0.538771 0.0736443 0.00801207 0.00999019 0.542362
0 0.853111 0.689487 0.00776557 0.0108281 0.539854
0 0.656376 0.0764648 0.0086808 0.0127218 0.521653
0 0.219398 0.00708402 0.00741455 0.0100266 0.520218
0 0.00562762 0.997611 0.00854955 0.0047781 0.491662
0 0.260412 0.903319 0.00873266 0.0132403 0.452806
0 0.239967 0.18735 0.00688748 0.00907732 0.420947
0 0.027617 0.974401 0.00902765 0.0115159 0.419208
0 0.0195753 0.80675 0.0094698 0.00983441 0.376012
0 0.638505 0.544524 0.00686833 0.010389 0.37012
0 0.542587 0.544491 0.00665059 0.00985455 0.366143
0 0.0266335 0.764489 0.00754747 0.0111354 0.36412
0 0.00119947 0.0647879 0.00237718 0.00995693 0.363177
0 0.357308 0.728041 0.00879043 0.0108435 0.34525
0 0.665847 0.690546 0.00810926 0.00982529 0.336976
0 0.464013 0.00329312 0.00877704 0.00653635 0.328211
0 0.781683 0.70305 0.00963381 0.0118136 0.308884
0 0.22409 0.728139 0.00734792 0.011275 0.283871
0 0.29591 0.867079 0.00731038 0.0107218 0.283202
0 0.647227 0.670037 0.00824616 0.00955588 0.243452
0 0.296361 0.19458 0.00756479 0.0107693 0.214973
0 0.300859 0.213173 0.00783336 0.0103791 0.212427
0 0.49335 0.367442 0.00755731 0.00868463 0.204465
0 0.154975 0.955102 0.00771759 0.0100954 0.198911
0 0.0346443 0.949836 0.00950571 0.0139481 0.195896
0 0.604332 0.00124367 0.00794704 0.00248734 0.195598
0 0.00137244 0.0312007 0.0027129 0.010498 0.181503
0 0.564063 0.573377 0.00887438 0.0118836 0.180103
0 0.534307 0.155835 0.00916224 0.0118343 0.178895
0 0.619761 0.549013 0.0101054 0.0122918 0.167856
0 0.689356 0.154457 0.00853227 0.0122194 0.167237
0 0.595031 0.371645 0.0102955 0.0128738 0.148556
0 0.621482 0.154569 0.0101453 0.0136305 0.148529
0 0.336767 0.0778693 0.0077785 0.0100078 0.147711
0 0.550092 0.306287 0.00898888 0.0115249 0.144521
0 0.35081 0.915523 0.00812173 0.0117996 0.141156
0 0.6675 0.508172 0.00798604 0.0107046 0.138074
0 0.282983 0.163103 0.0102011 0.0140333 0.133318
0 0.188052 0.0556316 0.00977792 0.0137324 0.132095
0 0.697592 0.656864 0.00912669 0.0155028 0.131588
0 0.749317 0.730136 0.0097692 0.0138832 0.129835
0 0.232515 0.852602 0.00796615 0.0114186 0.126606
0 0.218696 0.366025 0.00956917 0.0158881 0.122463
0 0.710075 0.501941 0.010773 0.0170537 0.118123
0 0.619977 0.887186 0.00945984 0.0143693 0.113943
0 0.530374 0.538713 0.00858876 0.0123474 0.111656
0 0.444089 0.300628 0.00933935 0.0124512 0.107473
0 0.650494 0.559582 0.00754214 0.00987135 0.106945
0 0.820489 0.648848 0.00898222 0.011978 0.106716
0 0.156398 0.733111 0.00825818 0.0107863 0.104696
0 0.320716 0.00140816 0.0101257 0.00281631 0.102662
0 0.228612 0.0249365 0.00623396 0.00915097 0.849045
0 0.205334 0.797757 0.00789196 0.0101067 0.812967
0 0.395315 0.955094 0.00671738 0.00865222 0.736687
0 0.00317673 0.878662 0.00635346 0.00978484 0.701708
0 0.270213 0.00286738 0.00606152 0.00569972 0.671906
0 0.385549 0.979573 0.00571505 0.00825678 0.65103
0 0.115577 0.996223 0.00623086 0.00755455 0.587368
0 0.81008 0.628066 0.00521263 0.00730537 0.53534
0 0.245748 0.849046 0.00535117 0.00810532 0.515504
0 0.30557 0.377397 0.00821265 0.0095851 0.467817
0 0.33649 0.961761 0.00612846 0.00745565 0.464418
0 0.529969 0.953182 0.00590152 0.00751362 0.451727
0 0.24014 0.0110579 0.00497241 0.00704924 0.443256
0 0.490778 0.972355 0.00598414 0.00879471 0.362251
0 0.120773 0.118125 0.00667209 0.00876985 0.342179
0 0.69198 0.20161 0.00589413 0.00887363 0.332642
0 0.230845 0.799092 0.00560094 0.00764288 0.329268
0 0.364254 0.997857 0.00683739 0.00428675 0.320847
0 0.1366 0.12157 0.00566601 0.00768784 0.320265
0 0.987349 0.597011 0.00504255 0.00708343 0.294388
0 0.949783 0.902877 0.00644278 0.00810944 0.291104
0 0.255966 0.0705167 0.0125695 0.0166737 0.285889
0 0.442877 0.623438 0.00647118 0.00862461 0.283889
0 0.280464 0.0023166 0.0106575 0.00458164 0.250463
0 0.439612 0.847361 0.00507306 0.00758418 0.237702
0 0.629174 0.61495 0.00554518 0.00671492 0.230512
0 0.886176 0.950407 0.00503413 0.00687663 0.230445
0 0.91263 0.553653 0.00863417 0.0130706 0.226956
0 0.574015 0.393239 0.00562698 0.00655482 0.200417
0 0.738146 0.649422 0.00551266 0.00723505 0.198828
0 0.155417 0.123201 0.00584378 0.00634078 0.196938
0 0.870128 0.853502 0.00602801 0.00855445 0.192186
0 0.664254 0.609609 0.00545193 0.0073857 0.191429
0 0.464235 0.941898 0.00653439 0.00947385 0.185858
0 0.636908 0.615924 0.0063112 0.00872932 0.18363
0 0.22733 0.707699 0.00706677 0.00966721 0.181959
0 0.375101 0.997471 0.0111883 0.00505768 0.180347
0 0.998932 0.541002 0.00213659 0.0155679 0.171877
0 0.679177 0.372926 0.00816769 0.0107524 0.165953
0 0.614195 0.355233 0.008261 0.0115414 0.161799
0 0.247093 0.781229 0.00633013 0.00806883 0.152802
0 0.20219 0.364766 0.00568438 0.00724845 0.150024
0 0.688413 0.271648 0.00834135 0.0110653 0.149074
0 0.798359 0.8568 0.00684114 0.010981 0.136126
0 0.822682 0.651271 0.00669728 0.00935481 0.128991
0 0.908246 0.123255 0.0088897 0.0129448 0.128226
0 0.646315 0.748982 0.00594524 0.00787329 0.127171
0 0.502401 0.697765 0.00489613 0.00794579 0.123588
0 0.801873 0.54805 0.00557479 0.00750777 0.119434
0 0.63596 0.602175 0.00708317 0.0093425 0.111429
0 0.248305 0.165103 0.00789659 0.011721 0.110019
0 0.194947 0.0684103 0.00499952 0.00726321 0.107576
0 0.269435 0.797034 0.00802391 0.0105087 0.106558
0 0.450843 0.281874 0.0048466 0.0069816 0.105345
0 0.384735 0.94633 0.00629522 0.00777617 0.101856
0 0.0717732 0.964991 0.0079561 0.0106803 0.891114
0 0.787893 0.653365 0.00804465 0.0108636 0.828848
0 0.0321777 0.858709 0.00660125 0.00880787 0.817411
0 0.336118 0.745098 0.00661372 0.0104569 0.805609
0 0.30614 0.981343 0.00922809 0.0102171 0.792188
0 0.24195 0.960873 0.00733607 0.01135 0.768734
0 0.679221 0.682593 0.00769479 0.00982577 0.765686
0 0.569517 0.62122 0.00773118 0.0105015 0.765205
0 0.510783 0.878817 0.00805585 0.0122525 0.749026
0 0.450628 0.9317 0.00749733 0.0117633 0.728924
0 0.201251 0.802232 0.00778251 0.0124198 0.697974
0 0.0952939 0.942907 0.00828033 0.0112968 0.691509
0 0.0183392 0.869646 0.00857342 0.00999548 0.686039
0 0.444225 0.322506 0.0061149 0.00736957 0.639964
0 0.69578 0.767189 0.00669013 0.00926087 0.610861
0 0.578079 0.613801 0.00805906 0.00913537 0.580236
0 0.538146 0.331017 0.00770048 0.00911014 0.578546
0 0.618345 0.978502 0.00775383 0.0108296 0.573487
0 0.603401 0.0741009 0.00772452 0.0112076 0.571458
0 0.58482 0.508419 0.00682891 0.00886374 0.514166
0 0.700797 0.719453 0.00794692 0.0116126 0.507119
0 0.530464 0.629638 0.00766772 0.0104115 0.505564
0 0.770763 0.478738 0.00719809 0.0109326 0.501566
0 0.0391971 0.993104 0.00843591 0.0115658 0.499602
0 0.790364 0.459149 0.00630436 0.00944031 0.495999
0 0.74228 0.0362832 0.00703915 0.00815899 0.481428
0 0.411518 0.00353172 0.011028 0.00706345 0.479285
0 0.236182 0.771345 0.00689239 0.0103664 0.462728
0 0.78933 0.0292849 0.00720082 0.00985257 0.438924
0 0.00173636 0.822964 0.00347272 0.0125709 0.422284
0 0.644429 0.688013 0.00821898 0.0103937 0.410927
0 0.448395 0.458318 0.0066663 0.00914272 0.407573
0 0.82473 0.996772 0.00995539 0.00645576 0.397604
0 0.485397 0.734962 0.00778207 0.00956258 0.395076
0 0.244983 0.973028 0.00815915 0.0110941 0.393057
0 0.788166 0.495294 0.00756594 0.00938319 0.371992
0 0.874897 0.517696 0.0085144 0.0120377 0.354648
0 0.527258 0.882982 0.00713918 0.0111239 0.353781
0 0.676217 0.760514 0.00746869 0.0111429 0.332354
0 0.434791 0.981779 0.0086339 0.0132829 0.311099
0 0.713034 0.659512 0.0101114 0.0116927 0.310109
0 0.112148 0.928345 0.00796858 0.011637 0.307998
0 0.543872 0.827565 0.00805355 0.0114463 0.30521
0 0.282852 0.183991 0.00658426 0.00872458 0.297094
0 0.482227 0.487025 0.00619286 0.00933923 0.292168
0 0.819836 0.701677 0.0097801 0.0128084 0.286971
0 0.751068 0.00183316 0.00893989 0.00366631 0.270921
0 0.426928 0.286706 0.00626104 0.00762929 0.26599
0 0.797069 0.456994 0.00994746 0.0130246 0.251742
0 0.00514456 0.964011 0.00847002 0.0107616 0.248692
0 0.489155 0.261172 0.00808304 0.0107158 0.244836
0 0.0309658 0.827173 0.00640827 0.0103483 0.244217
0 0.978413 0.835404 0.00817096 0.0147212 0.241268
0 0.0465209 0.0597981 0.00743536 0.00991205 0.235989
0 0.591038 0.528347 0.00905282 0.0104522 0.227396
0 0.69313 0.621786 0.0102466 0.0158601 0.216276
0 0.49043 0.373544 0.0105055 0.0165874 0.215336
0 0.282657 0.824401 0.00749328 0.0112578 0.212858
0 0.507319 0.894541 0.00874589 0.00995156 0.209739
0 0.111708 0.94734 0.0063636 0.00836028 0.207199
0 0.643395 0.457206 0.00937907 0.0153475 0.206738
0 0.615908 0.779012 0.00787856 0.0102977 0.202453
0 0.258465 0.138119 0.00721229 0.0108715 0.201339
0 0.60113 0.513551 0.00988757 0.0130029 0.190336
0 0.0303232 0.979169 0.00860782 0.0120347 0.186538
0 0.2707 0.142008 0.00792988 0.0111183 0.183886
0 0.203436 0.714908 0.00710565 0.0102482 0.183835
0 0.744892 0.269933 0.00798737 0.0108502 0.18245
0 0.327414 0.501069 0.00934876 0.0111809 0.18066
0 0.203678 0.32606 0.00939398 0.0123511 0.180334
0 0.989763 0.133944 0.0111628 0.0164413 0.177868
0 0.27865 0.952395 0.00846648 0.0121759 0.176463
0 0.751495 0.433422 0.0101066 0.014226 0.175582
0 0.103175 0.840623 0.00706066 0.0104661 0.171651
0 0.951202 0.642484 0.00887511 0.014069 0.171174
0 0.602804 0.461108 0.00813354 0.0103262 0.165528
0 0.753593 0.609077 0.00878773 0.0119342 0.161157
0 0.182581 0.632625 0.00698447 0.0107669 0.158186
0 0.635001 0.430438 0.0093735 0.0117756 0.15685
0 0.942827 0.515564 0.0122815 0.0184817 0.14871
0 0.815463 0.374367 0.00846378 0.0136707 0.139304
0 0.942728 0.458215 0.00892185 0.0126327 0.138801
0 0.628441 0.604654 0.00739028 0.0123769 0.1345
0 0.808785 0.688369 0.00988334 0.0146991 0.133308
0 0.985141 0.0740948 0.00714408 0.0108211 0.133229
0 0.770932 0.997712 0.00917495 0.0045757 0.132578
0 0.861493 0.497309 0.00775146 0.0118975 0.129596
0 0.791989 0.640284 0.0111053 0.0170652 0.127488
0 0.688339 0.307268 0.0100013 0.0127364 0.12696
0 0.749074 0.502207 0.00873838 0.0109998 0.126635
0 0.8231 0.457798 0.00729921 0.00975783 0.125901
0 0.564584 0.837727 0.0100881 0.0144218 0.125482
0 0.279982 0.367579 0.00823236 0.0114305 0.118872
0 0.979617 0.199208 0.00913384 0.0115665 0.11378
0 0.527686 0.931563 0.00917744 0.0151916 0.112518
0 0.595516 0.635503 0.00815092 0.00999213 0.111085
0 0.678489 0.810458 0.00877199 0.0131893 0.1108
0 0.0354243 0.106827 0.00677113 0.00787639 0.109705
0 0.491801 0.520753 0.0107709 0.016284 0.857015
0 0.243838 0.977525 0.0117241 0.017376 0.847334
0 0.235183 0.898557 0.0130601 0.0169111 0.813397
0 0.00805786 0.930213 0.0117234 0.0177896 0.810049
0 0.989741 0.7835 0.0123088 0.0174157 0.785696
0 0.50328 0.948801 0.013279 0.015838 0.662529
0 0.526237 0.722569 0.00821752 0.0132906 0.511181
0 0.263918 0.483297 0.0070175 0.0101331 0.504068
0 0.247279 0.465991 0.0089001 0.0113746 0.450677
0 0.4966 0.867496 0.00883175 0.0116534 0.423779
0 0.674348 0.764195 0.0107389 0.0175859 0.415648
0 0.360157 0.463151 0.00771689 0.0100783 0.377882
0 0.125587 0.308796 0.013237 0.0156122 0.374269
0 0.836001 0.210234 0.0127697 0.0154225 0.330454
0 0.84815 0.977314 0.0111036 0.014081 0.33027
0 0.340577 0.866895 0.0117907 0.0153947 0.303102
0 0.818261 0.96868 0.0115829 0.0172283 0.288374
0 0.660082 0.782258 0.0112841 0.0164849 0.24522
0 0.823605 0.842673 0.0132904 0.017371 0.210511
0 0.235348 0.0597821 0.0133894 0.0155432 0.206583
0 0.876031 0.801358 0.0145302 0.0181192 0.188315
0 0.102008 0.911671 0.0138731 0.0166392 0.178228
0 0.786568 0.842484 0.0125989 0.0174347 0.175382
0 0.687657 0.771598 0.0142797 0.0171833 0.174429
0 0.906961 0.491674 0.0122524 0.0173514 0.161355
0 0.379015 0.00132739 0.00859733 0.00265477 0.143284
0 0.909733 0.423292 0.0101558 0.014663 0.142377
0 0.748418 0.746464 0.011959 0.0174157 0.126345
0 0.0426805 0.0207704 0.0101506 0.0147477 0.118309
0 0.151356 0.861732 0.00961214 0.01298 0.102563
0 0.790308 0.858649 0.00799785 0.0135458 0.101514
0 0.352408 0.00191429 0.0113137 0.00382858 0.10106
0 0.491801 0.520753 0.0107709 0.016284 0.857015
0 0.243838 0.977525 0.0117241 0.017376 0.847334
0 0.235183 0.898557 0.0130601 0.0169111 0.813397
0 0.00805786 0.930213 0.0117234 0.0177896 0.810049
0 0.989741 0.7835 0.0123088 0.0174157 0.785696
0 0.50328 0.948801 0.013279 0.015838 0.662529
0 0.526237 0.722569 0.00821752 0.0132906 0.511181
0 0.263918 0.483297 0.0070175 0.0101331 0.504068
0 0.247279 0.465991 0.0089001 0.0113746 0.450677
0 0.4966 0.867496 0.00883175 0.0116534 0.423779
0 0.674348 0.764195 0.0107389 0.0175859 0.415648
0 0.360157 0.463151 0.00771689 0.0100783 0.377882
0 0.125587 0.308796 0.013237 0.0156122 0.374269
0 0.836001 0.210234 0.0127697 0.0154225 0.330454
0 0.84815 0.977314 0.0111036 0.014081 0.33027
0 0.340577 0.866895 0.0117907 0.0153947 0.303102
0 0.818261 0.96868 0.0115829 0.0172283 0.288374
0 0.660082 0.782258 0.0112841 0.0164849 0.24522
0 0.823605 0.842673 0.0132904 0.017371 0.210511
0 0.235348 0.0597821 0.0133894 0.0155432 0.206583
0 0.876031 0.801358 0.0145302 0.0181192 0.188315
0 0.102008 0.911671 0.0138731 0.0166392 0.178228
0 0.786568 0.842484 0.0125989 0.0174347 0.175382
0 0.687657 0.771598 0.0142797 0.0171833 0.174429
0 0.906961 0.491674 0.0122524 0.0173514 0.161355
0 0.379015 0.00132739 0.00859733 0.00265477 0.143284
0 0.909733 0.423292 0.0101558 0.014663 0.142377
0 0.748418 0.746464 0.011959 0.0174157 0.126345
0 0.0426805 0.0207704 0.0101506 0.0147477 0.118309
0 0.151356 0.861732 0.00961214 0.01298 0.102563
0 0.790308 0.858649 0.00799785 0.0135458 0.101514
0 0.352408 0.00191429 0.0113137 0.00382858 0.10106
0 0.393131 0.451782 0.0074023 0.0105867 0.836283
0 0.996698 0.908498 0.00660342 0.0135654 0.834149
0 0.785824 0.693641 0.00950689 0.0125401 0.830163
0 0.98661 0.501208 0.0087035 0.0106628 0.791585
0 0.585591 0.00378843 0.00959312 0.00754623 0.768756
0 0.654233 0.872811 0.00833505 0.012415 0.753193
0 0.750144 0.593659 0.0082326 0.010472 0.695035
0 0.472894 0.655347 0.00844647 0.00998877 0.685161
0 0.658451 0.724568 0.00907323 0.010697 0.657425
0 0.563176 0.262709 0.00971543 0.0122586 0.619012
0 0.432553 0.487283 0.00706409 0.0106144 0.584122
0 0.191935 0.874875 0.0081226 0.012165 0.576761
0 0.794773 0.46631 0.00792064 0.0114026 0.531999
0 0.974369 0.685991 0.00845222 0.0130232 0.497974
0 0.574979 0.461514 0.00890332 0.0108281 0.484981
0 0.501944 0.304376 0.0082748 0.0103955 0.427907
0 0.698343 0.69852 0.0114855 0.0132172 0.413628
0 0.613997 0.426561 0.0105332 0.0137861 0.4069
0 0.485891 0.657065 0.00832255 0.0111419 0.395021
0 0.652688 0.814946 0.00820239 0.012075 0.394165
0 0.43019 0.779029 0.0092081 0.010382 0.389193
0 0.565308 0.726407 0.00986238 0.0139755 0.388638
0 0.751084 0.433932 0.00879766 0.0119269 0.378381
0 0.396246 0.50361 0.00798894 0.0114434 0.36715
0 0.630498 0.415419 0.0088392 0.0122587 0.340259
0 0.675172 0.823403 0.0081115 0.0104042 0.335053
0 0.96986 0.0469082 0.00732507 0.00924428 0.314741
0 0.456585 0.231255 0.00948676 0.0129359 0.301633
0 0.891336 0.53834 0.0101701 0.0140314 0.277712
0 0.821214 0.751248 0.0108782 0.0140097 0.272261
0 0.445709 0.218843 0.00836115 0.0113716 0.252085
0 0.47016 0.81903 0.00971352 0.0119434 0.231354
0 0.454536 0.521132 0.00846191 0.0102805 0.228646
0 0.991867 0.0375686 0.00709612 0.010773 0.220615
0 0.745424 0.515288 0.00971858 0.011873 0.218006
0 0.451596 0.171889 0.00694102 0.00977542 0.206756
0 0.83806 0.53296 0.00906632 0.0107681 0.200795
0 0.676911 0.653575 0.00918961 0.0141296 0.19631
0 0.66584 0.916257 0.0111616 0.0155339 0.195265
0 0.808948 0.735377 0.010163 0.0141258 0.193151
0 0.471361 0.977145 0.00940704 0.0142444 0.187982
0 0.971917 0.470773 0.0110709 0.015959 0.187223
0 0.456775 0.946841 0.00917831 0.0136416 0.186895
0 0.204083 0.120361 0.00855166 0.0114537 0.17882
0 0.208574 0.175536 0.00882588 0.0119788 0.168649
0 0.476012 0.952682 0.00789188 0.0127927 0.165173
0 0.464561 0.978712 0.00984077 0.0145874 0.158555
0 0.996337 0.651276 0.00732682 0.0167617 0.15749
0 0.868864 0.538171 0.00989387 0.0125756 0.156692
0 0.215822 0.665284 0.00999095 0.0129801 0.139974
0 0.876299 0.513652 0.00863847 0.0126585 0.137682
0 0.99789 0.865126 0.00422051 0.0119514 0.137517
0 0.60122 0.630916 0.00844598 0.0143808 0.116221
0 0.965835 0.442526 0.0103179 0.0167814 0.109046
0 0.822054 0.763001 0.00988188 0.0151313 0.10666
0 0.520884 0.542322 0.0107326 0.0165857 0.814676
0 0.563561 0.741306 0.00788116 0.0126025 0.785736
0 0.015311 0.942882 0.011685 0.0148528 0.740834
0 0.904503 0.981965 0.0110324 0.0150112 0.61424
0 0.285993 0.929251 0.0122336 0.0157789 0.562606
0 0.0704859 0.970852 0.0112858 0.0168122 0.533587
0 0.151572 0.0514097 0.0107539 0.014632 0.532985
0 0.145778 0.026251 0.0100163 0.0134682 0.53022
0 0.678723 0.539275 0.0116951 0.0169508 0.489029
0 0.715342 0.775029 0.0104305 0.0171159 0.47995
0 0.872806 0.845923 0.0128138 0.0166886 0.440216
0 0.925939 0.800176 0.0147569 0.0179244 0.430611
0 0.550088 0.968709 0.0130805 0.0156508 0.388702
0 0.70189 0.793293 0.0112863 0.0161049 0.279112
0 0.855473 0.204018 0.0128247 0.017061 0.269781
0 0.834053 0.847759 0.0123964 0.0180017 0.256673
0 0.942662 0.411324 0.0108558 0.0141099 0.230435
0 0.945374 0.00827513 0.0110732 0.0165337 0.227355
0 0.872984 0.9748 0.0126303 0.0178242 0.225333
0 0.540204 0.887439 0.00866384 0.0110952 0.214788
0 0.910155 0.546765 0.0112448 0.0164209 0.190787
0 0.729621 0.781156 0.0139102 0.0166083 0.13988
0 0.648923 0.00427951 0.0119827 0.00855903 0.124163
0 0.850049 0.861677 0.00924719 0.0139277 0.120931
0 0.60187 0.263866 0.0120131 0.0152794 0.118033
0 0.83705 0.29756 0.0108083 0.013602 0.11775
0 0.697781 0.747411 0.0138518 0.0162271 0.11395
0 0.933469 0.422967 0.00937283 0.0143921 0.110606
0 0.997519 0.1043 0.00496189 0.0136908 0.110381
0 0.159398 0.947905 0.0132633 0.0165492 0.107361
0 0.4388 0.263262 0.012444 0.0134687 0.105075
0 0.97233 0.844742 0.0106055 0.0146976 0.861057
0 0.375913 0.968717 0.0089319 0.0130256 0.858712
0 0.637211 0.411127 0.00946699 0.0115015 0.811264
0 0.563876 0.623962 0.00789188 0.0117051 0.810611
0 0.517655 0.585041 0.00810617 0.011491 0.793916
0 0.290396 0.213294 0.00875506 0.0113651 0.631619
0 0.509377 0.40115 0.00958764 0.0100829 0.588455
0 0.494837 0.36178 0.00848031 0.0117952 0.584392
0 0.688034 0.632389 0.0088524 0.0127802 0.561825
0 0.616879 0.816254 0.00978767 0.0121553 0.559794
0 0.858207 0.934396 0.0104741 0.0150919 0.529627
0 0.982719 0.00342546 0.00920426 0.00680518 0.52088
0 0.0308605 0.963419 0.0104674 0.0124285 0.518614
0 0.326808 0.835419 0.00987195 0.012805 0.508884
0 0.486624 0.352513 0.00776909 0.0104142 0.503284
0 0.457553 0.00378049 0.013058 0.00756097 0.503206
0 0.830228 0.886592 0.0106601 0.0127391 0.39687
0 0.576563 0.0544402 0.00932233 0.0116482 0.38882
0 0.703493 0.653157 0.0096989 0.0122185 0.348105
0 0.736455 0.0566697 0.00784072 0.00999065 0.347651
0 0.2865 0.192818 0.00810762 0.0102351 0.314065
0 0.850925 0.995276 0.00904701 0.00944777 0.307851
0 0.523506 0.643906 0.00822364 0.0123412 0.286893
0 0.825858 0.988534 0.0103051 0.0149075 0.277863
0 0.780476 0.00344477 0.00988703 0.00688954 0.27289
0 0.986387 0.58206 0.0121879 0.0165696 0.251117
0 0.446162 0.0339367 0.00866838 0.0109638 0.246466
0 0.969533 0.00287557 0.00756158 0.00575113 0.207249
0 0.590342 0.662226 0.00985706 0.0116155 0.201949
0 0.392831 0.740851 0.00978712 0.0123921 0.195134
0 0.974703 0.634063 0.010198 0.0133126 0.194828
0 0.788471 0.908173 0.0100976 0.0160657 0.183202
0 0.906922 0.00761991 0.0111869 0.0146036 0.181489
0 0.631765 0.817691 0.00998185 0.0135668 0.175181
0 0.799966 0.342523 0.0118178 0.0184746 0.174059
0 0.842134 0.377675 0.0118506 0.0162414 0.169698
0 0.0487493 0.918057 0.00928509 0.014424 0.16923
0 0.354563 0.547635 0.0084706 0.0108883 0.162245
0 0.977452 0.585416 0.00892088 0.013537 0.156749
0 0.998003 0.788462 0.00399423 0.014569 0.156689
0 0.696611 0.933505 0.00905597 0.0135669 0.152536
0 0.696907 0.832632 0.00862788 0.0124865 0.146768
0 0.0407389 0.958279 0.00880247 0.0134327 0.140968
0 0.0783491 0.0747565 0.00766194 0.00976652 0.138211
0 0.885892 0.331642 0.0118715 0.0161822 0.135469
0 0.0209249 0.036304 0.00730243 0.00898302 0.131425
0 0.55567 0.788274 0.00820208 0.011901 0.124594
0 0.170257 0.818955 0.00920885 0.0138597 0.123579
0 0.572737 0.957414 0.010526 0.0118322 0.120656
0 0.817485 0.200741 0.0107636 0.0147439 0.118216
0 0.919386 0.493724 0.0105568 0.0172416 0.118154
0 0.371201 0.550083 0.0110188 0.0132546 0.117579
0 0.998014 0.804874 0.00397231 0.0140048 0.114418
0 0.849107 0.80555 0.0102979 0.0165548 0.113758
0 0.274464 0.618009 0.0119556 0.0143465 0.109019
0 0.798722 0.885153 0.00946511 0.0155041 0.108355
0 0.453125 0.318586 0.00957683 0.0112282 0.104823
0 0.781638 0.00203341 0.00773736 0.00406682 0.102586
0 0.0769755 0.750417 0.008788 0.0127191 0.900389
0 0.303192 0.920445 0.0100673 0.0148887 0.850961
0 0.22713 0.377132 0.00849383 0.0119193 0.850855
0 0.35054 0.209217 0.00920486 0.0114824 0.845153
0 0.660318 0.638693 0.0102216 0.0133474 0.844594
0 0.99569 0.591317 0.00857253 0.0127606 0.843668
0 0.272491 0.416802 0.00794514 0.011566 0.84285
0 0.985406 0.451715 0.00974619 0.012536 0.841911
0 0.333961 0.605772 0.00973308 0.0128125 0.822491
0 0.566332 0.645433 0.011813 0.0135699 0.787248
0 0.877372 0.429294 0.00917671 0.0112889 0.774866
0 0.976707 0.61901 0.00926644 0.0120955 0.7738
0 0.94997 0.609789 0.00910689 0.0133639 0.764436
0 0.385817 0.595403 0.00953602 0.0131429 0.757102
0 0.775128 0.470239 0.0100649 0.0136941 0.739813
0 0.324039 0.925435 0.00855579 0.013179 0.70114
0 0.225759 0.985016 0.0094482 0.0152004 0.692131
0 0.254057 0.624627 0.00919027 0.0117263 0.649184
0 0.67249 0.392581 0.0079993 0.0121334 0.603189
0 0.684785 0.682761 0.0103289 0.0136278 0.58735
0 0.549858 0.186722 0.00962957 0.0112754 0.576122
0 0.346548 0.856398 0.00946923 0.0125891 0.567922
0 0.998181 0.888809 0.00363843 0.0145874 0.565596
0 0.0620015 0.0178941 0.00809523 0.0114876 0.562076
0 0.744935 0.00377986 0.0106109 0.0075478 0.552573
0 0.718126 0.464571 0.0100439 0.0114261 0.542388
0 0.977298 0.226281 0.010499 0.0129149 0.538736
0 0.985473 0.432822 0.0111068 0.0129055 0.536459
0 0.272129 0.740493 0.0102946 0.0123905 0.510676
0 0.882543 0.862591 0.00928546 0.0153642 0.506451
0 0.00327777 0.247896 0.00654278 0.0102288 0.501169
0 0.29972 0.825888 0.0113229 0.0136282 0.480998
0 0.201375 0.143043 0.00858713 0.0103634 0.463371
0 0.0882802 0.0606262 0.00982674 0.0113606 0.450595
0 0.319305 0.604291 0.00978464 0.0115662 0.433223
0 0.209491 0.153086 0.00977497 0.0125482 0.432862
0 0.510805 0.150129 0.00957165 0.0129239 0.405074
0 0.543769 0.597061 0.00944053 0.0139396 0.404765
0 0.970499 0.409446 0.0110365 0.0139857 0.404088
0 0.285759 0.111164 0.0087458 0.011532 0.403456
0 0.953888 0.0218204 0.0101212 0.0138994 0.399335
0 0.758046 0.65292 0.0108181 0.0133603 0.396238
0 0.292742 0.0580127 0.00745013 0.0103445 0.39174
0 0.69793 0.700205 0.0108612 0.0135155 0.339094
0 0.297824 0.454667 0.00891931 0.0102921 0.333053
0 0.442716 0.201286 0.00826923 0.012836 0.308565
0 0.981839 0.77108 0.0149523 0.0183298 0.301779
0 0.309115 0.841901 0.00940184 0.0134555 0.301303
0 0.0093313 0.00178586 0.00806637 0.00357172 0.299072
0 0.846759 0.196103 0.0103253 0.0137696 0.29546
0 0.996817 0.569281 0.0063657 0.01203 0.293978
0 0.959275 0.448061 0.00968188 0.0133629 0.290025
0 0.983012 0.236844 0.010064 0.014666 0.28674
0 0.992282 0.613026 0.0088217 0.0147177 0.284051
0 0.938357 0.70062 0.0135181 0.0179967 0.283547
0 0.708603 0.283154 0.0103703 0.0173485 0.269785
0 0.817825 0.00159803 0.00870696 0.00319607 0.251049
0 0.98114 0.838441 0.00834008 0.0134981 0.246414
0 0.530796 0.878491 0.0125396 0.0156335 0.242814
0 0.903708 0.421363 0.00819415 0.0125224 0.238454
0 0.294536 0.571506 0.00613649 0.00929922 0.232955
0 0.852311 0.228705 0.00921564 0.0153038 0.229406
0 0.998495 0.472023 0.00300998 0.0128875 0.229032
0 0.33041 0.858356 0.00794041 0.0114896 0.227459
0 0.938514 0.570234 0.01028 0.0154002 0.22495
0 0.879822 0.486527 0.0100735 0.0159745 0.21959
0 0.658212 0.691105 0.00934062 0.0115138 0.21759
0 0.845226 0.504876 0.010368 0.0160392 0.21099
0 0.681293 0.389757 0.0119063 0.0139382 0.204555
0 0.783046 0.462829 0.0110327 0.014396 0.20345
0 0.75975 0.443458 0.00952469 0.0138342 0.201521
0 0.394761 0.428772 0.00885464 0.0127857 0.19867
0 0.540725 0.7806 0.00887819 0.0114214 0.18853
0 0.992446 0.682961 0.00919875 0.0128907 0.187062
0 0.751286 0.469631 0.0106425 0.0129785 0.183305
0 0.390282 0.702189 0.0102839 0.0135777 0.179384
0 0.728988 0.210644 0.00979772 0.0143686 0.175284
0 0.738915 0.630933 0.0103343 0.0147309 0.171187
0 0.862391 0.396398 0.0112279 0.015132 0.170428
0 0.838908 0.204157 0.0120844 0.0170721 0.168495
0 0.867101 0.758892 0.0107357 0.014636 0.166749
0 0.444558 0.847479 0.00684762 0.0101123 0.16324
0 0.687751 0.323321 0.00622976 0.00752145 0.163234
0 0.850406 0.0971818 0.0123307 0.0157605 0.160729
0 0.254197 0.277271 0.00980165 0.014492 0.158282
0 0.409088 0.930882 0.0114446 0.015274 0.15788
0 0.0977705 0.52753 0.0104032 0.0133243 0.155748
0 0.323558 0.984838 0.00980647 0.0164817 0.155375
0 0.646657 0.416733 0.00958119 0.0137104 0.155169
0 0.998799 0.209016 0.00240156 0.0143345 0.154304
0 0.898255 0.854635 0.0105484 0.0155696 0.154095
0 0.997479 0.781971 0.00504224 0.0147531 0.153773
0 0.411323 0.167445 0.00735068 0.00889073 0.150523
0 0.517797 0.834623 0.00966124 0.0132268 0.150005
0 0.861153 0.627994 0.00952494 0.0145599 0.141332
0 0.638911 0.411698 0.00918288 0.011734 0.135091
0 0.539362 0.985157 0.00899778 0.0139714 0.129254
0 0.487678 0.3851 0.0124141 0.0196996 0.126639
0 0.427447 0.958114 0.0108521 0.0152942 0.126367
0 0.43966 0.795741 0.00992478 0.0132033 0.126198
0 0.541158 0.570949 0.0101332 0.0130401 0.123796
0 0.942267 0.511173 0.0100574 0.0159136 0.1193
0 0.372639 0.869657 0.00976668 0.0148937 0.118384
0 0.698531 0.712102 0.010076 0.0139496 0.114045
0 0.941014 0.621464 0.00871828 0.013616 0.113005
0 0.270199 0.0024813 0.0101749 0.0049626 0.11067
0 0.936071 0.597312 0.0114191 0.0155573 0.109865
0 0.634563 0.21554 0.00904471 0.0118949 0.104634
0 0.736503 0.655899 0.00910853 0.0118127 0.838404
0 0.546913 0.00288482 0.00836999 0.00576963 0.735781
0 0.468841 0.291775 0.00710157 0.00899496 0.718342
0 0.218619 0.976964 0.00908024 0.0100076 0.714013
0 0.72281 0.458759 0.00812803 0.0120506 0.708123
0 0.699431 0.842992 0.00796933 0.012252 0.691287
0 0.700939 0.220066 0.00658175 0.00953214 0.688651
0 0.613824 0.683584 0.00855437 0.0101983 0.682384
0 0.368012 0.282748 0.00674148 0.00773031 0.678531
0 0.203353 0.134349 0.00694815 0.00936013 0.659867
0 0.651634 0.659547 0.0103462 0.0114731 0.644434
0 0.629415 0.777537 0.00746282 0.00993436 0.629054
0 0.364647 0.937628 0.0077208 0.0120266 0.625395
0 0.827186 0.481483 0.00883 0.0125962 0.615402
0 0.59331 0.432922 0.00667766 0.00938763 0.554292
0 0.940403 0.46738 0.00944876 0.0111826 0.539226
0 0.350667 0.243037 0.0063786 0.0079641 0.530669
0 0.405885 0.464025 0.00628644 0.00930592 0.529133
0 0.950937 0.869587 0.00922345 0.0148743 0.506182
0 0.631785 0.848617 0.0100673 0.0110238 0.500813
0 0.952698 0.00370106 0.00796279 0.00740212 0.499778
0 0.42959 0.00241491 0.00788277 0.00482723 0.495604
0 0.636388 0.725274 0.00874425 0.0121286 0.480493
0 0.0797603 0.187983 0.00815525 0.0114842 0.456663
0 0.444981 0.8923 0.00737063 0.0117224 0.451799
0 0.00762926 0.00166501 0.00679747 0.00333002 0.449347
0 0.959195 0.849145 0.0106824 0.0156248 0.439854
0 0.697222 0.484934 0.00970556 0.0117101 0.434775
0 0.191727 0.945345 0.00785629 0.011013 0.434237
0 0.539403 0.997386 0.00835352 0.00522714 0.425177
0 0.907907 0.256382 0.00960504 0.0127543 0.415588
0 0.842131 0.505694 0.0104542 0.0154345 0.40359
0 0.425475 0.80564 0.00934162 0.0118941 0.400713
0 0.404818 0.290488 0.00824535 0.012481 0.397203
0 0.50422 0.472146 0.00687457 0.0104591 0.393874
0 0.928732 0.0136682 0.00816248 0.0102921 0.385654
0 0.746046 0.437226 0.00754874 0.011494 0.3851
0 0.373115 0.479712 0.00667557 0.0100411 0.373235
0 0.789034 0.0505641 0.00838162 0.0127871 0.360474
0 0.713039 0.131236 0.00797744 0.010361 0.35455
0 0.450467 0.834697 0.00680127 0.00950461 0.353488
0 0.370295 0.431787 0.00662955 0.00949944 0.348489
0 0.996919 0.0427603 0.00616134 0.0115936 0.347412
0 0.384322 0.988631 0.00892812 0.0112426 0.341054
0 0.778404 0.340137 0.00934649 0.0154708 0.337893
0 0.721497 0.523451 0.00919615 0.0115781 0.33182
0 0.966151 0.863445 0.0102484 0.0163295 0.31485
0 0.900412 0.264215 0.0108127 0.01563 0.305963
0 0.812667 0.00693776 0.00869654 0.0105963 0.302172
0 0.703075 0.407111 0.00864065 0.0116219 0.292717
0 0.926369 0.649995 0.00961988 0.0150943 0.28315
0 0.889627 0.502413 0.0121694 0.0166794 0.281396
0 0.121318 0.00130458 0.00686341 0.00260915 0.281381
0 0.922596 0.503232 0.0126476 0.0173067 0.280346
0 0.913767 0.285267 0.00828183 0.013787 0.278596
0 0.156354 0.951322 0.00723489 0.0116798 0.271295
0 0.887851 0.490214 0.0107694 0.0161099 0.264895
0 0.925535 0.43797 0.010473 0.0150327 0.258996
0 0.612988 0.968078 0.0110726 0.0135555 0.257505
0 0.910254 0.167102 0.0109159 0.0151334 0.254591
0 0.56064 0.595703 0.00751041 0.0125512 0.251808
0 0.759449 0.695706 0.00955757 0.013804 0.248434
0 0.849491 0.498963 0.0110747 0.014835 0.242721
0 0.74213 0.477863 0.00885494 0.0108737 0.240905
0 0.505898 0.634389 0.00677929 0.0103643 0.239839
0 0.934034 0.772018 0.0102647 0.016397 0.23959
0 0.720032 0.484778 0.00731647 0.00963685 0.239243
0 0.0172164 0.272558 0.0100732 0.0120458 0.239023
0 0.524852 0.25033 0.0094174 0.0117812 0.226457
0 0.92679 0.282879 0.0103786 0.0128058 0.224989
0 0.770986 0.711369 0.0113883 0.014824 0.2235
0 0.8273 0.670647 0.00993898 0.0125279 0.221584
0 0.73233 0.997204 0.0116914 0.00559142 0.216329
0 0.717034 0.887815 0.0108191 0.0155836 0.213112
0 0.631364 0.616986 0.00875546 0.0130112 0.204769
0 0.620474 0.863316 0.0119239 0.0139439 0.201726
0 0.715748 0.454729 0.00893384 0.0114188 0.199064
0 0.635624 0.263376 0.00878573 0.0104662 0.194967
0 0.909345 0.536527 0.0100491 0.0146961 0.182571
0 0.613082 0.881808 0.0108412 0.0138251 0.182193
0 0.492558 0.443435 0.00841634 0.00959411 0.181481
0 0.819627 0.505728 0.0105906 0.0152417 0.175319
0 0.798391 0.136177 0.00945688 0.0137488 0.172653
0 0.242921 0.476184 0.00974885 0.0119363 0.169343
0 0.771894 0.722576 0.00971628 0.0141779 0.163275
0 0.717137 0.266011 0.00900069 0.0113131 0.16233
0 0.413435 0.722631 0.00841952 0.0127115 0.161864
0 0.629013 0.840199 0.00813227 0.0107956 0.156781
0 0.207913 0.184952 0.00679154 0.0096177 0.145783
0 0.827479 0.98954 0.0100614 0.0164821 0.145086
0 0.110045 0.00180132 0.0100926 0.00360264 0.144564
0 0.536526 0.436759 0.00883744 0.0104847 0.14156
0 0.263819 0.181403 0.00836466 0.00993341 0.138148
0 0.75381 0.434669 0.0114532 0.015192 0.136566
0 0.959292 0.0104162 0.00937507 0.0117985 0.130735
0 0.843674 0.213016 0.0100788 0.013277 0.130066
0 0.58215 0.433899 0.0107708 0.0170331 0.128942
0 0.852287 0.640136 0.00871895 0.0140917 0.128814
0 0.652771 0.492528 0.00858295 0.0119141 0.128721
0 0.943586 0.519813 0.00969908 0.0159338 0.12846
0 0.764331 0.0502306 0.00738053 0.0107247 0.127966
0 0.200371 0.117893 0.0073881 0.00974298 0.127045
0 0.83066 0.00457529 0.0077359 0.00915058 0.126472
0 0.782753 0.288998 0.00907105 0.0113492 0.124964
0 0.995188 0.0554021 0.00962472 0.0162679 0.122354
0 0.403844 0.732585 0.00865546 0.010011 0.120329
0 0.997622 0.00569282 0.00475644 0.0113856 0.118758
0 0.734859 0.702227 0.00840711 0.0104708 0.116591
0 0.485336 0.846546 0.00953393 0.0139252 0.116434
0 0.977749 0.0428082 0.00897253 0.0133154 0.115676
0 0.497364 0.434133 0.00820072 0.0095034 0.115443
0 0.42775 0.886565 0.00830323 0.0123746 0.112344
0 0.933576 0.623726 0.00866312 0.0143926 0.111005
0 0.43944 0.769635 0.00924035 0.0106462 0.108262
0 0.356731 0.250933 0.00784108 0.00976807 0.106014
0 0.958713 0.639906 0.0101874 0.0157631 0.103441
0 0.972746 0.0393476 0.0104951 0.0162068 0.103226
0 0.919251 0.537041 0.0119921 0.0172055 0.101211
0 0.938676 0.661234 0.00921746 0.015083 0.101096
0 0.686568 0.788785 0.00977955 0.0132676 0.100303
0 0.891123 0.249012 0.00815098 0.0124827 0.100122
0 0.816734 0.544533 0.010725 0.0151831 0.795257
0 0.584395 0.72403 0.0117663 0.0135316 0.725458
0 0.938577 0.500621 0.011396 0.0133767 0.722371
0 0.685934 0.723003 0.0109283 0.0141099 0.71006
0 0.531529 0.917699 0.00929236 0.013468 0.679527
0 0.824424 0.185656 0.0105721 0.0125021 0.668672
0 0.939687 0.9895 0.0112274 0.0172896 0.658543
0 0.352743 0.669462 0.00926451 0.0122895 0.595029
0 0.650463 0.193721 0.0081201 0.0118936 0.583807
0 0.66662 0.0855753 0.0100253 0.0136048 0.529773
0 0.557148 0.948025 0.0119735 0.0131278 0.5243
0 0.413528 0.494327 0.00822903 0.0126225 0.510618
0 0.994641 0.0898789 0.010719 0.0153414 0.497443
0 0.298855 0.481761 0.00786412 0.011683 0.49292
0 0.45212 0.453347 0.00977552 0.0119545 0.452073
0 0.319752 0.979138 0.00965794 0.0151146 0.451649
0 0.932256 0.737881 0.0107315 0.0177106 0.440749
0 0.917166 0.724239 0.0109158 0.0170064 0.440515
0 0.432414 0.233486 0.00761998 0.00931878 0.431285
0 0.436811 0.749698 0.0107856 0.0149924 0.396038
0 0.556041 0.0839815 0.0100957 0.0143283 0.382364
0 0.555784 0.863677 0.00914928 0.0119888 0.377781
0 0.374161 0.277554 0.00980792 0.011837 0.37681
0 0.903044 0.240143 0.0116616 0.014799 0.360642
0 0.247759 0.367896 0.00824936 0.0113231 0.356118
0 0.785517 0.0373055 0.0115081 0.0159839 0.352544
0 0.909296 0.275789 0.0104893 0.0158461 0.330292
0 0.625875 0.419349 0.00798719 0.00981843 0.325868
0 0.958733 0.982294 0.0120125 0.0178887 0.323092
0 0.314805 0.184897 0.00963008 0.0131796 0.313409
0 0.56121 0.671735 0.00972227 0.0149307 0.312513
0 0.556361 0.0678286 0.010221 0.0138782 0.30859
0 0.539275 0.751432 0.00983689 0.011893 0.279033
0 0.907641 0.130011 0.0138056 0.0175324 0.273585
0 0.531604 0.210563 0.00982357 0.0138496 0.268995
0 0.258149 0.442885 0.00857459 0.0119888 0.266179
0 0.941231 0.565596 0.0115659 0.0176275 0.261202
0 0.0758125 0.0934912 0.0077834 0.0110944 0.24836
0 0.543472 0.965089 0.0130437 0.0162055 0.246855
0 0.774265 0.719047 0.0106454 0.016004 0.24098
0 0.920661 0.463605 0.0121834 0.0159849 0.232867
0 0.789667 0.543932 0.0124035 0.0154821 0.229101
0 0.873013 0.527185 0.0120755 0.0165071 0.202464
0 0.710511 0.45569 0.0119619 0.0159497 0.201131
0 0.922795 0.871551 0.0128408 0.0183412 0.196591
0 0.926336 0.691346 0.010725 0.0160865 0.18744
0 0.89316 0.248822 0.0136972 0.017457 0.187189
0 0.925719 0.1192 0.0113831 0.0154213 0.181521
0 0.321326 0.519533 0.0110229 0.0147974 0.173855
0 0.569231 0.00242828 0.0110383 0.00485657 0.167274
0 0.915838 0.696106 0.00905724 0.0131254 0.162848
0 0.92606 0.272754 0.0118171 0.0144214 0.157451
0 0.527012 0.0517999 0.0103969 0.015869 0.155973
0 0.682847 0.77937 0.0102791 0.0120289 0.14459
0 0.649823 0.421386 0.0105135 0.0138742 0.14306
0 0.712096 0.772209 0.0126596 0.0163778 0.134848
0 0.72686 0.792396 0.012452 0.0157906 0.132021
0 0.804231 0.347061 0.00852657 0.0107702 0.131275
0 0.742432 0.34039 0.0112409 0.0183434 0.130949
0 0.179238 0.467076 0.00890879 0.0128015 0.129763
0 0.860231 0.9964 0.00765422 0.00719916 0.128389
0 0.943525 0.311441 0.0134392 0.0188202 0.12508
0 0.928293 0.0980885 0.0124343 0.0166622 0.124749
0 0.294009 0.798178 0.0108217 0.0140138 0.122102
0 0.745511 0.038296 0.00972112 0.0137342 0.121962
0 0.769984 0.0917483 0.0117989 0.0171529 0.120536
0 0.672629 0.484396 0.00982097 0.014274 0.1199
0 0.799188 0.514958 0.0108263 0.0154592 0.118155
0 0.570678 0.0040655 0.00924864 0.0081228 0.117938
0 0.408344 0.207387 0.00961434 0.0160575 0.113014
0 0.7541 0.340347 0.00973735 0.0163602 0.108242
0 0.571003 0.246034 0.0106724 0.0127448 0.10659
0 0.141455 0.147884 0.00885057 0.0124198 0.104573
0 0.683871 0.0391061 0.00885518 0.0151859 0.100889
0 0.94399 0.485064 0.0123903 0.0166578 0.786386
0 0.483728 0.393774 0.00676494 0.0109228 0.60792
0 0.0106145 0.923765 0.0116948 0.014774 0.372013
0 0.870127 0.127732 0.0105963 0.0146449 0.349482
0 0.227794 0.949932 0.0105733 0.0159791 0.27775
0 0.405678 0.223632 0.0104588 0.0154093 0.232359
0 0.990482 0.562835 0.012576 0.0167998 0.224177
0 0.0662561 0.944095 0.0107408 0.0168107 0.223845
0 0.456846 0.200997 0.0101931 0.0150004 0.211821
0 0.0704831 0.961642 0.0135454 0.0176699 0.200868
0 0.866008 0.193548 0.0107832 0.0161006 0.183829
0 0.00555779 0.00513027 0.0107632 0.0102605 0.182604
0 0.165574 0.979078 0.0138947 0.0156336 0.179962
0 0.871921 0.00275324 0.0116111 0.00550528 0.170263
0 0.15681 0.108083 0.0111634 0.0151338 0.15321
0 0.974534 0.541228 0.0122781 0.0171098 0.140322
0 0.956612 0.176485 0.0104292 0.016346 0.123153
0 0.848918 0.856505 0.0105513 0.0175393 0.121846
0 0.00162441 0.0311519 0.00324882 0.0107808 0.116357
0 0.94399 0.485064 0.0123903 0.0166578 0.786386
0 0.483728 0.393774 0.00676494 0.0109228 0.60792
0 0.0106145 0.923765 0.0116948 0.014774 0.372013
0 0.870127 0.127732 0.0105963 0.0146449 0.349482
0 0.227794 0.949932 0.0105733 0.0159791 0.27775
0 0.405678 0.223632 0.0104588 0.0154093 0.232359
0 0.990482 0.562835 0.012576 0.0167998 0.224177
0 0.0662561 0.944095 0.0107408 0.0168107 0.223845
0 0.456846 0.200997 0.0101931 0.0150004 0.211821
0 0.0704831 0.961642 0.0135454 0.0176699 0.200868
0 0.866008 0.193548 0.0107832 0.0161006 0.183829
0 0.00555779 0.00513027 0.0107632 0.0102605 0.182604
0 0.165574 0.979078 0.0138947 0.0156336 0.179962
0 0.871921 0.00275324 0.0116111 0.00550528 0.170263
0 0.15681 0.108083 0.0111634 0.0151338 0.15321
0 0.974534 0.541228 0.0122781 0.0171098 0.140322
0 0.956612 0.176485 0.0104292 0.016346 0.123153
0 0.848918 0.856505 0.0105513 0.0175393 0.121846
0 0.00162441 0.0311519 0.00324882 0.0107808 0.116357
0 0.721729 0.602665 0.0101284 0.0133273 0.828441
0 0.284212 0.327619 0.00843965 0.0117197 0.780661
0 0.4101 0.16108 0.00930175 0.0111635 0.774326
0 0.57315 0.798471 0.00867365 0.0129632 0.729265
0 0.089393 0.994703 0.0117571 0.0105944 0.71904
0 0.38884 0.560596 0.00914198 0.0118897 0.71193
0 0.452081 0.382963 0.00800175 0.0120989 0.69594
0 0.329237 0.368813 0.00799981 0.0115826 0.675975
0 0.353432 0.879083 0.0100403 0.014996 0.66104
0 0.841817 0.432176 0.0103695 0.0147052 0.584768
0 0.349482 0.52496 0.00559786 0.00853649 0.580835
0 0.73675 0.350428 0.00860923 0.0122975 0.578215
0 0.129311 0.69967 0.00880884 0.0131199 0.534952
0 0.711588 0.994526 0.012432 0.0109481 0.513792
0 0.779434 0.350276 0.0089319 0.0119151 0.471317
0 0.921508 0.00480654 0.0116217 0.00961308 0.45059
0 0.85073 0.585584 0.00909169 0.0136058 0.401756
0 0.709802 0.374746 0.00948758 0.0136508 0.394209
0 0.950532 0.840737 0.0103426 0.0174223 0.381458
0 0.461498 0.341747 0.00973656 0.011009 0.327964
0 0.324902 0.695102 0.0103936 0.0118776 0.322394
0 0.948519 0.393361 0.0107086 0.0145455 0.319014
0 0.759815 0.66635 0.0118129 0.0147764 0.31453
0 0.817801 0.431406 0.0120554 0.0150833 0.312247
0 0.935427 0.732651 0.0103742 0.0166157 0.310713
0 0.139341 0.972991 0.00820461 0.0130431 0.296794
0 0.688359 0.0947067 0.00838713 0.0123101 0.288614
0 0.849868 0.425142 0.0115716 0.0149752 0.28848
0 0.146722 0.317121 0.00681208 0.00872012 0.270886
0 0.995713 0.0237399 0.00857471 0.0152915 0.261321
0 0.745723 0.347719 0.0124038 0.0165875 0.256604
0 0.90264 0.991335 0.00980995 0.0145882 0.251989
0 0.012965 0.981042 0.0104953 0.0147951 0.246981
0 0.746439 0.648668 0.0111803 0.0143586 0.245578
0 0.361536 0.914214 0.0121767 0.0167535 0.243871
0 0.826164 0.404463 0.0100146 0.0141772 0.226144
0 0.942898 0.609235 0.0100683 0.016484 0.206087
0 0.929775 0.597426 0.00997132 0.0160385 0.204192
0 0.612047 0.139487 0.0106752 0.0127995 0.202976
0 0.369181 0.912855 0.0103136 0.0150988 0.19864
0 0.313935 0.52943 0.00898694 0.0122412 0.196686
0 0.575213 0.96593 0.0105682 0.0149088 0.190432
0 0.439966 0.219934 0.0105558 0.0112705 0.183535
0 0.15133 0.0126633 0.0101216 0.0122401 0.180228
0 0.373388 0.945469 0.00928367 0.0164298 0.176458
0 0.33704 0.682946 0.00937441 0.0151619 0.169476
0 0.0548952 0.958135 0.00990093 0.0130001 0.168119
0 0.274572 0.942352 0.00924934 0.0139823 0.168118
0 0.597197 0.74381 0.00800166 0.0112506 0.165991
0 0.497981 0.808956 0.00656534 0.00923092 0.155421
0 0.967018 0.832565 0.0113892 0.0167835 0.150821
0 0.112533 0.930892 0.00946962 0.0143987 0.1504
0 0.152538 0.476104 0.010433 0.0125423 0.145023
0 0.848847 0.0987629 0.0102661 0.0143611 0.140761
0 0.92323 0.186477 0.00892252 0.0144141 0.140178
0 0.0793245 0.0137536 0.00817119 0.012531 0.133143
0 0.933315 0.358552 0.0117937 0.0157336 0.1316
0 0.624294 0.607037 0.0117803 0.0132511 0.128335
0 0.920543 0.0546182 0.0116938 0.0163808 0.126797
0 0.44122 0.119565 0.0114983 0.0156064 0.121853
0 0.774442 0.239564 0.0104055 0.0179415 0.120501
0 0.836308 0.32574 0.00927444 0.0127641 0.114681
0 0.724782 0.877637 0.00887771 0.0143153 0.11364
0 0.822551 0.619374 0.0104047 0.014169 0.11277
0 0.00943282 0.966601 0.00930452 0.0144827 0.110175
0 0.58653 0.843605 0.0117651 0.01372 0.109802
0 0.523132 0.554785 0.00958034 0.0136894 0.108237
0 0.893599 0.430728 0.0136874 0.0180784 0.105124
0 0.538318 0.653115 0.0105872 0.0143775 0.102786
0 0.904461 0.606744 0.0122478 0.016333 0.852234
0 0.438671 0.359267 0.00956435 0.0141396 0.746158
0 0.223396 0.748889 0.00976691 0.0149467 0.745789
0 0.386113 0.314846 0.00955515 0.0136719 0.736212
0 0.523431 0.113587 0.0114777 0.0141171 0.734737
0 0.0217436 0.099879 0.00953853 0.0138336 0.65168
0 0.360759 0.0599232 0.0119376 0.0147666 0.602054
0 0.894741 0.00387751 0.0096306 0.00772453 0.562616
0 0.446965 0.0068073 0.0107944 0.0136146 0.513851
0 0.791101 0.617917 0.0136949 0.0164463 0.498499
0 0.369767 0.225685 0.010289 0.013283 0.476794
0 0.318657 0.00346883 0.00985451 0.00693766 0.460346
0 0.509385 0.951683 0.0106035 0.0169985 0.45246
0 0.827061 0.1437 0.0119233 0.0163121 0.441841
0 0.763011 0.779568 0.0102899 0.0138018 0.44092
0 0.935062 0.658472 0.012554 0.016992 0.405829
0 0.996265 0.936761 0.00746918 0.0166402 0.40299
0 0.504031 0.983535 0.011576 0.0177478 0.40146
0 0.757183 0.0737115 0.0123858 0.0152651 0.393285
0 0.377149 0.10431 0.0130056 0.0134184 0.366909
0 0.911885 0.309897 0.0098461 0.015865 0.363084
0 0.64254 0.798279 0.0113719 0.0145378 0.356907
0 0.826604 0.268378 0.0101711 0.0137425 0.356005
0 0.96155 0.307169 0.0112328 0.0152613 0.33155
0 0.951382 0.679765 0.0128242 0.0169983 0.310721
0 0.507433 0.0850099 0.00913254 0.0118886 0.301344
0 0.339033 0.322156 0.0107114 0.0161213 0.263974
0 0.736816 0.843867 0.0117184 0.0165401 0.262609
0 0.484493 0.946412 0.010974 0.0158878 0.257986
0 0.518552 0.860418 0.0120939 0.0168857 0.256692
0 0.515129 0.872981 0.0108438 0.0155654 0.252283
0 0.58666 0.0392107 0.0120768 0.0168795 0.240652
0 0.802004 0.860122 0.0114486 0.0177082 0.228153
0 0.366694 0.00359571 0.0107024 0.00718533 0.220892
0 0.649724 0.859001 0.00747971 0.0111729 0.208574
0 0.819968 0.961519 0.0095118 0.0159353 0.206968
0 0.758553 0.529866 0.0113225 0.0151056 0.202874
0 0.430253 0.0296305 0.00974988 0.0133732 0.201192
0 0.668317 0.56249 0.0109846 0.0160938 0.187561
0 0.739663 0.653499 0.0119063 0.0150511 0.186001
0 0.7621 0.560762 0.0109568 0.0168485 0.183726
0 0.76351 0.864358 0.0115025 0.0154412 0.163889
0 0.929754 0.505126 0.0118282 0.015241 0.150821
0 0.572583 0.562677 0.0114647 0.0161658 0.149895
0 0.285608 0.348008 0.0114212 0.0136366 0.149532
0 0.495355 0.985137 0.0117195 0.0169708 0.144158
0 0.565044 0.885623 0.0109869 0.016488 0.143034
0 0.351837 0.0491109 0.0105976 0.0136494 0.140877
0 0.966705 0.00123848 0.00925331 0.00247697 0.116868
0 0.922371 0.305752 0.0150575 0.0180611 0.115583
0 0.391814 0.382514 0.0108751 0.0154596 0.113693
0 0.573259 0.979166 0.0113579 0.016291 0.111825
0 0.877719 0.946814 0.0122176 0.0181443 0.108465
0 0.686708 0.662127 0.0130135 0.0164437 0.101725
0 0.526762 0.29314 0.0110417 0.0167202 0.881658
0 0.269951 0.73502 0.0113469 0.0173044 0.870541
0 0.466249 0.238328 0.0116571 0.0171631 0.716416
0 0.556538 0.499439 0.00826621 0.0127476 0.691405
0 0.503583 0.569355 0.0124658 0.0167793 0.589136
0 0.0069471 0.184059 0.0119171 0.0162185 0.584446
0 0.69073 0.566048 0.0110162 0.0159711 0.570096
0 0.630549 0.0134235 0.0138008 0.0169256 0.560423
0 0.876596 0.776096 0.0113983 0.0147047 0.539165
0 0.961874 0.214899 0.010993 0.0143919 0.527371
0 0.774918 0.0028872 0.00945881 0.0057744 0.517039
0 0.676006 0.532711 0.012784 0.0181135 0.511118
0 0.915991 0.00401009 0.0104948 0.00802018 0.485774
0 0.842315 0.250696 0.0108873 0.0171085 0.39366
0 0.752563 0.861916 0.00832676 0.0122397 0.379007
0 0.912541 0.600695 0.0146043 0.0177345 0.373934
0 0.777497 0.506858 0.0116399 0.0188515 0.37099
0 0.595819 0.963092 0.0114824 0.0179716 0.333725
0 0.856412 0.638493 0.0133267 0.0163877 0.324161
0 0.880856 0.502021 0.0121187 0.0157885 0.310086
0 0.862308 0.902073 0.0142062 0.0174997 0.282631
0 0.846303 0.764923 0.0116567 0.0169987 0.26867
0 0.280972 0.225134 0.00896399 0.0116413 0.250488
0 0.206092 0.156194 0.00935376 0.0130176 0.248447
0 0.883791 0.536594 0.0127234 0.0184867 0.241824
0 0.972552 0.00171571 0.00921861 0.00343143 0.223329
0 0.575142 0.969108 0.0083029 0.0111214 0.221032
0 0.2045 0.561237 0.0138229 0.0186978 0.209632
0 0.65962 0.891708 0.012156 0.0176547 0.194528
0 0.70588 0.549428 0.0105068 0.0175391 0.193532
0 0.719665 0.557548 0.0139287 0.0168408 0.19081
0 0.981555 0.336719 0.0142205 0.0184627 0.186817
0 0.746941 0.795952 0.0125581 0.0163749 0.185256
0 0.26294 0.656933 0.0122853 0.0161103 0.180822
0 0.0795637 0.00209423 0.00980464 0.00418846 0.178494
0 0.805891 0.56095 0.0091629 0.0168745 0.171783
0 0.996725 0.0338071 0.00655068 0.0168654 0.171686
0 0.448425 0.132158 0.0122514 0.0165917 0.16991
0 0.604334 0.876652 0.0110993 0.0163416 0.155694
0 0.162911 0.00161097 0.00931257 0.00322194 0.153905
0 0.817616 0.635653 0.0107467 0.0166563 0.152093
0 0.892019 0.108859 0.0103591 0.0163888 0.149512
0 0.782548 0.537006 0.0111253 0.0174419 0.145017
0 0.368217 0.630417 0.0114197 0.0147091 0.13851
0 0.566931 0.336303 0.00833953 0.0132484 0.137326
0 0.567961 0.958075 0.0119539 0.0166504 0.137024
0 0.627074 0.397543 0.0113452 0.0166466 0.136696
0 0.803713 0.662487 0.0118522 0.0164031 0.13134
0 0.197349 0.186844 0.0124452 0.0171834 0.130755
0 0.244841 0.179622 0.0133891 0.0170281 0.128712
0 0.906369 0.498328 0.0130851 0.0171711 0.12291
0 0.799057 0.647319 0.0136475 0.0172321 0.117283
0 0.353354 0.0376756 0.0124995 0.016686 0.115448
0 0.850348 0.929427 0.0139524 0.0172911 0.114927
0 0.690449 0.520297 0.01399 0.0158674 0.114243
0 0.523223 0.640293 0.00872397 0.0115956 0.113321
0 0.951502 0.225018 0.00983853 0.0144047 0.109899
0 0.702239 0.100205 0.0107347 0.0135385 0.109069
0 0.162096 0.0634701 0.0131515 0.0142002 0.108039
0 0.288304 0.995469 0.0098553 0.00906122 0.106308
0 0.183035 0.0019348 0.0127175 0.00386961 0.105347
0 0.400744 0.187009 0.0107617 0.0134129 0.657594
0 0.456729 0.447738 0.0091418 0.0139477 0.638721
0 0.314619 0.438501 0.00959527 0.0141087 0.630369
0 0.932585 0.0731778 0.0115675 0.0136786 0.605648
0 0.502069 0.397172 0.0122638 0.0153769 0.541965
0 0.80004 0.391997 0.010625 0.0157632 0.534911
0 0.852958 0.389402 0.0116402 0.0159997 0.478092
0 0.786641 0.69962 0.0126976 0.0165913 0.465915
0 0.834373 0.775198 0.0132323 0.0167762 0.4139
0 0.262026 0.39289 0.00998621 0.0131715 0.396236
0 0.817671 0.753763 0.0125911 0.0163784 0.375723
0 0.932082 0.486716 0.0127521 0.0178349 0.369921
0 0.34245 0.619742 0.00679455 0.0108777 0.363453
0 0.811086 0.387597 0.0153588 0.0186516 0.342744
0 0.850352 0.0907372 0.00841316 0.0109049 0.313786
0 0.00337699 0.00788785 0.00674505 0.0143981 0.308975
0 0.371775 0.65822 0.0108159 0.0129975 0.272787
0 0.522765 0.947263 0.00767093 0.0107067 0.264117
0 0.0139236 0.25614 0.0102414 0.0117901 0.23605
0 0.926896 0.596519 0.0113772 0.0163708 0.206462
0 0.638235 0.871303 0.0106265 0.0135693 0.196889
0 0.859048 0.481191 0.0135006 0.0161676 0.19647
0 0.641523 0.143388 0.0129857 0.0154538 0.149155
0 0.835662 0.00288225 0.0136657 0.00576449 0.147166
0 0.672878 0.171458 0.0124483 0.0155172 0.130743
0 0.437449 0.255222 0.0134375 0.013459 0.128346
0 0.000891624 0.887562 0.00176614 0.0103983 0.128087
0 0.767533 0.423406 0.0117681 0.0176491 0.127142
0 0.31129 0.0196175 0.00737608 0.0109299 0.123009
0 0.66845 0.708278 0.0138006 0.0167342 0.121065
0 0.706451 0.414871 0.0125097 0.0158893 0.1142
0 0.748742 0.173535 0.0115857 0.0169454 0.109381
0 0.363965 0.0375737 0.00860643 0.00626145 0.730754
0 0.165788 0.43361 0.00590579 0.00463164 0.689078
0 0.0595782 0.152347 0.00755535 0.00500766 0.611032
0 0.461052 0.961919 0.00910767 0.00599339 0.577186
0 0.0931784 0.393068 0.00657305 0.00430042 0.573182
0 0.416801 0.196039 0.00660161 0.00384553 0.541281
0 0.0802821 0.318908 0.00821353 0.00523225 0.499009
0 0.0606371 0.758025 0.00627668 0.00435553 0.495134
0 0.226401 0.241029 0.0065755 0.00406193 0.42973
0 0.883713 0.247405 0.00714755 0.00430002 0.418944
0 0.375059 0.548327 0.00556084 0.00402594 0.405557
0 0.240978 0.253506 0.00693915 0.00405868 0.403383
0 0.303456 0.321807 0.00678639 0.00439802 0.393126
0 0.0629629 0.356106 0.00728665 0.00438959 0.391317
0 0.101183 0.415393 0.00761393 0.00494723 0.385787
0 0.0863166 0.767154 0.00689474 0.003975 0.362271
0 0.359277 0.693546 0.00644433 0.00434935 0.360633
0 0.00152614 0.23249 0.00302557 0.00630469 0.353323
0 0.178786 0.771491 0.00743127 0.00420942 0.352281
0 0.150797 0.491157 0.00743347 0.00432457 0.33196
0 0.152145 0.743455 0.00576129 0.00434967 0.323419
0 0.845374 0.267529 0.0147618 0.0091981 0.29531
0 0.0754203 0.772133 0.0077688 0.00538668 0.284117
0 0.180341 0.984276 0.00743206 0.00509197 0.283717
0 0.148128 0.441457 0.00833789 0.0050358 0.27994
0 0.305497 0.239836 0.00686793 0.00490239 0.279125
0 0.915537 0.16207 0.0132399 0.00779001 0.270188
0 0.302494 0.245597 0.00701141 0.00483512 0.26075
0 0.0919516 0.355855 0.00733905 0.00503765 0.258323
0 0.297445 0.0385224 0.00803908 0.00541266 0.250629
0 0.081305 0.422454 0.00869696 0.00598491 0.244448
0 0.330437 0.340313 0.01117 0.0058655 0.242622
0 0.0994026 0.439273 0.00878613 0.00488392 0.22997
0 0.641598 0.904507 0.00610753 0.00447179 0.229218
0 0.707482 0.262892 0.00653911 0.00445012 0.227089
0 0.25727 0.419775 0.00773696 0.00434766 0.223355
0 0.434784 0.970879 0.00708604 0.00437202 0.221285
0 0.304664 0.652448 0.00968921 0.00656226 0.217943
0 0.117674 0.361325 0.00986729 0.00573334 0.204194
0 0.337229 0.840798 0.00605237 0.00427029 0.201006
0 0.548529 0.66978 0.00810011 0.0048974 0.198003
0 0.499284 0.614071 0.00707877 0.00498232 0.191751
0 0.195229 0.151244 0.00672815 0.00478896 0.190927
0 0.296116 0.20005 0.00712818 0.0044229 0.183943
0 0.424915 0.778304 0.0087653 0.00499331 0.17139
0 0.0461115 0.339873 0.00805408 0.00479366 0.165614
0 0.0916344 0.416703 0.0107602 0.00734367 0.161657
0 0.359413 0.7867 0.00744311 0.00476301 0.153152
0 0.0735424 0.274322 0.00935944 0.0051863 0.149917
0 0.31921 0.233644 0.00703271 0.00460403 0.145961
0 0.562029 0.948301 0.00674792 0.00459418 0.144786
0 0.373412 0.821472 0.00738919 0.00449546 0.144715
0 0.463461 0.881716 0.00641632 0.00503405 0.144275
0 0.29768 0.390974 0.00664055 0.00442217 0.138853
0 0.821276 0.774724 0.00717894 0.00460649 0.137083
0 0.250493 0.791026 0.00744303 0.00419124 0.133681
0 0.705386 0.920319 0.0128027 0.0104062 0.129899
0 0.300125 0.928099 0.00694646 0.00485914 0.118421
0 0.160467 0.525181 0.0100039 0.00687689 0.117753
0 0.28886 0.393108 0.00768969 0.00454287 0.117153
0 0.051662 0.155354 0.00793791 0.00598117 0.110072
0 0.00192301 0.819245 0.00384602 0.00614579 0.109715
0 0.341614 0.634988 0.00615962 0.00472048 0.106144
0 0.363965 0.0375737 0.00860643 0.00626145 0.730754
0 0.165788 0.43361 0.00590579 0.00463164 0.689078
0 0.0595782 0.152347 0.00755535 0.00500766 0.611032
0 0.461052 0.961919 0.00910767 0.00599339 0.577186
0 0.0931784 0.393068 0.00657305 0.00430042 0.573182
0 0.416801 0.196039 0.00660161 0.00384553 0.541281
0 0.0802821 0.318908 0.00821353 0.00523225 0.499009
0 0.0606371 0.758025 0.00627668 0.00435553 0.495134
0 0.226401 0.241029 0.0065755 0.00406193 0.42973
0 0.883713 0.247405 0.00714755 0.00430002 0.418944
0 0.375059 0.548327 0.00556084 0.00402594 0.405557
0 0.240978 0.253506 0.00693915 0.00405868 0.403383
0 0.303456 0.321807 0.00678639 0.00439802 0.393126
0 0.0629629 0.356106 0.00728665 0.00438959 0.391317
0 0.101183 0.415393 0.00761393 0.00494723 0.385787
0 0.0863166 0.767154 0.00689474 0.003975 0.362271
0 0.359277 0.693546 0.00644433 0.00434935 0.360633
0 0.00152614 0.23249 0.00302557 0.00630469 0.353323
0 0.178786 0.771491 0.00743127 0.00420942 0.352281
0 0.150797 0.491157 0.00743347 0.00432457 0.33196
0 0.152145 0.743455 0.00576129 0.00434967 0.323419
0 0.845374 0.267529 0.0147618 0.0091981 0.29531
0 0.0754203 0.772133 0.0077688 0.00538668 0.284117
0 0.180341 0.984276 0.00743206 0.00509197 0.283717
0 0.148128 0.441457 0.00833789 0.0050358 0.27994
0 0.305497 0.239836 0.00686793 0.00490239 0.279125
0 0.915537 0.16207 0.0132399 0.00779001 0.270188
0 0.302494 0.245597 0.00701141 0.00483512 0.26075
0 0.0919516 0.355855 0.00733905 0.00503765 0.258323
0 0.297445 0.0385224 0.00803908 0.00541266 0.250629
0 0.081305 0.422454 0.00869696 0.00598491 0.244448
0 0.330437 0.340313 0.01117 0.0058655 0.242622
0 0.0994026 0.439273 0.00878613 0.00488392 0.22997
0 0.641598 0.904507 0.00610753 0.00447179 0.229218
0 0.707482 0.262892 0.00653911 0.00445012 0.227089
0 0.25727 0.419775 0.00773696 0.00434766 0.223355
0 0.434784 0.970879 0.00708604 0.00437202 0.221285
0 0.304664 0.652448 0.00968921 0.00656226 0.217943
0 0.117674 0.361325 0.00986729 0.00573334 0.204194
0 0.337229 0.840798 0.00605237 0.00427029 0.201006
0 0.548529 0.66978 0.00810011 0.0048974 0.198003
0 0.499284 0.614071 0.00707877 0.00498232 0.191751
0 0.195229 0.151244 0.00672815 0.00478896 0.190927
0 0.296116 0.20005 0.00712818 0.0044229 0.183943
0 0.424915 0.778304 0.0087653 0.00499331 0.17139
0 0.0461115 0.339873 0.00805408 0.00479366 0.165614
0 0.0916344 0.416703 0.0107602 0.00734367 0.161657
0 0.359413 0.7867 0.00744311 0.00476301 0.153152
0 0.0735424 0.274322 0.00935944 0.0051863 0.149917
0 0.31921 0.233644 0.00703271 0.00460403 0.145961
0 0.562029 0.948301 0.00674792 0.00459418 0.144786
0 0.373412 0.821472 0.00738919 0.00449546 0.144715
0 0.463461 0.881716 0.00641632 0.00503405 0.144275
0 0.29768 0.390974 0.00664055 0.00442217 0.138853
0 0.821276 0.774724 0.00717894 0.00460649 0.137083
0 0.250493 0.791026 0.00744303 0.00419124 0.133681
0 0.705386 0.920319 0.0128027 0.0104062 0.129899
0 0.300125 0.928099 0.00694646 0.00485914 0.118421
0 0.160467 0.525181 0.0100039 0.00687689 0.117753
0 0.28886 0.393108 0.00768969 0.00454287 0.117153
0 0.051662 0.155354 0.00793791 0.00598117 0.110072
0 0.00192301 0.819245 0.00384602 0.00614579 0.109715
0 0.341614 0.634988 0.00615962 0.00472048 0.106144
0 0.229569 0.498227 0.00933805 0.0139807 0.827367
0 0.179295 0.451751 0.00989938 0.0144191 0.76645
0 0.698139 0.775374 0.0131274 0.016665 0.755806
0 0.848873 0.562206 0.0132992 0.0179024 0.648166
0 0.67401 0.717157 0.00811083 0.00955176 0.607907
0 0.651121 0.147907 0.00959372 0.0137949 0.522586
0 0.521541 0.543523 0.00925185 0.0127711 0.508125
0 0.66883 0.0190428 0.011172 0.0154722 0.462491
0 0.769296 0.158318 0.00888025 0.0112003 0.453596
0 0.953056 0.246785 0.0115152 0.0170497 0.386362
0 0.746452 0.853421 0.0134297 0.0171275 0.383007
0 0.318608 0.249902 0.0113735 0.0142625 0.378056
0 0.578548 0.78018 0.0138886 0.0165916 0.356428
0 0.989814 0.583519 0.0126046 0.0186963 0.354984
0 0.546453 0.94403 0.0106881 0.0136886 0.354747
0 0.945588 0.292193 0.0101935 0.0129226 0.35026
0 0.790848 0.0272682 0.0133839 0.0176952 0.34318
0 0.557062 0.210216 0.011534 0.013621 0.340925
0 0.962771 0.76642 0.0119996 0.018082 0.33327
0 0.817185 0.562359 0.0138969 0.0174289 0.320826
0 0.856978 0.830746 0.0101182 0.0137175 0.318708
0 0.855366 0.139981 0.0133248 0.0162004 0.289147
0 0.994402 0.071449 0.0104828 0.0138665 0.277627
0 0.778206 0.253881 0.0113051 0.0175736 0.258736
0 0.416311 0.460929 0.0114983 0.0149378 0.258478
0 0.800606 0.766571 0.0115645 0.0160263 0.232899
0 0.948173 0.0764581 0.0142488 0.0181812 0.231742
0 0.729265 0.831721 0.013211 0.0174648 0.20241
0 0.212526 0.488448 0.0114787 0.0146335 0.181178
0 0.976642 0.228253 0.00865742 0.0135296 0.173787
0 0.78709 0.0683743 0.00871307 0.0130636 0.16605
0 0.979092 0.781112 0.0120704 0.0193031 0.16597
0 0.700584 0.0510336 0.0115032 0.0167394 0.16561
0 0.788989 0.355571 0.00853923 0.0143326 0.157983
0 0.787404 0.230534 0.0121077 0.0178833 0.155057
0 0.824769 0.00138318 0.00873033 0.00276637 0.153591
0 0.827876 0.342463 0.00999584 0.0155081 0.152723
0 0.81422 0.00238094 0.00905676 0.00476188 0.151408
0 0.970954 0.244776 0.0110012 0.0163016 0.14698
0 0.806712 0.202131 0.0106016 0.0181202 0.144659
0 0.725235 0.458918 0.0137881 0.017366 0.137894
0 0.254419 0.680605 0.00731789 0.0118261 0.134357
0 0.733897 0.374914 0.00787874 0.00959249 0.127575
0 0.227977 0.16186 0.00898909 0.0131006 0.102554
0 0.813751 0.186622 0.0084573 0.0140671 0.102517
0 0.849132 0.217803 0.00986983 0.0143652 0.100154
0 0.636885 0.319838 0.0101406 0.0126381 0.770382
0 0.713944 0.675856 0.0132372 0.0174303 0.751549
0 0.72647 0.363059 0.0108126 0.0159978 0.743176
0 0.562704 0.852747 0.0107082 0.014069 0.701916
0 0.861771 0.458693 0.0135094 0.0180807 0.670263
0 0.238258 0.409626 0.00932693 0.0141058 0.661774
0 0.693495 0.395148 0.0117181 0.0173704 0.64814
0 0.78035 0.360462 0.0115936 0.0164007 0.636676
0 0.777402 0.0621988 0.00828831 0.0105493 0.592692
0 0.861164 0.0437746 0.0126297 0.0149682 0.500543
0 0.995296 0.402636 0.00940777 0.0167945 0.486659
0 0.328193 0.158828 0.0116106 0.0151688 0.450393
0 0.186762 0.364596 0.00968869 0.0136188 0.420369
0 0.979304 0.660379 0.0116529 0.0174082 0.391718
0 0.549581 0.420693 0.00656976 0.00885171 0.361943
0 0.841753 0.693123 0.0128654 0.0158544 0.353178
0 0.675021 0.144357 0.0112956 0.0152752 0.347386
0 0.236983 0.0729148 0.00790567 0.0110572 0.339732
0 0.631386 0.386312 0.0137462 0.0157675 0.338492
0 0.995306 0.675984 0.00938888 0.0195957 0.326982
0 0.253839 0.0495 0.0113361 0.015382 0.326616
0 0.683625 0.389757 0.0126076 0.0172603 0.314017
0 0.763163 0.753998 0.0134329 0.0168048 0.30045
0 0.83032 0.45931 0.0134504 0.0174693 0.297979
0 0.975897 0.361013 0.0135508 0.0178159 0.294023
0 0.950031 0.106445 0.0131092 0.017208 0.288167
0 0.958082 0.147407 0.0113639 0.0175498 0.271485
0 0.561499 0.591188 0.011652 0.0144571 0.256266
0 0.786859 0.452962 0.0130871 0.0153406 0.22939
0 0.924959 0.435759 0.0139329 0.0189661 0.228288
0 0.674205 0.211795 0.0109318 0.0154303 0.220713
0 0.742279 0.568939 0.0120271 0.0142138 0.217142
0 0.713621 0.353939 0.0111626 0.015736 0.215945
0 0.720152 0.0251698 0.00967389 0.0148909 0.214001
0 0.567801 0.115161 0.0124934 0.0149947 0.207611
0 0.444292 0.931718 0.00850971 0.0135887 0.197745
0 0.737311 0.358725 0.0136159 0.0172698 0.196092
0 0.671667 0.417916 0.0119478 0.0151857 0.184742
0 0.522052 0.360864 0.00992693 0.0160942 0.178363
0 0.519312 0.0745366 0.0123012 0.0162519 0.166531
0 0.56498 0.622928 0.0114079 0.0166989 0.152919
0 0.827827 0.387982 0.00893027 0.0131847 0.145066
0 0.814307 0.147706 0.013752 0.017745 0.141055
0 0.688843 0.618574 0.00938476 0.0129102 0.135099
0 0.711505 0.476328 0.00925803 0.0126726 0.134071
0 0.718969 0.485009 0.0129209 0.0170307 0.129976
0 0.988165 0.830699 0.0133222 0.0191386 0.126799
0 0.489755 0.743669 0.0117782 0.0168522 0.123739
0 0.998526 0.675605 0.00294755 0.018398 0.123561
0 0.690394 0.849693 0.010535 0.0148487 0.120656
0 0.534685 0.918656 0.0120801 0.0170857 0.110861
0 0.220599 0.400323 0.0109617 0.0151513 0.109886
0 0.762789 0.945284 0.0120065 0.0175439 0.106852
0 0.664811 0.230033 0.00969248 0.0147137 0.102129
0 0.949871 0.961191 0.0139245 0.0180279 0.771011
0 0.46116 0.807282 0.00748516 0.0120736 0.76853
0 0.807792 0.330869 0.0127604 0.0154642 0.681698
0 0.573024 0.854279 0.0124099 0.0174163 0.647159
0 0.396832 0.335948 0.0125999 0.0135263 0.47403
0 0.754028 0.986589 0.0132151 0.0154343 0.45191
0 0.587584 0.843863 0.0134735 0.0156791 0.450113
0 0.750642 0.0828896 0.0121725 0.0151222 0.417791
0 0.87868 0.559352 0.0108076 0.0133511 0.415236
0 0.964368 0.606334 0.0119428 0.0175772 0.383786
0 0.989556 0.613092 0.0120661 0.0169503 0.364996
0 0.978903 0.617619 0.0117653 0.0172785 0.359064
0 0.602144 0.874728 0.0115091 0.0174167 0.358971
0 0.980587 0.244117 0.0108046 0.0171344 0.338751
0 0.93346 0.134687 0.0121746 0.017276 0.331469
0 0.37426 0.276003 0.00924171 0.0116496 0.317473
0 0.788537 0.124485 0.0119204 0.0164099 0.316798
0 0.615044 0.884483 0.0136768 0.0175495 0.315646
0 0.748186 0.590456 0.0112931 0.0178119 0.290204
0 0.935332 0.75314 0.0146306 0.0184249 0.288943
0 0.586543 0.889599 0.0104506 0.0163636 0.269176
0 0.674699 0.841234 0.0116914 0.0186975 0.221159
0 0.884934 0.870383 0.00927244 0.0138565 0.216158
0 0.392312 0.556252 0.00950299 0.0138923 0.211648
0 0.940772 0.649278 0.0132587 0.0187173 0.194527
0 0.545579 0.358055 0.0118153 0.0147869 0.187328
0 0.971023 0.682601 0.0137501 0.0184971 0.174239
0 0.954319 0.0771412 0.00991888 0.016128 0.165641
0 0.292359 0.00333409 0.00857835 0.00665486 0.165011
0 0.610313 0.439468 0.00848716 0.0109398 0.153275
0 0.981015 0.666668 0.00792876 0.0146623 0.149546
0 0.815368 0.955386 0.0152747 0.0187664 0.145772
0 0.808832 0.318476 0.0118333 0.0148082 0.140532
0 0.803689 0.00248376 0.0122411 0.00496751 0.133806
0 0.833404 0.67966 0.0120672 0.0181815 0.132594
0 0.934754 0.690118 0.0117083 0.0164009 0.129189
0 0.819925 0.341976 0.0085706 0.0116218 0.113807
0 0.214165 0.0877701 0.00685866 0.00994067 0.846299
0 0.0664833 0.147015 0.00627053 0.00773263 0.836038
0 0.123425 0.977996 0.00781957 0.00954264 0.809744
0 0.273969 0.953864 0.00578874 0.00893495 0.768488
0 0.255296 0.904361 0.00605202 0.00864188 0.753716
0 0.951971 0.0812112 0.00596582 0.00701695 0.731621
0 0.0791124 0.724272 0.00590046 0.00715637 0.724376
0 0.981688 0.106759 0.00553282 0.00708487 0.685959
0 0.0975035 0.246586 0.00604869 0.0078587 0.668586
0 0.0481655 0.355481 0.0060144 0.00777916 0.661301
0 0.421621 0.0057451 0.00646061 0.00922556 0.635784
0 0.181595 0.225852 0.00589704 0.00739516 0.622233
0 0.121745 0.89019 0.0064373 0.00896934 0.586659
0 0.101678 0.943716 0.00593235 0.00986041 0.530052
0 0.00778126 0.40919 0.00730423 0.00868778 0.512645
0 0.00277228 0.5596 0.00549426 0.00866396 0.511411
0 0.943371 0.141152 0.00633991 0.00806981 0.493995
0 0.870921 0.225608 0.00581293 0.00723329 0.483341
0 0.159141 0.0757455 0.00559148 0.00671131 0.481146
0 0.0511605 0.187503 0.00590284 0.00709752 0.467374
0 0.170057 0.0660418 0.00624445 0.0074088 0.463676
0 0.227592 0.908706 0.00917625 0.0117149 0.463647
0 0.258779 0.0616195 0.0066792 0.0091803 0.461072
0 0.106309 0.832382 0.00685161 0.00808175 0.445582
0 0.230918 0.980924 0.00838287 0.0113197 0.442751
0 0.936182 0.606446 0.00745489 0.0104357 0.424813
0 0.0650646 0.853043 0.00703351 0.0101512 0.417255
0 0.0983586 0.284158 0.00598989 0.00854341 0.408201
0 0.346416 0.948892 0.00619946 0.00828019 0.400671
0 0.0365191 0.110825 0.00567625 0.00750718 0.397581
0 0.0609454 0.819233 0.00666867 0.00992742 0.381403
0 0.203221 0.804905 0.00655044 0.00766225 0.351743
0 0.0986136 0.192658 0.0073988 0.0095455 0.346456
0 0.0684947 0.567614 0.00707106 0.00884881 0.339394
0 0.947806 0.210373 0.005405 0.00815269 0.320385
0 0.203417 0.453392 0.00575029 0.0073907 0.317125
0 0.990001 0.351625 0.00603098 0.00765604 0.3083
0 0.271918 0.881676 0.0059984 0.00737274 0.296695
0 0.00103435 0.56968 0.00205313 0.0107524 0.291045
0 0.987817 0.0247848 0.005935 0.00653592 0.284981
0 0.158006 0.988944 0.00783722 0.0101418 0.280056
0 0.270029 0.91032 0.00807683 0.0103763 0.26897
0 0.247538 0.807461 0.00625017 0.00842083 0.268745
0 0.980989 0.11966 0.00549238 0.00625594 0.264949
0 0.226236 0.0724554 0.00556492 0.0076051 0.257945
0 0.0467208 0.768518 0.00828857 0.010747 0.254585
0 0.0995514 0.844984 0.00766987 0.00919282 0.254369
0 0.383012 0.131608 0.00617058 0.00708861 0.25029
0 0.179468 0.136221 0.00549406 0.0077374 0.249924
0 0.255777 0.809286 0.006684 0.00789436 0.220951
0 0.1364 0.293759 0.00651226 0.00825729 0.219843
0 0.0341474 0.142459 0.00672954 0.0079363 0.206201
0 0.175551 0.92745 0.00798148 0.0108924 0.206073
0 0.138245 0.19732 0.00644529 0.00685374 0.194039
0 0.109733 0.171206 0.00596854 0.00704176 0.190032
0 0.95767 0.794886 0.0062753 0.00866183 0.188835
0 0.226664 0.787227 0.00589278 0.00823377 0.186519
0 0.00151451 0.527672 0.00300569 0.0110501 0.178353
0 0.0367497 0.28165 0.00708619 0.0096152 0.169565
0 0.123971 0.272644 0.0056546 0.00727313 0.158691
0 0.811828 0.221489 0.00681196 0.00931723 0.158598
0 0.834156 0.00340141 0.00524594 0.00660742 0.155491
0 0.820884 0.675874 0.00575365 0.00735736 0.154289
0 0.0852457 0.371265 0.0059757 0.00860208 0.150502
0 0.115219 0.696717 0.00638369 0.00786191 0.150126
0 0.849689 0.214036 0.00592592 0.00799193 0.150073
0 0.381407 0.23949 0.00711156 0.0096131 0.139849
0 0.245496 0.280316 0.0058847 0.00664827 0.137956
0 0.314005 0.457639 0.00937329 0.0109183 0.124543
0 0.947955 0.798096 0.0054047 0.00825371 0.122093
0 0.201855 0.817107 0.00637409 0.007991 0.117001
0 0.226243 0.12656 0.00566589 0.00702759 0.112002
0 0.152236 0.314992 0.00597194 0.00780844 0.107325
0 0.967223 0.344074 0.0113064 0.013961 0.621719
0 0.71365 0.59713 0.0129442 0.01442 0.538335
0 0.966771 0.949367 0.0101567 0.0126096 0.513108
0 0.534147 0.0986089 0.00942012 0.0140138 0.499769
0 0.393325 0.498986 0.00949015 0.0129738 0.484685
0 0.673289 0.937996 0.010931 0.0157002 0.420234
0 0.27822 0.273555 0.0107397 0.0139224 0.400655
0 0.916652 0.0352354 0.00876472 0.0115073 0.392364
0 0.917115 0.05615 0.0124233 0.0145093 0.28855
0 0.99804 0.924414 0.00391909 0.0151277 0.273178
0 0.524305 0.32534 0.0112231 0.0136664 0.231491
0 0.964708 0.613762 0.0128541 0.0169922 0.229085
0 0.783958 0.511767 0.010501 0.013555 0.217659
0 0.546363 0.699699 0.0092897 0.0137336 0.20465
0 0.292499 0.273208 0.0110853 0.0142278 0.163841
0 0.977226 0.197666 0.0100406 0.0156213 0.151442
0 0.919275 0.00267818 0.0118492 0.00535635 0.144789
0 0.942014 0.465166 0.0113593 0.0153491 0.13115
0 0.580747 0.611693 0.00954231 0.0117322 0.120389
0 0.996202 0.619928 0.00759603 0.0155594 0.118948
0 0.95844 0.906667 0.0099348 0.01636 0.116892
0 0.849785 0.707838 0.0117512 0.0146265 0.107368
0 0.928785 0.471736 0.012475 0.016254 0.106482
0 0.855212 0.0616542 0.0110321 0.015273 0.103362
0 0.291849 0.390824 0.0106891 0.016126 0.828703
0 0.838342 0.473707 0.0129557 0.0175143 0.801641
0 0.210908 0.711396 0.0102311 0.0130128 0.795584
0 0.193432 0.67735 0.0123444 0.0158785 0.794814
0 0.121368 0.160881 0.0112829 0.0143787 0.753925
0 0.351633 0.440245 0.0116861 0.0163492 0.723457
0 0.391207 0.766914 0.0125487 0.0164316 0.710973
0 0.26425 0.193442 0.00713963 0.0113959 0.710178
0 0.423188 0.446986 0.00805056 0.0106231 0.704747
0 0.93826 0.552334 0.00822479 0.0122014 0.683816
0 0.682039 0.98964 0.0132463 0.0188209 0.673453
0 0.15786 0.17707 0.0110932 0.0155199 0.672495
0 0.670019 0.608795 0.0136833 0.0164796 0.654063
0 0.790098 0.554842 0.0131858 0.0168859 0.624421
0 0.61767 0.510671 0.00965197 0.0118755 0.605639
0 0.745509 0.577328 0.0157523 0.0174286 0.566294
0 0.359487 0.695352 0.0124229 0.015044 0.541011
0 0.537348 0.442228 0.0102208 0.0132877 0.49371
0 0.23496 0.156971 0.0120598 0.0145634 0.476457
0 0.125372 0.362051 0.010672 0.0146553 0.450763
0 0.579598 0.941327 0.00845077 0.0135929 0.42859
0 0.7151 0.956971 0.0134651 0.0190802 0.420447
0 0.012354 0.520853 0.0104838 0.0141223 0.354574
0 0.911253 0.721394 0.0146202 0.0174615 0.342904
0 0.296841 0.786621 0.011054 0.015347 0.335911
0 0.600449 0.956978 0.0118756 0.0178565 0.308064
0 0.8818 0.339168 0.00874522 0.00976952 0.2983
0 0.671887 0.680958 0.0117072 0.0138968 0.278718
0 0.626067 0.47782 0.0129723 0.0176331 0.270266
0 0.0191281 0.455153 0.0090063 0.0135565 0.26641
0 0.146182 0.149291 0.00971759 0.0140946 0.265135
0 0.695201 0.373393 0.00791574 0.0104517 0.26453
0 0.924507 0.413275 0.0134746 0.0194818 0.236212
0 0.370469 0.546787 0.011686 0.0164241 0.235104
0 0.520025 0.424498 0.00733881 0.0108782 0.231166
0 0.91521 0.424877 0.0106023 0.0155028 0.230273
0 0.141433 0.951604 0.0119229 0.0167525 0.229532
0 0.0149076 0.440221 0.0109397 0.013153 0.226072
0 0.705194 0.738177 0.0109061 0.0155268 0.224721
0 0.587729 0.633772 0.0102643 0.016681 0.21537
0 0.534109 0.694681 0.0114322 0.0181478 0.214604
0 0.722951 0.537551 0.0099104 0.0117653 0.19523
0 0.678438 0.725596 0.00810526 0.0112662 0.181689
0 0.989592 0.695742 0.00827904 0.0120173 0.177584
0 0.606489 0.492822 0.00978252 0.0135485 0.175854
0 0.123005 0.734353 0.00979659 0.0131862 0.175325
0 0.00246038 0.912891 0.00492075 0.0139532 0.171317
0 0.955611 0.54187 0.00746028 0.0111147 0.170798
0 0.909999 0.733234 0.00831168 0.0130185 0.164502
0 0.691883 0.569768 0.0119817 0.0158462 0.156758
0 0.145073 0.190649 0.0118429 0.013973 0.148606
0 0.61426 0.676026 0.0120285 0.0157402 0.140296
0 0.91284 0.598672 0.0136891 0.017527 0.132695
0 0.570293 0.683479 0.0112225 0.0163769 0.129421
0 0.852344 0.582877 0.00857368 0.010985 0.127551
0 0.581975 0.351687 0.0126198 0.0161281 0.127311
0 0.735308 0.621267 0.00940819 0.0124194 0.126962
0 0.694886 0.79233 0.0153276 0.0177959 0.112722
0 0.55702 0.824445 0.0142194 0.0180883 0.11183
0 0.587874 0.231826 0.0111959 0.01748 0.107192
0 0.431503 0.417497 0.0129352 0.0153132 0.101035
0 0.883209 0.221452 0.0125486 0.0170964 0.100201
0 0.392 0.215826 0.00673594 0.010721 0.699782
0 0.65901 0.436862 0.00934032 0.0119784 0.533796
0 0.997146 0.127673 0.00568166 0.0144336 0.467172
0 0.938372 0.456328 0.0118817 0.0161187 0.44847
0 0.425849 0.3989 0.0101002 0.0146067 0.448381
0 0.737523 0.497646 0.00884943 0.0109359 0.438648
0 0.857134 0.554394 0.0149261 0.0173487 0.401053
0 0.626691 0.761897 0.00726367 0.00985685 0.257371
0 0.48312 0.441843 0.0102498 0.0135387 0.224733
0 0.808553 0.934928 0.0122947 0.017866 0.20292
0 0.970616 0.225099 0.011824 0.0164886 0.201612
0 0.815979 0.965999 0.0124028 0.0176783 0.200737
0 0.998663 0.599418 0.00267453 0.0124774 0.199382
0 0.286407 0.933922 0.0118376 0.0160851 0.181202
0 0.641974 0.421155 0.00688341 0.00996613 0.166802
0 0.688583 0.789939 0.0132553 0.0170905 0.133024
0 0.82362 0.703168 0.0100469 0.0152184 0.121311
0 0.146906 0.808371 0.00819194 0.0104834 0.450832
0 0.326947 0.216935 0.00901882 0.0126225 0.420789
0 0.363965 0.0375737 0.00860643 0.00626145 0.730754
0 0.165788 0.43361 0.00590579 0.00463164 0.689078
0 0.0595782 0.152347 0.00755535 0.00500766 0.611032
0 0.461052 0.961919 0.00910767 0.00599339 0.577186
0 0.0931784 0.393068 0.00657305 0.00430042 0.573182
0 0.416801 0.196039 0.00660161 0.00384553 0.541281
0 0.0802821 0.318908 0.00821353 0.00523225 0.499009
0 0.0606371 0.758025 0.00627668 0.00435553 0.495134
0 0.226401 0.241029 0.0065755 0.00406193 0.42973
0 0.883713 0.247405 0.00714755 0.00430002 0.418944
0 0.375059 0.548327 0.00556084 0.00402594 0.405557
0 0.240978 0.253506 0.00693915 0.00405868 0.403383
0 0.303456 0.321807 0.00678639 0.00439802 0.393126
0 0.0629629 0.356106 0.00728665 0.00438959 0.391317
0 0.101183 0.415393 0.00761393 0.00494723 0.385787
0 0.0863166 0.767154 0.00689474 0.003975 0.362271
0 0.359277 0.693546 0.00644433 0.00434935 0.360633
0 0.00152614 0.23249 0.00302557 0.00630469 0.353323
0 0.178786 0.771491 0.00743127 0.00420942 0.352281
0 0.150797 0.491157 0.00743347 0.00432457 0.33196
0 0.152145 0.743455 0.00576129 0.00434967 0.323419
0 0.845374 0.267529 0.0147618 0.0091981 0.29531
0 0.0754203 0.772133 0.0077688 0.00538668 0.284117
0 0.180341 0.984276 0.00743206 0.00509197 0.283717
0 0.148128 0.441457 0.00833789 0.0050358 0.27994
0 0.305497 0.239836 0.00686793 0.00490239 0.279125
0 0.915537 0.16207 0.0132399 0.00779001 0.270188
0 0.302494 0.245597 0.00701141 0.00483512 0.26075
0 0.0919516 0.355855 0.00733905 0.00503765 0.258323
0 0.297445 0.0385224 0.00803908 0.00541266 0.250629
0 0.081305 0.422454 0.00869696 0.00598491 0.244448
0 0.330437 0.340313 0.01117 0.0058655 0.242622
0 0.0994026 0.439273 0.00878613 0.00488392 0.22997
0 0.641598 0.904507 0.00610753 0.00447179 0.229218
0 0.707482 0.262892 0.00653911 0.00445012 0.227089
0 0.25727 0.419775 0.00773696 0.00434766 0.223355
0 0.434784 0.970879 0.00708604 0.00437202 0.221285
0 0.304664 0.652448 0.00968921 0.00656226 0.217943
0 0.117674 0.361325 0.00986729 0.00573334 0.204194
0 0.337229 0.840798 0.00605237 0.00427029 0.201006
0 0.548529 0.66978 0.00810011 0.0048974 0.198003
0 0.499284 0.614071 0.00707877 0.00498232 0.191751
0 0.195229 0.151244 0.00672815 0.00478896 0.190927
0 0.296116 0.20005 0.00712818 0.0044229 0.183943
0 0.424915 0.778304 0.0087653 0.00499331 0.17139
0 0.0461115 0.339873 0.00805408 0.00479366 0.165614
0 0.0916344 0.416703 0.0107602 0.00734367 0.161657
0 0.359413 0.7867 0.00744311 0.00476301 0.153152
0 0.0735424 0.274322 0.00935944 0.0051863 0.149917
0 0.31921 0.233644 0.00703271 0.00460403 0.145961
0 0.562029 0.948301 0.00674792 0.00459418 0.144786
0 0.373412 0.821472 0.00738919 0.00449546 0.144715
0 0.463461 0.881716 0.00641632 0.00503405 0.144275
0 0.29768 0.390974 0.00664055 0.00442217 0.138853
0 0.821276 0.774724 0.00717894 0.00460649 0.137083
0 0.250493 0.791026 0.00744303 0.00419124 0.133681
0 0.705386 0.920319 0.0128027 0.0104062 0.129899
0 0.300125 0.928099 0.00694646 0.00485914 0.118421
0 0.160467 0.525181 0.0100039 0.00687689 0.117753
0 0.28886 0.393108 0.00768969 0.00454287 0.117153
0 0.051662 0.155354 0.00793791 0.00598117 0.110072
0 0.00192301 0.819245 0.00384602 0.00614579 0.109715
0 0.341614 0.634988 0.00615962 0.00472048 0.106144
0 0.363965 0.0375737 0.00860643 0.00626145 0.730754
0 0.165788 0.43361 0.00590579 0.00463164 0.689078
0 0.0595782 0.152347 0.00755535 0.00500766 0.611032
0 0.461052 0.961919 0.00910767 0.00599339 0.577186
0 0.0931784 0.393068 0.00657305 0.00430042 0.573182
0 0.416801 0.196039 0.00660161 0.00384553 0.541281
0 0.0802821 0.318908 0.00821353 0.00523225 0.499009
0 0.0606371 0.758025 0.00627668 0.00435553 0.495134
0 0.226401 0.241029 0.0065755 0.00406193 0.42973
0 0.883713 0.247405 0.00714755 0.00430002 0.418944
0 0.375059 0.548327 0.00556084 0.00402594 0.405557
0 0.240978 0.253506 0.00693915 0.00405868 0.403383
0 0.303456 0.321807 0.00678639 0.00439802 0.393126
0 0.0629629 0.356106 0.00728665 0.00438959 0.391317
0 0.101183 0.415393 0.00761393 0.00494723 0.385787
0 0.0863166 0.767154 0.00689474 0.003975 0.362271
0 0.359277 0.693546 0.00644433 0.00434935 0.360633
0 0.00152614 0.23249 0.00302557 0.00630469 0.353323
0 0.178786 0.771491 0.00743127 0.00420942 0.352281
0 0.150797 0.491157 0.00743347 0.00432457 0.33196
0 0.152145 0.743455 0.00576129 0.00434967 0.323419
0 0.845374 0.267529 0.0147618 0.0091981 0.29531
0 0.0754203 0.772133 0.0077688 0.00538668 0.284117
0 0.180341 0.984276 0.00743206 0.00509197 0.283717
0 0.148128 0.441457 0.00833789 0.0050358 0.27994
0 0.305497 0.239836 0.00686793 0.00490239 0.279125
0 0.915537 0.16207 0.0132399 0.00779001 0.270188
0 0.302494 0.245597 0.00701141 0.00483512 0.26075
0 0.0919516 0.355855 0.00733905 0.00503765 0.258323
0 0.297445 0.0385224 0.00803908 0.00541266 0.250629
0 0.081305 0.422454 0.00869696 0.00598491 0.244448
0 0.330437 0.340313 0.01117 0.0058655 0.242622
0 0.0994026 0.439273 0.00878613 0.00488392 0.22997
0 0.641598 0.904507 0.00610753 0.00447179 0.229218
0 0.707482 0.262892 0.00653911 0.00445012 0.227089
0 0.25727 0.419775 0.00773696 0.00434766 0.223355
0 0.434784 0.970879 0.00708604 0.00437202 0.221285
0 0.304664 0.652448 0.00968921 0.00656226 0.217943
0 0.117674 0.361325 0.00986729 0.00573334 0.204194
0 0.337229 0.840798 0.00605237 0.00427029 0.201006
0 0.548529 0.66978 0.00810011 0.0048974 0.198003
0 0.499284 0.614071 0.00707877 0.00498232 0.191751
0 0.195229 0.151244 0.00672815 0.00478896 0.190927
0 0.296116 0.20005 0.00712818 0.0044229 0.183943
0 0.424915 0.778304 0.0087653 0.00499331 0.17139
0 0.0461115 0.339873 0.00805408 0.00479366 0.165614
0 0.0916344 0.416703 0.0107602 0.00734367 0.161657
0 0.359413 0.7867 0.00744311 0.00476301 0.153152
0 0.0735424 0.274322 0.00935944 0.0051863 0.149917
0 0.31921 0.233644 0.00703271 0.00460403 0.145961
0 0.562029 0.948301 0.00674792 0.00459418 0.144786
0 0.373412 0.821472 0.00738919 0.00449546 0.144715
0 0.463461 0.881716 0.00641632 0.00503405 0.144275
0 0.29768 0.390974 0.00664055 0.00442217 0.138853
0 0.821276 0.774724 0.00717894 0.00460649 0.137083
0 0.250493 0.791026 0.00744303 0.00419124 0.133681
0 0.705386 0.920319 0.0128027 0.0104062 0.129899
0 0.300125 0.928099 0.00694646 0.00485914 0.118421
0 0.160467 0.525181 0.0100039 0.00687689 0.117753
0 0.28886 0.393108 0.00768969 0.00454287 0.117153
0 0.051662 0.155354 0.00793791 0.00598117 0.110072
0 0.00192301 0.819245 0.00384602 0.00614579 0.109715
0 0.341614 0.634988 0.00615962 0.00472048 0.106144
0 0.363965 0.0375737 0.00860643 0.00626145 0.730754
0 0.165788 0.43361 0.00590579 0.00463164 0.689078
0 0.0595782 0.152347 0.00755535 0.00500766 0.611032
0 0.461052 0.961919 0.00910767 0.00599339 0.577186
0 0.0931784 0.393068 0.00657305 0.00430042 0.573182
0 0.416801 0.196039 0.00660161 0.00384553 0.541281
0 0.0802821 0.318908 0.00821353 0.00523225 0.499009
0 0.0606371 0.758025 0.00627668 0.00435553 0.495134
0 0.226401 0.241029 0.0065755 0.00406193 0.42973
0 0.883713 0.247405 0.00714755 0.00430002 0.418944
0 0.375059 0.548327 0.00556084 0.00402594 0.405557
0 0.240978 0.253506 0.00693915 0.00405868 0.403383
0 0.303456 0.321807 0.00678639 0.00439802 0.393126
0 0.0629629 0.356106 0.00728665 0.00438959 0.391317
0 0.101183 0.415393 0.00761393 0.00494723 0.385787
0 0.0863166 0.767154 0.00689474 0.003975 0.362271
0 0.359277 0.693546 0.00644433 0.00434935 0.360633
0 0.00152614 0.23249 0.00302557 0.00630469 0.353323
0 0.178786 0.771491 0.00743127 0.00420942 0.352281
0 0.150797 0.491157 0.00743347 0.00432457 0.33196
0 0.152145 0.743455 0.00576129 0.00434967 0.323419
0 0.845374 0.267529 0.0147618 0.0091981 0.29531
0 0.0754203 0.772133 0.0077688 0.00538668 0.284117
0 0.180341 0.984276 0.00743206 0.00509197 0.283717
0 0.148128 0.441457 0.00833789 0.0050358 0.27994
0 0.305497 0.239836 0.00686793 0.00490239 0.279125
0 0.915537 0.16207 0.0132399 0.00779001 0.270188
0 0.302494 0.245597 0.00701141 0.00483512 0.26075
0 0.0919516 0.355855 0.00733905 0.00503765 0.258323
0 0.297445 0.0385224 0.00803908 0.00541266 0.250629
0 0.081305 0.422454 0.00869696 0.00598491 0.244448
0 0.330437 0.340313 0.01117 0.0058655 0.242622
0 0.0994026 0.439273 0.00878613 0.00488392 0.22997
0 0.641598 0.904507 0.00610753 0.00447179 0.229218
0 0.707482 0.262892 0.00653911 0.00445012 0.227089
0 0.25727 0.419775 0.00773696 0.00434766 0.223355
0 0.434784 0.970879 0.00708604 0.00437202 0.221285
0 0.304664 0.652448 0.00968921 0.00656226 0.217943
0 0.117674 0.361325 0.00986729 0.00573334 0.204194
0 0.337229 0.840798 0.00605237 0.00427029 0.201006
0 0.548529 0.66978 0.00810011 0.0048974 0.198003
0 0.499284 0.614071 0.00707877 0.00498232 0.191751
0 0.195229 0.151244 0.00672815 0.00478896 0.190927
0 0.296116 0.20005 0.00712818 0.0044229 0.183943
0 0.424915 0.778304 0.0087653 0.00499331 0.17139
0 0.0461115 0.339873 0.00805408 0.00479366 0.165614
0 0.0916344 0.416703 0.0107602 0.00734367 0.161657
0 0.359413 0.7867 0.00744311 0.00476301 0.153152
0 0.0735424 0.274322 0.00935944 0.0051863 0.149917
0 0.31921 0.233644 0.00703271 0.00460403 0.145961
0 0.562029 0.948301 0.00674792 0.00459418 0.144786
0 0.373412 0.821472 0.00738919 0.00449546 0.144715
0 0.463461 0.881716 0.00641632 0.00503405 0.144275
0 0.29768 0.390974 0.00664055 0.00442217 0.138853
0 0.821276 0.774724 0.00717894 0.00460649 0.137083
0 0.250493 0.791026 0.00744303 0.00419124 0.133681
0 0.705386 0.920319 0.0128027 0.0104062 0.129899
0 0.300125 0.928099 0.00694646 0.00485914 0.118421
0 0.160467 0.525181 0.0100039 0.00687689 0.117753
0 0.28886 0.393108 0.00768969 0.00454287 0.117153
0 0.051662 0.155354 0.00793791 0.00598117 0.110072
0 0.00192301 0.819245 0.00384602 0.00614579 0.109715
0 0.341614 0.634988 0.00615962 0.00472048 0.106144
0 0.363965 0.0375737 0.00860643 0.00626145 0.730754
0 0.165788 0.43361 0.00590579 0.00463164 0.689078
0 0.0595782 0.152347 0.00755535 0.00500766 0.611032
0 0.461052 0.961919 0.00910767 0.00599339 0.577186
0 0.0931784 0.393068 0.00657305 0.00430042 0.573182
0 0.416801 0.196039 0.00660161 0.00384553 0.541281
0 0.0802821 0.318908 0.00821353 0.00523225 0.499009
0 0.0606371 0.758025 0.00627668 0.00435553 0.495134
0 0.226401 0.241029 0.0065755 0.00406193 0.42973
0 0.883713 0.247405 0.00714755 0.00430002 0.418944
0 0.375059 0.548327 0.00556084 0.00402594 0.405557
0 0.240978 0.253506 0.00693915 0.00405868 0.403383
0 0.303456 0.321807 0.00678639 0.00439802 0.393126
0 0.0629629 0.356106 0.00728665 0.00438959 0.391317
0 0.101183 0.415393 0.00761393 0.00494723 0.385787
0 0.0863166 0.767154 0.00689474 0.003975 0.362271
0 0.359277 0.693546 0.00644433 0.00434935 0.360633
0 0.00152614 0.23249 0.00302557 0.00630469 0.353323
0 0.178786 0.771491 0.00743127 0.00420942 0.352281
0 0.150797 0.491157 0.00743347 0.00432457 0.33196
0 0.152145 0.743455 0.00576129 0.00434967 0.323419
0 0.845374 0.267529 0.0147618 0.0091981 0.29531
0 0.0754203 0.772133 0.0077688 0.00538668 0.284117
0 0.180341 0.984276 0.00743206 0.00509197 0.283717
0 0.148128 0.441457 0.00833789 0.0050358 0.27994
0 0.305497 0.239836 0.00686793 0.00490239 0.279125
0 0.915537 0.16207 0.0132399 0.00779001 0.270188
0 0.302494 0.245597 0.00701141 0.00483512 0.26075
0 0.0919516 0.355855 0.00733905 0.00503765 0.258323
0 0.297445 0.0385224 0.00803908 0.00541266 0.250629
0 0.081305 0.422454 0.00869696 0.00598491 0.244448
0 0.330437 0.340313 0.01117 0.0058655 0.242622
0 0.0994026 0.439273 0.00878613 0.00488392 0.22997
0 0.641598 0.904507 0.00610753 0.00447179 0.229218
0 0.707482 0.262892 0.00653911 0.00445012 0.227089
0 0.25727 0.419775 0.00773696 0.00434766 0.223355
0 0.434784 0.970879 0.00708604 0.00437202 0.221285
0 0.304664 0.652448 0.00968921 0.00656226 0.217943
0 0.117674 0.361325 0.00986729 0.00573334 0.204194
0 0.337229 0.840798 0.00605237 0.00427029 0.201006
0 0.548529 0.66978 0.00810011 0.0048974 0.198003
0 0.499284 0.614071 0.00707877 0.00498232 0.191751
0 0.195229 0.151244 0.00672815 0.00478896 0.190927
0 0.296116 0.20005 0.00712818 0.0044229 0.183943
0 0.424915 0.778304 0.0087653 0.00499331 0.17139
0 0.0461115 0.339873 0.00805408 0.00479366 0.165614
0 0.0916344 0.416703 0.0107602 0.00734367 0.161657
0 0.359413 0.7867 0.00744311 0.00476301 0.153152
0 0.0735424 0.274322 0.00935944 0.0051863 0.149917
0 0.31921 0.233644 0.00703271 0.00460403 0.145961
0 0.562029 0.948301 0.00674792 0.00459418 0.144786
0 0.373412 0.821472 0.00738919 0.00449546 0.144715
0 0.463461 0.881716 0.00641632 0.00503405 0.144275
0 0.29768 0.390974 0.00664055 0.00442217 0.138853
0 0.821276 0.774724 0.00717894 0.00460649 0.137083
0 0.250493 0.791026 0.00744303 0.00419124 0.133681
0 0.705386 0.920319 0.0128027 0.0104062 0.129899
0 0.300125 0.928099 0.00694646 0.00485914 0.118421
0 0.160467 0.525181 0.0100039 0.00687689 0.117753
0 0.28886 0.393108 0.00768969 0.00454287 0.117153
0 0.051662 0.155354 0.00793791 0.00598117 0.110072
0 0.00192301 0.819245 0.00384602 0.00614579 0.109715
0 0.341614 0.634988 0.00615962 0.00472048 0.106144
0 0.363965 0.0375737 0.00860643 0.00626145 0.730754
0 0.165788 0.43361 0.00590579 0.00463164 0.689078
0 0.0595782 0.152347 0.00755535 0.00500766 0.611032
0 0.461052 0.961919 0.00910767 0.00599339 0.577186
0 0.0931784 0.393068 0.00657305 0.00430042 0.573182
0 0.416801 0.196039 0.00660161 0.00384553 0.541281
0 0.0802821 0.318908 0.00821353 0.00523225 0.499009
0 0.0606371 0.758025 0.00627668 0.00435553 0.495134
0 0.226401 0.241029 0.0065755 0.00406193 0.42973
0 0.883713 0.247405 0.00714755 0.00430002 0.418944
0 0.375059 0.548327 0.00556084 0.00402594 0.405557
0 0.240978 0.253506 0.00693915 0.00405868 0.403383
0 0.303456 0.321807 0.00678639 0.00439802 0.393126
0 0.0629629 0.356106 0.00728665 0.00438959 0.391317
0 0.101183 0.415393 0.00761393 0.00494723 0.385787
0 0.0863166 0.767154 0.00689474 0.003975 0.362271
0 0.359277 0.693546 0.00644433 0.00434935 0.360633
0 0.00152614 0.23249 0.00302557 0.00630469 0.353323
0 0.178786 0.771491 0.00743127 0.00420942 0.352281
0 0.150797 0.491157 0.00743347 0.00432457 0.33196
0 0.152145 0.743455 0.00576129 0.00434967 0.323419
0 0.845374 0.267529 0.0147618 0.0091981 0.29531
0 0.0754203 0.772133 0.0077688 0.00538668 0.284117
0 0.180341 0.984276 0.00743206 0.00509197 0.283717
0 0.148128 0.441457 0.00833789 0.0050358 0.27994
0 0.305497 0.239836 0.00686793 0.00490239 0.279125
0 0.915537 0.16207 0.0132399 0.00779001 0.270188
0 0.302494 0.245597 0.00701141 0.00483512 0.26075
0 0.0919516 0.355855 0.00733905 0.00503765 0.258323
0 0.297445 0.0385224 0.00803908 0.00541266 0.250629
0 0.081305 0.422454 0.00869696 0.00598491 0.244448
0 0.330437 0.340313 0.01117 0.0058655 0.242622
0 0.0994026 0.439273 0.00878613 0.00488392 0.22997
0 0.641598 0.904507 0.00610753 0.00447179 0.229218
0 0.707482 0.262892 0.00653911 0.00445012 0.227089
0 0.25727 0.419775 0.00773696 0.00434766 0.223355
0 0.434784 0.970879 0.00708604 0.00437202 0.221285
0 0.304664 0.652448 0.00968921 0.00656226 0.217943
0 0.117674 0.361325 0.00986729 0.00573334 0.204194
0 0.337229 0.840798 0.00605237 0.00427029 0.201006
0 0.548529 0.66978 0.00810011 0.0048974 0.198003
0 0.499284 0.614071 0.00707877 0.00498232 0.191751
0 0.195229 0.151244 0.00672815 0.00478896 0.190927
0 0.296116 0.20005 0.00712818 0.0044229 0.183943
0 0.424915 0.778304 0.0087653 0.00499331 0.17139
0 0.0461115 0.339873 0.00805408 0.00479366 0.165614
0 0.0916344 0.416703 0.0107602 0.00734367 0.161657
0 0.359413 0.7867 0.00744311 0.00476301 0.153152
0 0.0735424 0.274322 0.00935944 0.0051863 0.149917
0 0.31921 0.233644 0.00703271 0.00460403 0.145961
0 0.562029 0.948301 0.00674792 0.00459418 0.144786
0 0.373412 0.821472 0.00738919 0.00449546 0.144715
0 0.463461 0.881716 0.00641632 0.00503405 0.144275
0 0.29768 0.390974 0.00664055 0.00442217 0.138853
0 0.821276 0.774724 0.00717894 0.00460649 0.137083
0 0.250493 0.791026 0.00744303 0.00419124 0.133681
0 0.705386 0.920319 0.0128027 0.0104062 0.129899
0 0.300125 0.928099 0.00694646 0.00485914 0.118421
0 0.160467 0.525181 0.0100039 0.00687689 0.117753
0 0.28886 0.393108 0.00768969 0.00454287 0.117153
0 0.051662 0.155354 0.00793791 0.00598117 0.110072
0 0.00192301 0.819245 0.00384602 0.00614579 0.109715
0 0.341614 0.634988 0.00615962 0.00472048 0.106144
0 0.363965 0.0375737 0.00860643 0.00626145 0.730754
0 0.165788 0.43361 0.00590579 0.00463164 0.689078
0 0.0595782 0.152347 0.00755535 0.00500766 0.611032
0 0.461052 0.961919 0.00910767 0.00599339 0.577186
0 0.0931784 0.393068 0.00657305 0.00430042 0.573182
0 0.416801 0.196039 0.00660161 0.00384553 0.541281
0 0.0802821 0.318908 0.00821353 0.00523225 0.499009
0 0.0606371 0.758025 0.00627668 0.00435553 0.495134
0 0.226401 0.241029 0.0065755 0.00406193 0.42973
0 0.883713 0.247405 0.00714755 0.00430002 0.418944
0 0.375059 0.548327 0.00556084 0.00402594 0.405557
0 0.240978 0.253506 0.00693915 0.00405868 0.403383
0 0.303456 0.321807 0.00678639 0.00439802 0.393126
0 0.0629629 0.356106 0.00728665 0.00438959 0.391317
0 0.101183 0.415393 0.00761393 0.00494723 0.385787
0 0.0863166 0.767154 0.00689474 0.003975 0.362271
0 0.359277 0.693546 0.00644433 0.00434935 0.360633
0 0.00152614 0.23249 0.00302557 0.00630469 0.353323
0 0.178786 0.771491 0.00743127 0.00420942 0.352281
0 0.150797 0.491157 0.00743347 0.00432457 0.33196
0 0.152145 0.743455 0.00576129 0.00434967 0.323419
0 0.845374 0.267529 0.0147618 0.0091981 0.29531
0 0.0754203 0.772133 0.0077688 0.00538668 0.284117
0 0.180341 0.984276 0.00743206 0.00509197 0.283717
0 0.148128 0.441457 0.00833789 0.0050358 0.27994
0 0.305497 0.239836 0.00686793 0.00490239 0.279125
0 0.915537 0.16207 0.0132399 0.00779001 0.270188
0 0.302494 0.245597 0.00701141 0.00483512 0.26075
0 0.0919516 0.355855 0.00733905 0.00503765 0.258323
0 0.297445 0.0385224 0.00803908 0.00541266 0.250629
0 0.081305 0.422454 0.00869696 0.00598491 0.244448
0 0.330437 0.340313 0.01117 0.0058655 0.242622
0 0.0994026 0.439273 0.00878613 0.00488392 0.22997
0 0.641598 0.904507 0.00610753 0.00447179 0.229218
0 0.707482 0.262892 0.00653911 0.00445012 0.227089
0 0.25727 0.419775 0.00773696 0.00434766 0.223355
0 0.434784 0.970879 0.00708604 0.00437202 0.221285
0 0.304664 0.652448 0.00968921 0.00656226 0.217943
0 0.117674 0.361325 0.00986729 0.00573334 0.204194
0 0.337229 0.840798 0.00605237 0.00427029 0.201006
0 0.548529 0.66978 0.00810011 0.0048974 0.198003
0 0.499284 0.614071 0.00707877 0.00498232 0.191751
0 0.195229 0.151244 0.00672815 0.00478896 0.190927
0 0.296116 0.20005 0.00712818 0.0044229 0.183943
0 0.424915 0.778304 0.0087653 0.00499331 0.17139
0 0.0461115 0.339873 0.00805408 0.00479366 0.165614
0 0.0916344 0.416703 0.0107602 0.00734367 0.161657
0 0.359413 0.7867 0.00744311 0.00476301 0.153152
0 0.0735424 0.274322 0.00935944 0.0051863 0.149917
0 0.31921 0.233644 0.00703271 0.00460403 0.145961
0 0.562029 0.948301 0.00674792 0.00459418 0.144786
0 0.373412 0.821472 0.00738919 0.00449546 0.144715
0 0.463461 0.881716 0.00641632 0.00503405 0.144275
0 0.29768 0.390974 0.00664055 0.00442217 0.138853
0 0.821276 0.774724 0.00717894 0.00460649 0.137083
0 0.250493 0.791026 0.00744303 0.00419124 0.133681
0 0.705386 0.920319 0.0128027 0.0104062 0.129899
0 0.300125 0.928099 0.00694646 0.00485914 0.118421
0 0.160467 0.525181 0.0100039 0.00687689 0.117753
0 0.28886 0.393108 0.00768969 0.00454287 0.117153
0 0.051662 0.155354 0.00793791 0.00598117 0.110072
0 0.00192301 0.819245 0.00384602 0.00614579 0.109715
0 0.341614 0.634988 0.00615962 0.00472048 0.106144
0 0.363965 0.0375737 0.00860643 0.00626145 0.730754
0 0.165788 0.43361 0.00590579 0.00463164 0.689078
0 0.0595782 0.152347 0.00755535 0.00500766 0.611032
0 0.461052 0.961919 0.00910767 0.00599339 0.577186
0 0.0931784 0.393068 0.00657305 0.00430042 0.573182
0 0.416801 0.196039 0.00660161 0.00384553 0.541281
0 0.0802821 0.318908 0.00821353 0.00523225 0.499009
0 0.0606371 0.758025 0.00627668 0.00435553 0.495134
0 0.226401 0.241029 0.0065755 0.00406193 0.42973
0 0.883713 0.247405 0.00714755 0.00430002 0.418944
0 0.375059 0.548327 0.00556084 0.00402594 0.405557
0 0.240978 0.253506 0.00693915 0.00405868 0.403383
0 0.303456 0.321807 0.00678639 0.00439802 0.393126
0 0.0629629 0.356106 0.00728665 0.00438959 0.391317
0 0.101183 0.415393 0.00761393 0.00494723 0.385787
0 0.0863166 0.767154 0.00689474 0.003975 0.362271
0 0.359277 0.693546 0.00644433 0.00434935 0.360633
0 0.00152614 0.23249 0.00302557 0.00630469 0.353323
0 0.178786 0.771491 0.00743127 0.00420942 0.352281
0 0.150797 0.491157 0.00743347 0.00432457 0.33196
0 0.152145 0.743455 0.00576129 0.00434967 0.323419
0 0.845374 0.267529 0.0147618 0.0091981 0.29531
0 0.0754203 0.772133 0.0077688 0.00538668 0.284117
0 0.180341 0.984276 0.00743206 0.00509197 0.283717
0 0.148128 0.441457 0.00833789 0.0050358 0.27994
0 0.305497 0.239836 0.00686793 0.00490239 0.279125
0 0.915537 0.16207 0.0132399 0.00779001 0.270188
0 0.302494 0.245597 0.00701141 0.00483512 0.26075
0 0.0919516 0.355855 0.00733905 0.00503765 0.258323
0 0.297445 0.0385224 0.00803908 0.00541266 0.250629
0 0.081305 0.422454 0.00869696 0.00598491 0.244448
0 0.330437 0.340313 0.01117 0.0058655 0.242622
0 0.0994026 0.439273 0.00878613 0.00488392 0.22997
0 0.641598 0.904507 0.00610753 0.00447179 0.229218
0 0.707482 0.262892 0.00653911 0.00445012 0.227089
0 0.25727 0.419775 0.00773696 0.00434766 0.223355
0 0.434784 0.970879 0.00708604 0.00437202 0.221285
0 0.304664 0.652448 0.00968921 0.00656226 0.217943
0 0.117674 0.361325 0.00986729 0.00573334 0.204194
0 0.337229 0.840798 0.00605237 0.00427029 0.201006
0 0.548529 0.66978 0.00810011 0.0048974 0.198003
0 0.499284 0.614071 0.00707877 0.00498232 0.191751
0 0.195229 0.151244 0.00672815 0.00478896 0.190927
0 0.296116 0.20005 0.00712818 0.0044229 0.183943
0 0.424915 0.778304 0.0087653 0.00499331 0.17139
0 0.0461115 0.339873 0.00805408 0.00479366 0.165614
0 0.0916344 0.416703 0.0107602 0.00734367 0.161657
0 0.359413 0.7867 0.00744311 0.00476301 0.153152
0 0.0735424 0.274322 0.00935944 0.0051863 0.149917
0 0.31921 0.233644 0.00703271 0.00460403 0.145961
0 0.562029 0.948301 0.00674792 0.00459418 0.144786
0 0.373412 0.821472 0.00738919 0.00449546 0.144715
0 0.463461 0.881716 0.00641632 0.00503405 0.144275
0 0.29768 0.390974 0.00664055 0.00442217 0.138853
0 0.821276 0.774724 0.00717894 0.00460649 0.137083
0 0.250493 0.791026 0.00744303 0.00419124 0.133681
0 0.705386 0.920319 0.0128027 0.0104062 0.129899
0 0.300125 0.928099 0.00694646 0.00485914 0.118421
0 0.160467 0.525181 0.0100039 0.00687689 0.117753
0 0.28886 0.393108 0.00768969 0.00454287 0.117153
0 0.051662 0.155354 0.00793791 0.00598117 0.110072
0 0.00192301 0.819245 0.00384602 0.00614579 0.109715
0 0.341614 0.634988 0.00615962 0.00472048 0.106144
0 0.363965 0.0375737 0.00860643 0.00626145 0.730754
0 0.165788 0.43361 0.00590579 0.00463164 0.689078
0 0.0595782 0.152347 0.00755535 0.00500766 0.611032
0 0.461052 0.961919 0.00910767 0.00599339 0.577186
0 0.0931784 0.393068 0.00657305 0.00430042 0.573182
0 0.416801 0.196039 0.00660161 0.00384553 0.541281
0 0.0802821 0.318908 0.00821353 0.00523225 0.499009
0 0.0606371 0.758025 0.00627668 0.00435553 0.495134
0 0.226401 0.241029 0.0065755 0.00406193 0.42973
0 0.883713 0.247405 0.00714755 0.00430002 0.418944
0 0.375059 0.548327 0.00556084 0.00402594 0.405557
0 0.240978 0.253506 0.00693915 0.00405868 0.403383
0 0.303456 0.321807 0.00678639 0.00439802 0.393126
0 0.0629629 0.356106 0.00728665 0.00438959 0.391317
0 0.101183 0.415393 0.00761393 0.00494723 0.385787
0 0.0863166 0.767154 0.00689474 0.003975 0.362271
0 0.359277 0.693546 0.00644433 0.00434935 0.360633
0 0.00152614 0.23249 0.00302557 0.00630469 0.353323
0 0.178786 0.771491 0.00743127 0.00420942 0.352281
0 0.150797 0.491157 0.00743347 0.00432457 0.33196
0 0.152145 0.743455 0.00576129 0.00434967 0.323419
0 0.845374 0.267529 0.0147618 0.0091981 0.29531
0 0.0754203 0.772133 0.0077688 0.00538668 0.284117
0 0.180341 0.984276 0.00743206 0.00509197 0.283717
0 0.148128 0.441457 0.00833789 0.0050358 0.27994
0 0.305497 0.239836 0.00686793 0.00490239 0.279125
0 0.915537 0.16207 0.0132399 0.00779001 0.270188
0 0.302494 0.245597 0.00701141 0.00483512 0.26075
0 0.0919516 0.355855 0.00733905 0.00503765 0.258323
0 0.297445 0.0385224 0.00803908 0.00541266 0.250629
0 0.081305 0.422454 0.00869696 0.00598491 0.244448
0 0.330437 0.340313 0.01117 0.0058655 0.242622
0 0.0994026 0.439273 0.00878613 0.00488392 0.22997
0 0.641598 0.904507 0.00610753 0.00447179 0.229218
0 0.707482 0.262892 0.00653911 0.00445012 0.227089
0 0.25727 0.419775 0.00773696 0.00434766 0.223355
0 0.434784 0.970879 0.00708604 0.00437202 0.221285
0 0.304664 0.652448 0.00968921 0.00656226 0.217943
0 0.117674 0.361325 0.00986729 0.00573334 0.204194
0 0.337229 0.840798 0.00605237 0.00427029 0.201006
0 0.548529 0.66978 0.00810011 0.0048974 0.198003
0 0.499284 0.614071 0.00707877 0.00498232 0.191751
0 0.195229 0.151244 0.00672815 0.00478896 0.190927
0 0.296116 0.20005 0.00712818 0.0044229 0.183943
0 0.424915 0.778304 0.0087653 0.00499331 0.17139
0 0.0461115 0.339873 0.00805408 0.00479366 0.165614
0 0.0916344 0.416703 0.0107602 0.00734367 0.161657
0 0.359413 0.7867 0.00744311 0.00476301 0.153152
0 0.0735424 0.274322 0.00935944 0.0051863 0.149917
0 0.31921 0.233644 0.00703271 0.00460403 0.145961
0 0.562029 0.948301 0.00674792 0.00459418 0.144786
0 0.373412 0.821472 0.00738919 0.00449546 0.144715
0 0.463461 0.881716 0.00641632 0.00503405 0.144275
0 0.29768 0.390974 0.00664055 0.00442217 0.138853
0 0.821276 0.774724 0.00717894 0.00460649 0.137083
0 0.250493 0.791026 0.00744303 0.00419124 0.133681
0 0.705386 0.920319 0.0128027 0.0104062 0.129899
0 0.300125 0.928099 0.00694646 0.00485914 0.118421
0 0.160467 0.525181 0.0100039 0.00687689 0.117753
0 0.28886 0.393108 0.00768969 0.00454287 0.117153
0 0.051662 0.155354 0.00793791 0.00598117 0.110072
0 0.00192301 0.819245 0.00384602 0.00614579 0.109715
0 0.341614 0.634988 0.00615962 0.00472048 0.106144
0 0.363965 0.0375737 0.00860643 0.00626145 0.730754
0 0.165788 0.43361 0.00590579 0.00463164 0.689078
0 0.0595782 0.152347 0.00755535 0.00500766 0.611032
0 0.461052 0.961919 0.00910767 0.00599339 0.577186
0 0.0931784 0.393068 0.00657305 0.00430042 0.573182
0 0.416801 0.196039 0.00660161 0.00384553 0.541281
0 0.0802821 0.318908 0.00821353 0.00523225 0.499009
0 0.0606371 0.758025 0.00627668 0.00435553 0.495134
0 0.226401 0.241029 0.0065755 0.00406193 0.42973
0 0.883713 0.247405 0.00714755 0.00430002 0.418944
0 0.375059 0.548327 0.00556084 0.00402594 0.405557
0 0.240978 0.253506 0.00693915 0.00405868 0.403383
0 0.303456 0.321807 0.00678639 0.00439802 0.393126
0 0.0629629 0.356106 0.00728665 0.00438959 0.391317
0 0.101183 0.415393 0.00761393 0.00494723 0.385787
0 0.0863166 0.767154 0.00689474 0.003975 0.362271
0 0.359277 0.693546 0.00644433 0.00434935 0.360633
0 0.00152614 0.23249 0.00302557 0.00630469 0.353323
0 0.178786 0.771491 0.00743127 0.00420942 0.352281
0 0.150797 0.491157 0.00743347 0.00432457 0.33196
0 0.152145 0.743455 0.00576129 0.00434967 0.323419
0 0.845374 0.267529 0.0147618 0.0091981 0.29531
0 0.0754203 0.772133 0.0077688 0.00538668 0.284117
0 0.180341 0.984276 0.00743206 0.00509197 0.283717
0 0.148128 0.441457 0.00833789 0.0050358 0.27994
0 0.305497 0.239836 0.00686793 0.00490239 0.279125
0 0.915537 0.16207 0.0132399 0.00779001 0.270188
0 0.302494 0.245597 0.00701141 0.00483512 0.26075
0 0.0919516 0.355855 0.00733905 0.00503765 0.258323
0 0.297445 0.0385224 0.00803908 0.00541266 0.250629
0 0.081305 0.422454 0.00869696 0.00598491 0.244448
0 0.330437 0.340313 0.01117 0.0058655 0.242622
0 0.0994026 0.439273 0.00878613 0.00488392 0.22997
0 0.641598 0.904507 0.00610753 0.00447179 0.229218
0 0.707482 0.262892 0.00653911 0.00445012 0.227089
0 0.25727 0.419775 0.00773696 0.00434766 0.223355
0 0.434784 0.970879 0.00708604 0.00437202 0.221285
0 0.304664 0.652448 0.00968921 0.00656226 0.217943
0 0.117674 0.361325 0.00986729 0.00573334 0.204194
0 0.337229 0.840798 0.00605237 0.00427029 0.201006
0 0.548529 0.66978 0.00810011 0.0048974 0.198003
0 0.499284 0.614071 0.00707877 0.00498232 0.191751
0 0.195229 0.151244 0.00672815 0.00478896 0.190927
0 0.296116 0.20005 0.00712818 0.0044229 0.183943
0 0.424915 0.778304 0.0087653 0.00499331 0.17139
0 0.0461115 0.339873 0.00805408 0.00479366 0.165614
0 0.0916344 0.416703 0.0107602 0.00734367 0.161657
0 0.359413 0.7867 0.00744311 0.00476301 0.153152
0 0.0735424 0.274322 0.00935944 0.0051863 0.149917
0 0.31921 0.233644 0.00703271 0.00460403 0.145961
0 0.562029 0.948301 0.00674792 0.00459418 0.144786
0 0.373412 0.821472 0.00738919 0.00449546 0.144715
0 0.463461 0.881716 0.00641632 0.00503405 0.144275
0 0.29768 0.390974 0.00664055 0.00442217 0.138853
0 0.821276 0.774724 0.00717894 0.00460649 0.137083
0 0.250493 0.791026 0.00744303 0.00419124 0.133681
0 0.705386 0.920319 0.0128027 0.0104062 0.129899
0 0.300125 0.928099 0.00694646 0.00485914 0.118421
0 0.160467 0.525181 0.0100039 0.00687689 0.117753
0 0.28886 0.393108 0.00768969 0.00454287 0.117153
0 0.051662 0.155354 0.00793791 0.00598117 0.110072
0 0.00192301 0.819245 0.00384602 0.00614579 0.109715
0 0.341614 0.634988 0.00615962 0.00472048 0.106144
0 0.363965 0.0375737 0.00860643 0.00626145 0.730754
0 0.165788 0.43361 0.00590579 0.00463164 0.689078
0 0.0595782 0.152347 0.00755535 0.00500766 0.611032
0 0.461052 0.961919 0.00910767 0.00599339 0.577186
0 0.0931784 0.393068 0.00657305 0.00430042 0.573182
0 0.416801 0.196039 0.00660161 0.00384553 0.541281
0 0.0802821 0.318908 0.00821353 0.00523225 0.499009
0 0.0606371 0.758025 0.00627668 0.00435553 0.495134
0 0.226401 0.241029 0.0065755 0.00406193 0.42973
0 0.883713 0.247405 0.00714755 0.00430002 0.418944
0 0.375059 0.548327 0.00556084 0.00402594 0.405557
0 0.240978 0.253506 0.00693915 0.00405868 0.403383
0 0.303456 0.321807 0.00678639 0.00439802 0.393126
0 0.0629629 0.356106 0.00728665 0.00438959 0.391317
0 0.101183 0.415393 0.00761393 0.00494723 0.385787
0 0.0863166 0.767154 0.00689474 0.003975 0.362271
0 0.359277 0.693546 0.00644433 0.00434935 0.360633
0 0.00152614 0.23249 0.00302557 0.00630469 0.353323
0 0.178786 0.771491 0.00743127 0.00420942 0.352281
0 0.150797 0.491157 0.00743347 0.00432457 0.33196
0 0.152145 0.743455 0.00576129 0.00434967 0.323419
0 0.845374 0.267529 0.0147618 0.0091981 0.29531
0 0.0754203 0.772133 0.0077688 0.00538668 0.284117
0 0.180341 0.984276 0.00743206 0.00509197 0.283717
0 0.148128 0.441457 0.00833789 0.0050358 0.27994
0 0.305497 0.239836 0.00686793 0.00490239 0.279125
0 0.915537 0.16207 0.0132399 0.00779001 0.270188
0 0.302494 0.245597 0.00701141 0.00483512 0.26075
0 0.0919516 0.355855 0.00733905 0.00503765 0.258323
0 0.297445 0.0385224 0.00803908 0.00541266 0.250629
0 0.081305 0.422454 0.00869696 0.00598491 0.244448
0 0.330437 0.340313 0.01117 0.0058655 0.242622
0 0.0994026 0.439273 0.00878613 0.00488392 0.22997
0 0.641598 0.904507 0.00610753 0.00447179 0.229218
0 0.707482 0.262892 0.00653911 0.00445012 0.227089
0 0.25727 0.419775 0.00773696 0.00434766 0.223355
0 0.434784 0.970879 0.00708604 0.00437202 0.221285
0 0.304664 0.652448 0.00968921 0.00656226 0.217943
0 0.117674 0.361325 0.00986729 0.00573334 0.204194
0 0.337229 0.840798 0.00605237 0.00427029 0.201006
0 0.548529 0.66978 0.00810011 0.0048974 0.198003
0 0.499284 0.614071 0.00707877 0.00498232 0.191751
0 0.195229 0.151244 0.00672815 0.00478896 0.190927
0 0.296116 0.20005 0.00712818 0.0044229 0.183943
0 0.424915 0.778304 0.0087653 0.00499331 0.17139
0 0.0461115 0.339873 0.00805408 0.00479366 0.165614
0 0.0916344 0.416703 0.0107602 0.00734367 0.161657
0 0.359413 0.7867 0.00744311 0.00476301 0.153152
0 0.0735424 0.274322 0.00935944 0.0051863 0.149917
0 0.31921 0.233644 0.00703271 0.00460403 0.145961
0 0.562029 0.948301 0.00674792 0.00459418 0.144786
0 0.373412 0.821472 0.00738919 0.00449546 0.144715
0 0.463461 0.881716 0.00641632 0.00503405 0.144275
0 0.29768 0.390974 0.00664055 0.00442217 0.138853
0 0.821276 0.774724 0.00717894 0.00460649 0.137083
0 0.250493 0.791026 0.00744303 0.00419124 0.133681
0 0.705386 0.920319 0.0128027 0.0104062 0.129899
0 0.300125 0.928099 0.00694646 0.00485914 0.118421
0 0.160467 0.525181 0.0100039 0.00687689 0.117753
0 0.28886 0.393108 0.00768969 0.00454287 0.117153
0 0.051662 0.155354 0.00793791 0.00598117 0.110072
0 0.00192301 0.819245 0.00384602 0.00614579 0.109715
0 0.341614 0.634988 0.00615962 0.00472048 0.106144
0 0.363965 0.0375737 0.00860643 0.00626145 0.730754
0 0.165788 0.43361 0.00590579 0.00463164 0.689078
0 0.0595782 0.152347 0.00755535 0.00500766 0.611032
0 0.461052 0.961919 0.00910767 0.00599339 0.577186
0 0.0931784 0.393068 0.00657305 0.00430042 0.573182
0 0.416801 0.196039 0.00660161 0.00384553 0.541281
0 0.0802821 0.318908 0.00821353 0.00523225 0.499009
0 0.0606371 0.758025 0.00627668 0.00435553 0.495134
0 0.226401 0.241029 0.0065755 0.00406193 0.42973
0 0.883713 0.247405 0.00714755 0.00430002 0.418944
0 0.375059 0.548327 0.00556084 0.00402594 0.405557
0 0.240978 0.253506 0.00693915 0.00405868 0.403383
0 0.303456 0.321807 0.00678639 0.00439802 0.393126
0 0.0629629 0.356106 0.00728665 0.00438959 0.391317
0 0.101183 0.415393 0.00761393 0.00494723 0.385787
0 0.0863166 0.767154 0.00689474 0.003975 0.362271
0 0.359277 0.693546 0.00644433 0.00434935 0.360633
0 0.00152614 0.23249 0.00302557 0.00630469 0.353323
0 0.178786 0.771491 0.00743127 0.00420942 0.352281
0 0.150797 0.491157 0.00743347 0.00432457 0.33196
0 0.152145 0.743455 0.00576129 0.00434967 0.323419
0 0.845374 0.267529 0.0147618 0.0091981 0.29531
0 0.0754203 0.772133 0.0077688 0.00538668 0.284117
0 0.180341 0.984276 0.00743206 0.00509197 0.283717
0 0.148128 0.441457 0.00833789 0.0050358 0.27994
0 0.305497 0.239836 0.00686793 0.00490239 0.279125
0 0.915537 0.16207 0.0132399 0.00779001 0.270188
0 0.302494 0.245597 0.00701141 0.00483512 0.26075
0 0.0919516 0.355855 0.00733905 0.00503765 0.258323
0 0.297445 0.0385224 0.00803908 0.00541266 0.250629
0 0.081305 0.422454 0.00869696 0.00598491 0.244448
0 0.330437 0.340313 0.01117 0.0058655 0.242622
0 0.0994026 0.439273 0.00878613 0.00488392 0.22997
0 0.641598 0.904507 0.00610753 0.00447179 0.229218
0 0.707482 0.262892 0.00653911 0.00445012 0.227089
0 0.25727 0.419775 0.00773696 0.00434766 0.223355
0 0.434784 0.970879 0.00708604 0.00437202 0.221285
0 0.304664 0.652448 0.00968921 0.00656226 0.217943
0 0.117674 0.361325 0.00986729 0.00573334 0.204194
0 0.337229 0.840798 0.00605237 0.00427029 0.201006
0 0.548529 0.66978 0.00810011 0.0048974 0.198003
0 0.499284 0.614071 0.00707877 0.00498232 0.191751
0 0.195229 0.151244 0.00672815 0.00478896 0.190927
0 0.296116 0.20005 0.00712818 0.0044229 0.183943
0 0.424915 0.778304 0.0087653 0.00499331 0.17139
0 0.0461115 0.339873 0.00805408 0.00479366 0.165614
0 0.0916344 0.416703 0.0107602 0.00734367 0.161657
0 0.359413 0.7867 0.00744311 0.00476301 0.153152
0 0.0735424 0.274322 0.00935944 0.0051863 0.149917
0 0.31921 0.233644 0.00703271 0.00460403 0.145961
0 0.562029 0.948301 0.00674792 0.00459418 0.144786
0 0.373412 0.821472 0.00738919 0.00449546 0.144715
0 0.463461 0.881716 0.00641632 0.00503405 0.144275
0 0.29768 0.390974 0.00664055 0.00442217 0.138853
0 0.821276 0.774724 0.00717894 0.00460649 0.137083
0 0.250493 0.791026 0.00744303 0.00419124 0.133681
0 0.705386 0.920319 0.0128027 0.0104062 0.129899
0 0.300125 0.928099 0.00694646 0.00485914 0.118421
0 0.160467 0.525181 0.0100039 0.00687689 0.117753
0 0.28886 0.393108 0.00768969 0.00454287 0.117153
0 0.051662 0.155354 0.00793791 0.00598117 0.110072
0 0.00192301 0.819245 0.00384602 0.00614579 0.109715
0 0.341614 0.634988 0.00615962 0.00472048 0.106144
0 0.363965 0.0375737 0.00860643 0.00626145 0.730754
0 0.165788 0.43361 0.00590579 0.00463164 0.689078
0 0.0595782 0.152347 0.00755535 0.00500766 0.611032
0 0.461052 0.961919 0.00910767 0.00599339 0.577186
0 0.0931784 0.393068 0.00657305 0.00430042 0.573182
0 0.416801 0.196039 0.00660161 0.00384553 0.541281
0 0.0802821 0.318908 0.00821353 0.00523225 0.499009
0 0.0606371 0.758025 0.00627668 0.00435553 0.495134
0 0.226401 0.241029 0.0065755 0.00406193 0.42973
0 0.883713 0.247405 0.00714755 0.00430002 0.418944
0 0.375059 0.548327 0.00556084 0.00402594 0.405557
0 0.240978 0.253506 0.00693915 0.00405868 0.403383
0 0.303456 0.321807 0.00678639 0.00439802 0.393126
0 0.0629629 0.356106 0.00728665 0.00438959 0.391317
0 0.101183 0.415393 0.00761393 0.00494723 0.385787
0 0.0863166 0.767154 0.00689474 0.003975 0.362271
0 0.359277 0.693546 0.00644433 0.00434935 0.360633
0 0.00152614 0.23249 0.00302557 0.00630469 0.353323
0 0.178786 0.771491 0.00743127 0.00420942 0.352281
0 0.150797 0.491157 0.00743347 0.00432457 0.33196
0 0.152145 0.743455 0.00576129 0.00434967 0.323419
0 0.845374 0.267529 0.0147618 0.0091981 0.29531
0 0.0754203 0.772133 0.0077688 0.00538668 0.284117
0 0.180341 0.984276 0.00743206 0.00509197 0.283717
0 0.148128 0.441457 0.00833789 0.0050358 0.27994
0 0.305497 0.239836 0.00686793 0.00490239 0.279125
0 0.915537 0.16207 0.0132399 0.00779001 0.270188
0 0.302494 0.245597 0.00701141 0.00483512 0.26075
0 0.0919516 0.355855 0.00733905 0.00503765 0.258323
0 0.297445 0.0385224 0.00803908 0.00541266 0.250629
0 0.081305 0.422454 0.00869696 0.00598491 0.244448
0 0.330437 0.340313 0.01117 0.0058655 0.242622
0 0.0994026 0.439273 0.00878613 0.00488392 0.22997
0 0.641598 0.904507 0.00610753 0.00447179 0.229218
0 0.707482 0.262892 0.00653911 0.00445012 0.227089
0 0.25727 0.419775 0.00773696 0.00434766 0.223355
0 0.434784 0.970879 0.00708604 0.00437202 0.221285
0 0.304664 0.652448 0.00968921 0.00656226 0.217943
0 0.117674 0.361325 0.00986729 0.00573334 0.204194
0 0.337229 0.840798 0.00605237 0.00427029 0.201006
0 0.548529 0.66978 0.00810011 0.0048974 0.198003
0 0.499284 0.614071 0.00707877 0.00498232 0.191751
0 0.195229 0.151244 0.00672815 0.00478896 0.190927
0 0.296116 0.20005 0.00712818 0.0044229 0.183943
0 0.424915 0.778304 0.0087653 0.00499331 0.17139
0 0.0461115 0.339873 0.00805408 0.00479366 0.165614
0 0.0916344 0.416703 0.0107602 0.00734367 0.161657
0 0.359413 0.7867 0.00744311 0.00476301 0.153152
0 0.0735424 0.274322 0.00935944 0.0051863 0.149917
0 0.31921 0.233644 0.00703271 0.00460403 0.145961
0 0.562029 0.948301 0.00674792 0.00459418 0.144786
0 0.373412 0.821472 0.00738919 0.00449546 0.144715
0 0.463461 0.881716 0.00641632 0.00503405 0.144275
0 0.29768 0.390974 0.00664055 0.00442217 0.138853
0 0.821276 0.774724 0.00717894 0.00460649 0.137083
0 0.250493 0.791026 0.00744303 0.00419124 0.133681
0 0.705386 0.920319 0.0128027 0.0104062 0.129899
0 0.300125 0.928099 0.00694646 0.00485914 0.118421
0 0.160467 0.525181 0.0100039 0.00687689 0.117753
0 0.28886 0.393108 0.00768969 0.00454287 0.117153
0 0.051662 0.155354 0.00793791 0.00598117 0.110072
0 0.00192301 0.819245 0.00384602 0.00614579 0.109715
0 0.341614 0.634988 0.00615962 0.00472048 0.106144
0 0.363965 0.0375737 0.00860643 0.00626145 0.730754
0 0.165788 0.43361 0.00590579 0.00463164 0.689078
0 0.0595782 0.152347 0.00755535 0.00500766 0.611032
0 0.461052 0.961919 0.00910767 0.00599339 0.577186
0 0.0931784 0.393068 0.00657305 0.00430042 0.573182
0 0.416801 0.196039 0.00660161 0.00384553 0.541281
0 0.0802821 0.318908 0.00821353 0.00523225 0.499009
0 0.0606371 0.758025 0.00627668 0.00435553 0.495134
0 0.226401 0.241029 0.0065755 0.00406193 0.42973
0 0.883713 0.247405 0.00714755 0.00430002 0.418944
0 0.375059 0.548327 0.00556084 0.00402594 0.405557
0 0.240978 0.253506 0.00693915 0.00405868 0.403383
0 0.303456 0.321807 0.00678639 0.00439802 0.393126
0 0.0629629 0.356106 0.00728665 0.00438959 0.391317
0 0.101183 0.415393 0.00761393 0.00494723 0.385787
0 0.0863166 0.767154 0.00689474 0.003975 0.362271
0 0.359277 0.693546 0.00644433 0.00434935 0.360633
0 0.00152614 0.23249 0.00302557 0.00630469 0.353323
0 0.178786 0.771491 0.00743127 0.00420942 0.352281
0 0.150797 0.491157 0.00743347 0.00432457 0.33196
0 0.152145 0.743455 0.00576129 0.00434967 0.323419
0 0.845374 0.267529 0.0147618 0.0091981 0.29531
0 0.0754203 0.772133 0.0077688 0.00538668 0.284117
0 0.180341 0.984276 0.00743206 0.00509197 0.283717
0 0.148128 0.441457 0.00833789 0.0050358 0.27994
0 0.305497 0.239836 0.00686793 0.00490239 0.279125
0 0.915537 0.16207 0.0132399 0.00779001 0.270188
0 0.302494 0.245597 0.00701141 0.00483512 0.26075
0 0.0919516 0.355855 0.00733905 0.00503765 0.258323
0 0.297445 0.0385224 0.00803908 0.00541266 0.250629
0 0.081305 0.422454 0.00869696 0.00598491 0.244448
0 0.330437 0.340313 0.01117 0.0058655 0.242622
0 0.0994026 0.439273 0.00878613 0.00488392 0.22997
0 0.641598 0.904507 0.00610753 0.00447179 0.229218
0 0.707482 0.262892 0.00653911 0.00445012 0.227089
0 0.25727 0.419775 0.00773696 0.00434766 0.223355
0 0.434784 0.970879 0.00708604 0.00437202 0.221285
0 0.304664 0.652448 0.00968921 0.00656226 0.217943
0 0.117674 0.361325 0.00986729 0.00573334 0.204194
0 0.337229 0.840798 0.00605237 0.00427029 0.201006
0 0.548529 0.66978 0.00810011 0.0048974 0.198003
0 0.499284 0.614071 0.00707877 0.00498232 0.191751
0 0.195229 0.151244 0.00672815 0.00478896 0.190927
0 0.296116 0.20005 0.00712818 0.0044229 0.183943
0 0.424915 0.778304 0.0087653 0.00499331 0.17139
0 0.0461115 0.339873 0.00805408 0.00479366 0.165614
0 0.0916344 0.416703 0.0107602 0.00734367 0.161657
0 0.359413 0.7867 0.00744311 0.00476301 0.153152
0 0.0735424 0.274322 0.00935944 0.0051863 0.149917
0 0.31921 0.233644 0.00703271 0.00460403 0.145961
0 0.562029 0.948301 0.00674792 0.00459418 0.144786
0 0.373412 0.821472 0.00738919 0.00449546 0.144715
0 0.463461 0.881716 0.00641632 0.00503405 0.144275
0 0.29768 0.390974 0.00664055 0.00442217 0.138853
0 0.821276 0.774724 0.00717894 0.00460649 0.137083
0 0.250493 0.791026 0.00744303 0.00419124 0.133681
0 0.705386 0.920319 0.0128027 0.0104062 0.129899
0 0.300125 0.928099 0.00694646 0.00485914 0.118421
0 0.160467 0.525181 0.0100039 0.00687689 0.117753
0 0.28886 0.393108 0.00768969 0.00454287 0.117153
0 0.051662 0.155354 0.00793791 0.00598117 0.110072
0 0.00192301 0.819245 0.00384602 0.00614579 0.109715
0 0.341614 0.634988 0.00615962 0.00472048 0.106144
0 0.363965 0.0375737 0.00860643 0.00626145 0.730754
0 0.165788 0.43361 0.00590579 0.00463164 0.689078
0 0.0595782 0.152347 0.00755535 0.00500766 0.611032
0 0.461052 0.961919 0.00910767 0.00599339 0.577186
0 0.0931784 0.393068 0.00657305 0.00430042 0.573182
0 0.416801 0.196039 0.00660161 0.00384553 0.541281
0 0.0802821 0.318908 0.00821353 0.00523225 0.499009
0 0.0606371 0.758025 0.00627668 0.00435553 0.495134
0 0.226401 0.241029 0.0065755 0.00406193 0.42973
0 0.883713 0.247405 0.00714755 0.00430002 0.418944
0 0.375059 0.548327 0.00556084 0.00402594 0.405557
0 0.240978 0.253506 0.00693915 0.00405868 0.403383
0 0.303456 0.321807 0.00678639 0.00439802 0.393126
0 0.0629629 0.356106 0.00728665 0.00438959 0.391317
0 0.101183 0.415393 0.00761393 0.00494723 0.385787
0 0.0863166 0.767154 0.00689474 0.003975 0.362271
0 0.359277 0.693546 0.00644433 0.00434935 0.360633
0 0.00152614 0.23249 0.00302557 0.00630469 0.353323
0 0.178786 0.771491 0.00743127 0.00420942 0.352281
0 0.150797 0.491157 0.00743347 0.00432457 0.33196
0 0.152145 0.743455 0.00576129 0.00434967 0.323419
0 0.845374 0.267529 0.0147618 0.0091981 0.29531
0 0.0754203 0.772133 0.0077688 0.00538668 0.284117
0 0.180341 0.984276 0.00743206 0.00509197 0.283717
0 0.148128 0.441457 0.00833789 0.0050358 0.27994
0 0.305497 0.239836 0.00686793 0.00490239 0.279125
0 0.915537 0.16207 0.0132399 0.00779001 0.270188
0 0.302494 0.245597 0.00701141 0.00483512 0.26075
0 0.0919516 0.355855 0.00733905 0.00503765 0.258323
0 0.297445 0.0385224 0.00803908 0.00541266 0.250629
0 0.081305 0.422454 0.00869696 0.00598491 0.244448
0 0.330437 0.340313 0.01117 0.0058655 0.242622
0 0.0994026 0.439273 0.00878613 0.00488392 0.22997
0 0.641598 0.904507 0.00610753 0.00447179 0.229218
0 0.707482 0.262892 0.00653911 0.00445012 0.227089
0 0.25727 0.419775 0.00773696 0.00434766 0.223355
0 0.434784 0.970879 0.00708604 0.00437202 0.221285
0 0.304664 0.652448 0.00968921 0.00656226 0.217943
0 0.117674 0.361325 0.00986729 0.00573334 0.204194
0 0.337229 0.840798 0.00605237 0.00427029 0.201006
0 0.548529 0.66978 0.00810011 0.0048974 0.198003
0 0.499284 0.614071 0.00707877 0.00498232 0.191751
0 0.195229 0.151244 0.00672815 0.00478896 0.190927
0 0.296116 0.20005 0.00712818 0.0044229 0.183943
0 0.424915 0.778304 0.0087653 0.00499331 0.17139
0 0.0461115 0.339873 0.00805408 0.00479366 0.165614
0 0.0916344 0.416703 0.0107602 0.00734367 0.161657
0 0.359413 0.7867 0.00744311 0.00476301 0.153152
0 0.0735424 0.274322 0.00935944 0.0051863 0.149917
0 0.31921 0.233644 0.00703271 0.00460403 0.145961
0 0.562029 0.948301 0.00674792 0.00459418 0.144786
0 0.373412 0.821472 0.00738919 0.00449546 0.144715
0 0.463461 0.881716 0.00641632 0.00503405 0.144275
0 0.29768 0.390974 0.00664055 0.00442217 0.138853
0 0.821276 0.774724 0.00717894 0.00460649 0.137083
0 0.250493 0.791026 0.00744303 0.00419124 0.133681
0 0.705386 0.920319 0.0128027 0.0104062 0.129899
0 0.300125 0.928099 0.00694646 0.00485914 0.118421
0 0.160467 0.525181 0.0100039 0.00687689 0.117753
0 0.28886 0.393108 0.00768969 0.00454287 0.117153
0 0.051662 0.155354 0.00793791 0.00598117 0.110072
0 0.00192301 0.819245 0.00384602 0.00614579 0.109715
0 0.341614 0.634988 0.00615962 0.00472048 0.106144
0 0.363965 0.0375737 0.00860643 0.00626145 0.730754
0 0.165788 0.43361 0.00590579 0.00463164 0.689078
0 0.0595782 0.152347 0.00755535 0.00500766 0.611032
0 0.461052 0.961919 0.00910767 0.00599339 0.577186
0 0.0931784 0.393068 0.00657305 0.00430042 0.573182
0 0.416801 0.196039 0.00660161 0.00384553 0.541281
0 0.0802821 0.318908 0.00821353 0.00523225 0.499009
0 0.0606371 0.758025 0.00627668 0.00435553 0.495134
0 0.226401 0.241029 0.0065755 0.00406193 0.42973
0 0.883713 0.247405 0.00714755 0.00430002 0.418944
0 0.375059 0.548327 0.00556084 0.00402594 0.405557
0 0.240978 0.253506 0.00693915 0.00405868 0.403383
0 0.303456 0.321807 0.00678639 0.00439802 0.393126
0 0.0629629 0.356106 0.00728665 0.00438959 0.391317
0 0.101183 0.415393 0.00761393 0.00494723 0.385787
0 0.0863166 0.767154 0.00689474 0.003975 0.362271
0 0.359277 0.693546 0.00644433 0.00434935 0.360633
0 0.00152614 0.23249 0.00302557 0.00630469 0.353323
0 0.178786 0.771491 0.00743127 0.00420942 0.352281
0 0.150797 0.491157 0.00743347 0.00432457 0.33196
0 0.152145 0.743455 0.00576129 0.00434967 0.323419
0 0.845374 0.267529 0.0147618 0.0091981 0.29531
0 0.0754203 0.772133 0.0077688 0.00538668 0.284117
0 0.180341 0.984276 0.00743206 0.00509197 0.283717
0 0.148128 0.441457 0.00833789 0.0050358 0.27994
0 0.305497 0.239836 0.00686793 0.00490239 0.279125
0 0.915537 0.16207 0.0132399 0.00779001 0.270188
0 0.302494 0.245597 0.00701141 0.00483512 0.26075
0 0.0919516 0.355855 0.00733905 0.00503765 0.258323
0 0.297445 0.0385224 0.00803908 0.00541266 0.250629
0 0.081305 0.422454 0.00869696 0.00598491 0.244448
0 0.330437 0.340313 0.01117 0.0058655 0.242622
0 0.0994026 0.439273 0.00878613 0.00488392 0.22997
0 0.641598 0.904507 0.00610753 0.00447179 0.229218
0 0.707482 0.262892 0.00653911 0.00445012 0.227089
0 0.25727 0.419775 0.00773696 0.00434766 0.223355
0 0.434784 0.970879 0.00708604 0.00437202 0.221285
0 0.304664 0.652448 0.00968921 0.00656226 0.217943
0 0.117674 0.361325 0.00986729 0.00573334 0.204194
0 0.337229 0.840798 0.00605237 0.00427029 0.201006
0 0.548529 0.66978 0.00810011 0.0048974 0.198003
0 0.499284 0.614071 0.00707877 0.00498232 0.191751
0 0.195229 0.151244 0.00672815 0.00478896 0.190927
0 0.296116 0.20005 0.00712818 0.0044229 0.183943
0 0.424915 0.778304 0.0087653 0.00499331 0.17139
0 0.0461115 0.339873 0.00805408 0.00479366 0.165614
0 0.0916344 0.416703 0.0107602 0.00734367 0.161657
0 0.359413 0.7867 0.00744311 0.00476301 0.153152
0 0.0735424 0.274322 0.00935944 0.0051863 0.149917
0 0.31921 0.233644 0.00703271 0.00460403 0.145961
0 0.562029 0.948301 0.00674792 0.00459418 0.144786
0 0.373412 0.821472 0.00738919 0.00449546 0.144715
0 0.463461 0.881716 0.00641632 0.00503405 0.144275
0 0.29768 0.390974 0.00664055 0.00442217 0.138853
0 0.821276 0.774724 0.00717894 0.00460649 0.137083
0 0.250493 0.791026 0.00744303 0.00419124 0.133681
0 0.705386 0.920319 0.0128027 0.0104062 0.129899
0 0.300125 0.928099 0.00694646 0.00485914 0.118421
0 0.160467 0.525181 0.0100039 0.00687689 0.117753
0 0.28886 0.393108 0.00768969 0.00454287 0.117153
0 0.051662 0.155354 0.00793791 0.00598117 0.110072
0 0.00192301 0.819245 0.00384602 0.00614579 0.109715
0 0.341614 0.634988 0.00615962 0.00472048 0.106144
0 0.363965 0.0375737 0.00860643 0.00626145 0.730754
0 0.165788 0.43361 0.00590579 0.00463164 0.689078
0 0.0595782 0.152347 0.00755535 0.00500766 0.611032
0 0.461052 0.961919 0.00910767 0.00599339 0.577186
0 0.0931784 0.393068 0.00657305 0.00430042 0.573182
0 0.416801 0.196039 0.00660161 0.00384553 0.541281
0 0.0802821 0.318908 0.00821353 0.00523225 0.499009
0 0.0606371 0.758025 0.00627668 0.00435553 0.495134
0 0.226401 0.241029 0.0065755 0.00406193 0.42973
0 0.883713 0.247405 0.00714755 0.00430002 0.418944
0 0.375059 0.548327 0.00556084 0.00402594 0.405557
0 0.240978 0.253506 0.00693915 0.00405868 0.403383
0 0.303456 0.321807 0.00678639 0.00439802 0.393126
0 0.0629629 0.356106 0.00728665 0.00438959 0.391317
0 0.101183 0.415393 0.00761393 0.00494723 0.385787
0 0.0863166 0.767154 0.00689474 0.003975 0.362271
0 0.359277 0.693546 0.00644433 0.00434935 0.360633
0 0.00152614 0.23249 0.00302557 0.00630469 0.353323
0 0.178786 0.771491 0.00743127 0.00420942 0.352281
0 0.150797 0.491157 0.00743347 0.00432457 0.33196
0 0.152145 0.743455 0.00576129 0.00434967 0.323419
0 0.845374 0.267529 0.0147618 0.0091981 0.29531
0 0.0754203 0.772133 0.0077688 0.00538668 0.284117
0 0.180341 0.984276 0.00743206 0.00509197 0.283717
0 0.148128 0.441457 0.00833789 0.0050358 0.27994
0 0.305497 0.239836 0.00686793 0.00490239 0.279125
0 0.915537 0.16207 0.0132399 0.00779001 0.270188
0 0.302494 0.245597 0.00701141 0.00483512 0.26075
0 0.0919516 0.355855 0.00733905 0.00503765 0.258323
0 0.297445 0.0385224 0.00803908 0.00541266 0.250629
0 0.081305 0.422454 0.00869696 0.00598491 0.244448
0 0.330437 0.340313 0.01117 0.0058655 0.242622
0 0.0994026 0.439273 0.00878613 0.00488392 0.22997
0 0.641598 0.904507 0.00610753 0.00447179 0.229218
0 0.707482 0.262892 0.00653911 0.00445012 0.227089
0 0.25727 0.419775 0.00773696 0.00434766 0.223355
0 0.434784 0.970879 0.00708604 0.00437202 0.221285
0 0.304664 0.652448 0.00968921 0.00656226 0.217943
0 0.117674 0.361325 0.00986729 0.00573334 0.204194
0 0.337229 0.840798 0.00605237 0.00427029 0.201006
0 0.548529 0.66978 0.00810011 0.0048974 0.198003
0 0.499284 0.614071 0.00707877 0.00498232 0.191751
0 0.195229 0.151244 0.00672815 0.00478896 0.190927
0 0.296116 0.20005 0.00712818 0.0044229 0.183943
0 0.424915 0.778304 0.0087653 0.00499331 0.17139
0 0.0461115 0.339873 0.00805408 0.00479366 0.165614
0 0.0916344 0.416703 0.0107602 0.00734367 0.161657
0 0.359413 0.7867 0.00744311 0.00476301 0.153152
0 0.0735424 0.274322 0.00935944 0.0051863 0.149917
0 0.31921 0.233644 0.00703271 0.00460403 0.145961
0 0.562029 0.948301 0.00674792 0.00459418 0.144786
0 0.373412 0.821472 0.00738919 0.00449546 0.144715
0 0.463461 0.881716 0.00641632 0.00503405 0.144275
0 0.29768 0.390974 0.00664055 0.00442217 0.138853
0 0.821276 0.774724 0.00717894 0.00460649 0.137083
0 0.250493 0.791026 0.00744303 0.00419124 0.133681
0 0.705386 0.920319 0.0128027 0.0104062 0.129899
0 0.300125 0.928099 0.00694646 0.00485914 0.118421
0 0.160467 0.525181 0.0100039 0.00687689 0.117753
0 0.28886 0.393108 0.00768969 0.00454287 0.117153
0 0.051662 0.155354 0.00793791 0.00598117 0.110072
0 0.00192301 0.819245 0.00384602 0.00614579 0.109715
0 0.341614 0.634988 0.00615962 0.00472048 0.106144
0 0.363965 0.0375737 0.00860643 0.00626145 0.730754
0 0.165788 0.43361 0.00590579 0.00463164 0.689078
0 0.0595782 0.152347 0.00755535 0.00500766 0.611032
0 0.461052 0.961919 0.00910767 0.00599339 0.577186
0 0.0931784 0.393068 0.00657305 0.00430042 0.573182
0 0.416801 0.196039 0.00660161 0.00384553 0.541281
0 0.0802821 0.318908 0.00821353 0.00523225 0.499009
0 0.0606371 0.758025 0.00627668 0.00435553 0.495134
0 0.226401 0.241029 0.0065755 0.00406193 0.42973
0 0.883713 0.247405 0.00714755 0.00430002 0.418944
0 0.375059 0.548327 0.00556084 0.00402594 0.405557
0 0.240978 0.253506 0.00693915 0.00405868 0.403383
0 0.303456 0.321807 0.00678639 0.00439802 0.393126
0 0.0629629 0.356106 0.00728665 0.00438959 0.391317
0 0.101183 0.415393 0.00761393 0.00494723 0.385787
0 0.0863166 0.767154 0.00689474 0.003975 0.362271
0 0.359277 0.693546 0.00644433 0.00434935 0.360633
0 0.00152614 0.23249 0.00302557 0.00630469 0.353323
0 0.178786 0.771491 0.00743127 0.00420942 0.352281
0 0.150797 0.491157 0.00743347 0.00432457 0.33196
0 0.152145 0.743455 0.00576129 0.00434967 0.323419
0 0.845374 0.267529 0.0147618 0.0091981 0.29531
0 0.0754203 0.772133 0.0077688 0.00538668 0.284117
0 0.180341 0.984276 0.00743206 0.00509197 0.283717
0 0.148128 0.441457 0.00833789 0.0050358 0.27994
0 0.305497 0.239836 0.00686793 0.00490239 0.279125
0 0.915537 0.16207 0.0132399 0.00779001 0.270188
0 0.302494 0.245597 0.00701141 0.00483512 0.26075
0 0.0919516 0.355855 0.00733905 0.00503765 0.258323
0 0.297445 0.0385224 0.00803908 0.00541266 0.250629
0 0.081305 0.422454 0.00869696 0.00598491 0.244448
0 0.330437 0.340313 0.01117 0.0058655 0.242622
0 0.0994026 0.439273 0.00878613 0.00488392 0.22997
0 0.641598 0.904507 0.00610753 0.00447179 0.229218
0 0.707482 0.262892 0.00653911 0.00445012 0.227089
0 0.25727 0.419775 0.00773696 0.00434766 0.223355
0 0.434784 0.970879 0.00708604 0.00437202 0.221285
0 0.304664 0.652448 0.00968921 0.00656226 0.217943
0 0.117674 0.361325 0.00986729 0.00573334 0.204194
0 0.337229 0.840798 0.00605237 0.00427029 0.201006
0 0.548529 0.66978 0.00810011 0.0048974 0.198003
0 0.499284 0.614071 0.00707877 0.00498232 0.191751
0 0.195229 0.151244 0.00672815 0.00478896 0.190927
0 0.296116 0.20005 0.00712818 0.0044229 0.183943
0 0.424915 0.778304 0.0087653 0.00499331 0.17139
0 0.0461115 0.339873 0.00805408 0.00479366 0.165614
0 0.0916344 0.416703 0.0107602 0.00734367 0.161657
0 0.359413 0.7867 0.00744311 0.00476301 0.153152
0 0.0735424 0.274322 0.00935944 0.0051863 0.149917
0 0.31921 0.233644 0.00703271 0.00460403 0.145961
0 0.562029 0.948301 0.00674792 0.00459418 0.144786
0 0.373412 0.821472 0.00738919 0.00449546 0.144715
0 0.463461 0.881716 0.00641632 0.00503405 0.144275
0 0.29768 0.390974 0.00664055 0.00442217 0.138853
0 0.821276 0.774724 0.00717894 0.00460649 0.137083
0 0.250493 0.791026 0.00744303 0.00419124 0.133681
0 0.705386 0.920319 0.0128027 0.0104062 0.129899
0 0.300125 0.928099 0.00694646 0.00485914 0.118421
0 0.160467 0.525181 0.0100039 0.00687689 0.117753
0 0.28886 0.393108 0.00768969 0.00454287 0.117153
0 0.051662 0.155354 0.00793791 0.00598117 0.110072
0 0.00192301 0.819245 0.00384602 0.00614579 0.109715
0 0.341614 0.634988 0.00615962 0.00472048 0.106144
0 0.363965 0.0375737 0.00860643 0.00626145 0.730754
0 0.165788 0.43361 0.00590579 0.00463164 0.689078
0 0.0595782 0.152347 0.00755535 0.00500766 0.611032
0 0.461052 0.961919 0.00910767 0.00599339 0.577186
0 0.0931784 0.393068 0.00657305 0.00430042 0.573182
0 0.416801 0.196039 0.00660161 0.00384553 0.541281
0 0.0802821 0.318908 0.00821353 0.00523225 0.499009
0 0.0606371 0.758025 0.00627668 0.00435553 0.495134
0 0.226401 0.241029 0.0065755 0.00406193 0.42973
0 0.883713 0.247405 0.00714755 0.00430002 0.418944
0 0.375059 0.548327 0.00556084 0.00402594 0.405557
0 0.240978 0.253506 0.00693915 0.00405868 0.403383
0 0.303456 0.321807 0.00678639 0.00439802 0.393126
0 0.0629629 0.356106 0.00728665 0.00438959 0.391317
0 0.101183 0.415393 0.00761393 0.00494723 0.385787
0 0.0863166 0.767154 0.00689474 0.003975 0.362271
0 0.359277 0.693546 0.00644433 0.00434935 0.360633
0 0.00152614 0.23249 0.00302557 0.00630469 0.353323
0 0.178786 0.771491 0.00743127 0.00420942 0.352281
0 0.150797 0.491157 0.00743347 0.00432457 0.33196
0 0.152145 0.743455 0.00576129 0.00434967 0.323419
0 0.845374 0.267529 0.0147618 0.0091981 0.29531
0 0.0754203 0.772133 0.0077688 0.00538668 0.284117
0 0.180341 0.984276 0.00743206 0.00509197 0.283717
0 0.148128 0.441457 0.00833789 0.0050358 0.27994
0 0.305497 0.239836 0.00686793 0.00490239 0.279125
0 0.915537 0.16207 0.0132399 0.00779001 0.270188
0 0.302494 0.245597 0.00701141 0.00483512 0.26075
0 0.0919516 0.355855 0.00733905 0.00503765 0.258323
0 0.297445 0.0385224 0.00803908 0.00541266 0.250629
0 0.081305 0.422454 0.00869696 0.00598491 0.244448
0 0.330437 0.340313 0.01117 0.0058655 0.242622
0 0.0994026 0.439273 0.00878613 0.00488392 0.22997
0 0.641598 0.904507 0.00610753 0.00447179 0.229218
0 0.707482 0.262892 0.00653911 0.00445012 0.227089
0 0.25727 0.419775 0.00773696 0.00434766 0.223355
0 0.434784 0.970879 0.00708604 0.00437202 0.221285
0 0.304664 0.652448 0.00968921 0.00656226 0.217943
0 0.117674 0.361325 0.00986729 0.00573334 0.204194
0 0.337229 0.840798 0.00605237 0.00427029 0.201006
0 0.548529 0.66978 0.00810011 0.0048974 0.198003
0 0.499284 0.614071 0.00707877 0.00498232 0.191751
0 0.195229 0.151244 0.00672815 0.00478896 0.190927
0 0.296116 0.20005 0.00712818 0.0044229 0.183943
0 0.424915 0.778304 0.0087653 0.00499331 0.17139
0 0.0461115 0.339873 0.00805408 0.00479366 0.165614
0 0.0916344 0.416703 0.0107602 0.00734367 0.161657
0 0.359413 0.7867 0.00744311 0.00476301 0.153152
0 0.0735424 0.274322 0.00935944 0.0051863 0.149917
0 0.31921 0.233644 0.00703271 0.00460403 0.145961
0 0.562029 0.948301 0.00674792 0.00459418 0.144786
0 0.373412 0.821472 0.00738919 0.00449546 0.144715
0 0.463461 0.881716 0.00641632 0.00503405 0.144275
0 0.29768 0.390974 0.00664055 0.00442217 0.138853
0 0.821276 0.774724 0.00717894 0.00460649 0.137083
0 0.250493 0.791026 0.00744303 0.00419124 0.133681
0 0.705386 0.920319 0.0128027 0.0104062 0.129899
0 0.300125 0.928099 0.00694646 0.00485914 0.118421
0 0.160467 0.525181 0.0100039 0.00687689 0.117753
0 0.28886 0.393108 0.00768969 0.00454287 0.117153
0 0.051662 0.155354 0.00793791 0.00598117 0.110072
0 0.00192301 0.819245 0.00384602 0.00614579 0.109715
0 0.341614 0.634988 0.00615962 0.00472048 0.106144
0 0.363965 0.0375737 0.00860643 0.00626145 0.730754
0 0.165788 0.43361 0.00590579 0.00463164 0.689078
0 0.0595782 0.152347 0.00755535 0.00500766 0.611032
0 0.461052 0.961919 0.00910767 0.00599339 0.577186
0 0.0931784 0.393068 0.00657305 0.00430042 0.573182
0 0.416801 0.196039 0.00660161 0.00384553 0.541281
0 0.0802821 0.318908 0.00821353 0.00523225 0.499009
0 0.0606371 0.758025 0.00627668 0.00435553 0.495134
0 0.226401 0.241029 0.0065755 0.00406193 0.42973
0 0.883713 0.247405 0.00714755 0.00430002 0.418944
0 0.375059 0.548327 0.00556084 0.00402594 0.405557
0 0.240978 0.253506 0.00693915 0.00405868 0.403383
0 0.303456 0.321807 0.00678639 0.00439802 0.393126
0 0.0629629 0.356106 0.00728665 0.00438959 0.391317
0 0.101183 0.415393 0.00761393 0.00494723 0.385787
0 0.0863166 0.767154 0.00689474 0.003975 0.362271
0 0.359277 0.693546 0.00644433 0.00434935 0.360633
0 0.00152614 0.23249 0.00302557 0.00630469 0.353323
0 0.178786 0.771491 0.00743127 0.00420942 0.352281
0 0.150797 0.491157 0.00743347 0.00432457 0.33196
0 0.152145 0.743455 0.00576129 0.00434967 0.323419
0 0.845374 0.267529 0.0147618 0.0091981 0.29531
0 0.0754203 0.772133 0.0077688 0.00538668 0.284117
0 0.180341 0.984276 0.00743206 0.00509197 0.283717
0 0.148128 0.441457 0.00833789 0.0050358 0.27994
0 0.305497 0.239836 0.00686793 0.00490239 0.279125
0 0.915537 0.16207 0.0132399 0.00779001 0.270188
0 0.302494 0.245597 0.00701141 0.00483512 0.26075
0 0.0919516 0.355855 0.00733905 0.00503765 0.258323
0 0.297445 0.0385224 0.00803908 0.00541266 0.250629
0 0.081305 0.422454 0.00869696 0.00598491 0.244448
0 0.330437 0.340313 0.01117 0.0058655 0.242622
0 0.0994026 0.439273 0.00878613 0.00488392 0.22997
0 0.641598 0.904507 0.00610753 0.00447179 0.229218
0 0.707482 0.262892 0.00653911 0.00445012 0.227089
0 0.25727 0.419775 0.00773696 0.00434766 0.223355
0 0.434784 0.970879 0.00708604 0.00437202 0.221285
0 0.304664 0.652448 0.00968921 0.00656226 0.217943
0 0.117674 0.361325 0.00986729 0.00573334 0.204194
0 0.337229 0.840798 0.00605237 0.00427029 0.201006
0 0.548529 0.66978 0.00810011 0.0048974 0.198003
0 0.499284 0.614071 0.00707877 0.00498232 0.191751
0 0.195229 0.151244 0.00672815 0.00478896 0.190927
0 0.296116 0.20005 0.00712818 0.0044229 0.183943
0 0.424915 0.778304 0.0087653 0.00499331 0.17139
0 0.0461115 0.339873 0.00805408 0.00479366 0.165614
0 0.0916344 0.416703 0.0107602 0.00734367 0.161657
0 0.359413 0.7867 0.00744311 0.00476301 0.153152
0 0.0735424 0.274322 0.00935944 0.0051863 0.149917
0 0.31921 0.233644 0.00703271 0.00460403 0.145961
0 0.562029 0.948301 0.00674792 0.00459418 0.144786
0 0.373412 0.821472 0.00738919 0.00449546 0.144715
0 0.463461 0.881716 0.00641632 0.00503405 0.144275
0 0.29768 0.390974 0.00664055 0.00442217 0.138853
0 0.821276 0.774724 0.00717894 0.00460649 0.137083
0 0.250493 0.791026 0.00744303 0.00419124 0.133681
0 0.705386 0.920319 0.0128027 0.0104062 0.129899
0 0.300125 0.928099 0.00694646 0.00485914 0.118421
0 0.160467 0.525181 0.0100039 0.00687689 0.117753
0 0.28886 0.393108 0.00768969 0.00454287 0.117153
0 0.051662 0.155354 0.00793791 0.00598117 0.110072
0 0.00192301 0.819245 0.00384602 0.00614579 0.109715
0 0.341614 0.634988 0.00615962 0.00472048 0.106144
0 0.363965 0.0375737 0.00860643 0.00626145 0.730754
0 0.165788 0.43361 0.00590579 0.00463164 0.689078
0 0.0595782 0.152347 0.00755535 0.00500766 0.611032
0 0.461052 0.961919 0.00910767 0.00599339 0.577186
0 0.0931784 0.393068 0.00657305 0.00430042 0.573182
0 0.416801 0.196039 0.00660161 0.00384553 0.541281
0 0.0802821 0.318908 0.00821353 0.00523225 0.499009
0 0.0606371 0.758025 0.00627668 0.00435553 0.495134
0 0.226401 0.241029 0.0065755 0.00406193 0.42973
0 0.883713 0.247405 0.00714755 0.00430002 0.418944
0 0.375059 0.548327 0.00556084 0.00402594 0.405557
0 0.240978 0.253506 0.00693915 0.00405868 0.403383
0 0.303456 0.321807 0.00678639 0.00439802 0.393126
0 0.0629629 0.356106 0.00728665 0.00438959 0.391317
0 0.101183 0.415393 0.00761393 0.00494723 0.385787
0 0.0863166 0.767154 0.00689474 0.003975 0.362271
0 0.359277 0.693546 0.00644433 0.00434935 0.360633
0 0.00152614 0.23249 0.00302557 0.00630469 0.353323
0 0.178786 0.771491 0.00743127 0.00420942 0.352281
0 0.150797 0.491157 0.00743347 0.00432457 0.33196
0 0.152145 0.743455 0.00576129 0.00434967 0.323419
0 0.845374 0.267529 0.0147618 0.0091981 0.29531
0 0.0754203 0.772133 0.0077688 0.00538668 0.284117
0 0.180341 0.984276 0.00743206 0.00509197 0.283717
0 0.148128 0.441457 0.00833789 0.0050358 0.27994
0 0.305497 0.239836 0.00686793 0.00490239 0.279125
0 0.915537 0.16207 0.0132399 0.00779001 0.270188
0 0.302494 0.245597 0.00701141 0.00483512 0.26075
0 0.0919516 0.355855 0.00733905 0.00503765 0.258323
0 0.297445 0.0385224 0.00803908 0.00541266 0.250629
0 0.081305 0.422454 0.00869696 0.00598491 0.244448
0 0.330437 0.340313 0.01117 0.0058655 0.242622
0 0.0994026 0.439273 0.00878613 0.00488392 0.22997
0 0.641598 0.904507 0.00610753 0.00447179 0.229218
0 0.707482 0.262892 0.00653911 0.00445012 0.227089
0 0.25727 0.419775 0.00773696 0.00434766 0.223355
0 0.434784 0.970879 0.00708604 0.00437202 0.221285
0 0.304664 0.652448 0.00968921 0.00656226 0.217943
0 0.117674 0.361325 0.00986729 0.00573334 0.204194
0 0.337229 0.840798 0.00605237 0.00427029 0.201006
0 0.548529 0.66978 0.00810011 0.0048974 0.198003
0 0.499284 0.614071 0.00707877 0.00498232 0.191751
0 0.195229 0.151244 0.00672815 0.00478896 0.190927
0 0.296116 0.20005 0.00712818 0.0044229 0.183943
0 0.424915 0.778304 0.0087653 0.00499331 0.17139
0 0.0461115 0.339873 0.00805408 0.00479366 0.165614
0 0.0916344 0.416703 0.0107602 0.00734367 0.161657
0 0.359413 0.7867 0.00744311 0.00476301 0.153152
0 0.0735424 0.274322 0.00935944 0.0051863 0.149917
0 0.31921 0.233644 0.00703271 0.00460403 0.145961
0 0.562029 0.948301 0.00674792 0.00459418 0.144786
0 0.373412 0.821472 0.00738919 0.00449546 0.144715
0 0.463461 0.881716 0.00641632 0.00503405 0.144275
0 0.29768 0.390974 0.00664055 0.00442217 0.138853
0 0.821276 0.774724 0.00717894 0.00460649 0.137083
0 0.250493 0.791026 0.00744303 0.00419124 0.133681
0 0.705386 0.920319 0.0128027 0.0104062 0.129899
0 0.300125 0.928099 0.00694646 0.00485914 0.118421
0 0.160467 0.525181 0.0100039 0.00687689 0.117753
0 0.28886 0.393108 0.00768969 0.00454287 0.117153
0 0.051662 0.155354 0.00793791 0.00598117 0.110072
0 0.00192301 0.819245 0.00384602 0.00614579 0.109715
0 0.341614 0.634988 0.00615962 0.00472048 0.106144
0 0.363965 0.0375737 0.00860643 0.00626145 0.730754
0 0.165788 0.43361 0.00590579 0.00463164 0.689078
0 0.0595782 0.152347 0.00755535 0.00500766 0.611032
0 0.461052 0.961919 0.00910767 0.00599339 0.577186
0 0.0931784 0.393068 0.00657305 0.00430042 0.573182
0 0.416801 0.196039 0.00660161 0.00384553 0.541281
0 0.0802821 0.318908 0.00821353 0.00523225 0.499009
0 0.0606371 0.758025 0.00627668 0.00435553 0.495134
0 0.226401 0.241029 0.0065755 0.00406193 0.42973
0 0.883713 0.247405 0.00714755 0.00430002 0.418944
0 0.375059 0.548327 0.00556084 0.00402594 0.405557
0 0.240978 0.253506 0.00693915 0.00405868 0.403383
0 0.303456 0.321807 0.00678639 0.00439802 0.393126
0 0.0629629 0.356106 0.00728665 0.00438959 0.391317
0 0.101183 0.415393 0.00761393 0.00494723 0.385787
0 0.0863166 0.767154 0.00689474 0.003975 0.362271
0 0.359277 0.693546 0.00644433 0.00434935 0.360633
0 0.00152614 0.23249 0.00302557 0.00630469 0.353323
0 0.178786 0.771491 0.00743127 0.00420942 0.352281
0 0.150797 0.491157 0.00743347 0.00432457 0.33196
0 0.152145 0.743455 0.00576129 0.00434967 0.323419
0 0.845374 0.267529 0.0147618 0.0091981 0.29531
0 0.0754203 0.772133 0.0077688 0.00538668 0.284117
0 0.180341 0.984276 0.00743206 0.00509197 0.283717
0 0.148128 0.441457 0.00833789 0.0050358 0.27994
0 0.305497 0.239836 0.00686793 0.00490239 0.279125
0 0.915537 0.16207 0.0132399 0.00779001 0.270188
0 0.302494 0.245597 0.00701141 0.00483512 0.26075
0 0.0919516 0.355855 0.00733905 0.00503765 0.258323
0 0.297445 0.0385224 0.00803908 0.00541266 0.250629
0 0.081305 0.422454 0.00869696 0.00598491 0.244448
0 0.330437 0.340313 0.01117 0.0058655 0.242622
0 0.0994026 0.439273 0.00878613 0.00488392 0.22997
0 0.641598 0.904507 0.00610753 0.00447179 0.229218
0 0.707482 0.262892 0.00653911 0.00445012 0.227089
0 0.25727 0.419775 0.00773696 0.00434766 0.223355
0 0.434784 0.970879 0.00708604 0.00437202 0.221285
0 0.304664 0.652448 0.00968921 0.00656226 0.217943
0 0.117674 0.361325 0.00986729 0.00573334 0.204194
0 0.337229 0.840798 0.00605237 0.00427029 0.201006
0 0.548529 0.66978 0.00810011 0.0048974 0.198003
0 0.499284 0.614071 0.00707877 0.00498232 0.191751
0 0.195229 0.151244 0.00672815 0.00478896 0.190927
0 0.296116 0.20005 0.00712818 0.0044229 0.183943
0 0.424915 0.778304 0.0087653 0.00499331 0.17139
0 0.0461115 0.339873 0.00805408 0.00479366 0.165614
0 0.0916344 0.416703 0.0107602 0.00734367 0.161657
0 0.359413 0.7867 0.00744311 0.00476301 0.153152
0 0.0735424 0.274322 0.00935944 0.0051863 0.149917
0 0.31921 0.233644 0.00703271 0.00460403 0.145961
0 0.562029 0.948301 0.00674792 0.00459418 0.144786
0 0.373412 0.821472 0.00738919 0.00449546 0.144715
0 0.463461 0.881716 0.00641632 0.00503405 0.144275
0 0.29768 0.390974 0.00664055 0.00442217 0.138853
0 0.821276 0.774724 0.00717894 0.00460649 0.137083
0 0.250493 0.791026 0.00744303 0.00419124 0.133681
0 0.705386 0.920319 0.0128027 0.0104062 0.129899
0 0.300125 0.928099 0.00694646 0.00485914 0.118421
0 0.160467 0.525181 0.0100039 0.00687689 0.117753
0 0.28886 0.393108 0.00768969 0.00454287 0.117153
0 0.051662 0.155354 0.00793791 0.00598117 0.110072
0 0.00192301 0.819245 0.00384602 0.00614579 0.109715
0 0.341614 0.634988 0.00615962 0.00472048 0.106144
0 0.363965 0.0375737 0.00860643 0.00626145 0.730754
0 0.165788 0.43361 0.00590579 0.00463164 0.689078
0 0.0595782 0.152347 0.00755535 0.00500766 0.611032
0 0.461052 0.961919 0.00910767 0.00599339 0.577186
0 0.0931784 0.393068 0.00657305 0.00430042 0.573182
0 0.416801 0.196039 0.00660161 0.00384553 0.541281
0 0.0802821 0.318908 0.00821353 0.00523225 0.499009
0 0.0606371 0.758025 0.00627668 0.00435553 0.495134
0 0.226401 0.241029 0.0065755 0.00406193 0.42973
0 0.883713 0.247405 0.00714755 0.00430002 0.418944
0 0.375059 0.548327 0.00556084 0.00402594 0.405557
0 0.240978 0.253506 0.00693915 0.00405868 0.403383
0 0.303456 0.321807 0.00678639 0.00439802 0.393126
0 0.0629629 0.356106 0.00728665 0.00438959 0.391317
0 0.101183 0.415393 0.00761393 0.00494723 0.385787
0 0.0863166 0.767154 0.00689474 0.003975 0.362271
0 0.359277 0.693546 0.00644433 0.00434935 0.360633
0 0.00152614 0.23249 0.00302557 0.00630469 0.353323
0 0.178786 0.771491 0.00743127 0.00420942 0.352281
0 0.150797 0.491157 0.00743347 0.00432457 0.33196
0 0.152145 0.743455 0.00576129 0.00434967 0.323419
0 0.845374 0.267529 0.0147618 0.0091981 0.29531
0 0.0754203 0.772133 0.0077688 0.00538668 0.284117
0 0.180341 0.984276 0.00743206 0.00509197 0.283717
0 0.148128 0.441457 0.00833789 0.0050358 0.27994
0 0.305497 0.239836 0.00686793 0.00490239 0.279125
0 0.915537 0.16207 0.0132399 0.00779001 0.270188
0 0.302494 0.245597 0.00701141 0.00483512 0.26075
0 0.0919516 0.355855 0.00733905 0.00503765 0.258323
0 0.297445 0.0385224 0.00803908 0.00541266 0.250629
0 0.081305 0.422454 0.00869696 0.00598491 0.244448
0 0.330437 0.340313 0.01117 0.0058655 0.242622
0 0.0994026 0.439273 0.00878613 0.00488392 0.22997
0 0.641598 0.904507 0.00610753 0.00447179 0.229218
0 0.707482 0.262892 0.00653911 0.00445012 0.227089
0 0.25727 0.419775 0.00773696 0.00434766 0.223355
0 0.434784 0.970879 0.00708604 0.00437202 0.221285
0 0.304664 0.652448 0.00968921 0.00656226 0.217943
0 0.117674 0.361325 0.00986729 0.00573334 0.204194
0 0.337229 0.840798 0.00605237 0.00427029 0.201006
0 0.548529 0.66978 0.00810011 0.0048974 0.198003
0 0.499284 0.614071 0.00707877 0.00498232 0.191751
0 0.195229 0.151244 0.00672815 0.00478896 0.190927
0 0.296116 0.20005 0.00712818 0.0044229 0.183943
0 0.424915 0.778304 0.0087653 0.00499331 0.17139
0 0.0461115 0.339873 0.00805408 0.00479366 0.165614
0 0.0916344 0.416703 0.0107602 0.00734367 0.161657
0 0.359413 0.7867 0.00744311 0.00476301 0.153152
0 0.0735424 0.274322 0.00935944 0.0051863 0.149917
0 0.31921 0.233644 0.00703271 0.00460403 0.145961
0 0.562029 0.948301 0.00674792 0.00459418 0.144786
0 0.373412 0.821472 0.00738919 0.00449546 0.144715
0 0.463461 0.881716 0.00641632 0.00503405 0.144275
0 0.29768 0.390974 0.00664055 0.00442217 0.138853
0 0.821276 0.774724 0.00717894 0.00460649 0.137083
0 0.250493 0.791026 0.00744303 0.00419124 0.133681
0 0.705386 0.920319 0.0128027 0.0104062 0.129899
0 0.300125 0.928099 0.00694646 0.00485914 0.118421
0 0.160467 0.525181 0.0100039 0.00687689 0.117753
0 0.28886 0.393108 0.00768969 0.00454287 0.117153
0 0.051662 0.155354 0.00793791 0.00598117 0.110072
0 0.00192301 0.819245 0.00384602 0.00614579 0.109715
0 0.341614 0.634988 0.00615962 0.00472048 0.106144
0 0.363965 0.0375737 0.00860643 0.00626145 0.730754
0 0.165788 0.43361 0.00590579 0.00463164 0.689078
0 0.0595782 0.152347 0.00755535 0.00500766 0.611032
0 0.461052 0.961919 0.00910767 0.00599339 0.577186
0 0.0931784 0.393068 0.00657305 0.00430042 0.573182
0 0.416801 0.196039 0.00660161 0.00384553 0.541281
0 0.0802821 0.318908 0.00821353 0.00523225 0.499009
0 0.0606371 0.758025 0.00627668 0.00435553 0.495134
0 0.226401 0.241029 0.0065755 0.00406193 0.42973
0 0.883713 0.247405 0.00714755 0.00430002 0.418944
0 0.375059 0.548327 0.00556084 0.00402594 0.405557
0 0.240978 0.253506 0.00693915 0.00405868 0.403383
0 0.303456 0.321807 0.00678639 0.00439802 0.393126
0 0.0629629 0.356106 0.00728665 0.00438959 0.391317
0 0.101183 0.415393 0.00761393 0.00494723 0.385787
0 0.0863166 0.767154 0.00689474 0.003975 0.362271
0 0.359277 0.693546 0.00644433 0.00434935 0.360633
0 0.00152614 0.23249 0.00302557 0.00630469 0.353323
0 0.178786 0.771491 0.00743127 0.00420942 0.352281
0 0.150797 0.491157 0.00743347 0.00432457 0.33196
0 0.152145 0.743455 0.00576129 0.00434967 0.323419
0 0.845374 0.267529 0.0147618 0.0091981 0.29531
0 0.0754203 0.772133 0.0077688 0.00538668 0.284117
0 0.180341 0.984276 0.00743206 0.00509197 0.283717
0 0.148128 0.441457 0.00833789 0.0050358 0.27994
0 0.305497 0.239836 0.00686793 0.00490239 0.279125
0 0.915537 0.16207 0.0132399 0.00779001 0.270188
0 0.302494 0.245597 0.00701141 0.00483512 0.26075
0 0.0919516 0.355855 0.00733905 0.00503765 0.258323
0 0.297445 0.0385224 0.00803908 0.00541266 0.250629
0 0.081305 0.422454 0.00869696 0.00598491 0.244448
0 0.330437 0.340313 0.01117 0.0058655 0.242622
0 0.0994026 0.439273 0.00878613 0.00488392 0.22997
0 0.641598 0.904507 0.00610753 0.00447179 0.229218
0 0.707482 0.262892 0.00653911 0.00445012 0.227089
0 0.25727 0.419775 0.00773696 0.00434766 0.223355
0 0.434784 0.970879 0.00708604 0.00437202 0.221285
0 0.304664 0.652448 0.00968921 0.00656226 0.217943
0 0.117674 0.361325 0.00986729 0.00573334 0.204194
0 0.337229 0.840798 0.00605237 0.00427029 0.201006
0 0.548529 0.66978 0.00810011 0.0048974 0.198003
0 0.499284 0.614071 0.00707877 0.00498232 0.191751
0 0.195229 0.151244 0.00672815 0.00478896 0.190927
0 0.296116 0.20005 0.00712818 0.0044229 0.183943
0 0.424915 0.778304 0.0087653 0.00499331 0.17139
0 0.0461115 0.339873 0.00805408 0.00479366 0.165614
0 0.0916344 0.416703 0.0107602 0.00734367 0.161657
0 0.359413 0.7867 0.00744311 0.00476301 0.153152
0 0.0735424 0.274322 0.00935944 0.0051863 0.149917
0 0.31921 0.233644 0.00703271 0.00460403 0.145961
0 0.562029 0.948301 0.00674792 0.00459418 0.144786
0 0.373412 0.821472 0.00738919 0.00449546 0.144715
0 0.463461 0.881716 0.00641632 0.00503405 0.144275
0 0.29768 0.390974 0.00664055 0.00442217 0.138853
0 0.821276 0.774724 0.00717894 0.00460649 0.137083
0 0.250493 0.791026 0.00744303 0.00419124 0.133681
0 0.705386 0.920319 0.0128027 0.0104062 0.129899
0 0.300125 0.928099 0.00694646 0.00485914 0.118421
0 0.160467 0.525181 0.0100039 0.00687689 0.117753
0 0.28886 0.393108 0.00768969 0.00454287 0.117153
0 0.051662 0.155354 0.00793791 0.00598117 0.110072
0 0.00192301 0.819245 0.00384602 0.00614579 0.109715
0 0.341614 0.634988 0.00615962 0.00472048 0.106144
0 0.363965 0.0375737 0.00860643 0.00626145 0.730754
0 0.165788 0.43361 0.00590579 0.00463164 0.689078
0 0.0595782 0.152347 0.00755535 0.00500766 0.611032
0 0.461052 0.961919 0.00910767 0.00599339 0.577186
0 0.0931784 0.393068 0.00657305 0.00430042 0.573182
0 0.416801 0.196039 0.00660161 0.00384553 0.541281
0 0.0802821 0.318908 0.00821353 0.00523225 0.499009
0 0.0606371 0.758025 0.00627668 0.00435553 0.495134
0 0.226401 0.241029 0.0065755 0.00406193 0.42973
0 0.883713 0.247405 0.00714755 0.00430002 0.418944
0 0.375059 0.548327 0.00556084 0.00402594 0.405557
0 0.240978 0.253506 0.00693915 0.00405868 0.403383
0 0.303456 0.321807 0.00678639 0.00439802 0.393126
0 0.0629629 0.356106 0.00728665 0.00438959 0.391317
0 0.101183 0.415393 0.00761393 0.00494723 0.385787
0 0.0863166 0.767154 0.00689474 0.003975 0.362271
0 0.359277 0.693546 0.00644433 0.00434935 0.360633
0 0.00152614 0.23249 0.00302557 0.00630469 0.353323
0 0.178786 0.771491 0.00743127 0.00420942 0.352281
0 0.150797 0.491157 0.00743347 0.00432457 0.33196
0 0.152145 0.743455 0.00576129 0.00434967 0.323419
0 0.845374 0.267529 0.0147618 0.0091981 0.29531
0 0.0754203 0.772133 0.0077688 0.00538668 0.284117
0 0.180341 0.984276 0.00743206 0.00509197 0.283717
0 0.148128 0.441457 0.00833789 0.0050358 0.27994
0 0.305497 0.239836 0.00686793 0.00490239 0.279125
0 0.915537 0.16207 0.0132399 0.00779001 0.270188
0 0.302494 0.245597 0.00701141 0.00483512 0.26075
0 0.0919516 0.355855 0.00733905 0.00503765 0.258323
0 0.297445 0.0385224 0.00803908 0.00541266 0.250629
0 0.081305 0.422454 0.00869696 0.00598491 0.244448
0 0.330437 0.340313 0.01117 0.0058655 0.242622
0 0.0994026 0.439273 0.00878613 0.00488392 0.22997
0 0.641598 0.904507 0.00610753 0.00447179 0.229218
0 0.707482 0.262892 0.00653911 0.00445012 0.227089
0 0.25727 0.419775 0.00773696 0.00434766 0.223355
0 0.434784 0.970879 0.00708604 0.00437202 0.221285
0 0.304664 0.652448 0.00968921 0.00656226 0.217943
0 0.117674 0.361325 0.00986729 0.00573334 0.204194
0 0.337229 0.840798 0.00605237 0.00427029 0.201006
0 0.548529 0.66978 0.00810011 0.0048974 0.198003
0 0.499284 0.614071 0.00707877 0.00498232 0.191751
0 0.195229 0.151244 0.00672815 0.00478896 0.190927
0 0.296116 0.20005 0.00712818 0.0044229 0.183943
0 0.424915 0.778304 0.0087653 0.00499331 0.17139
0 0.0461115 0.339873 0.00805408 0.00479366 0.165614
0 0.0916344 0.416703 0.0107602 0.00734367 0.161657
0 0.359413 0.7867 0.00744311 0.00476301 0.153152
0 0.0735424 0.274322 0.00935944 0.0051863 0.149917
0 0.31921 0.233644 0.00703271 0.00460403 0.145961
0 0.562029 0.948301 0.00674792 0.00459418 0.144786
0 0.373412 0.821472 0.00738919 0.00449546 0.144715
0 0.463461 0.881716 0.00641632 0.00503405 0.144275
0 0.29768 0.390974 0.00664055 0.00442217 0.138853
0 0.821276 0.774724 0.00717894 0.00460649 0.137083
0 0.250493 0.791026 0.00744303 0.00419124 0.133681
0 0.705386 0.920319 0.0128027 0.0104062 0.129899
0 0.300125 0.928099 0.00694646 0.00485914 0.118421
0 0.160467 0.525181 0.0100039 0.00687689 0.117753
0 0.28886 0.393108 0.00768969 0.00454287 0.117153
0 0.051662 0.155354 0.00793791 0.00598117 0.110072
0 0.00192301 0.819245 0.00384602 0.00614579 0.109715
0 0.341614 0.634988 0.00615962 0.00472048 0.106144
0 0.363965 0.0375737 0.00860643 0.00626145 0.730754
0 0.165788 0.43361 0.00590579 0.00463164 0.689078
0 0.0595782 0.152347 0.00755535 0.00500766 0.611032
0 0.461052 0.961919 0.00910767 0.00599339 0.577186
0 0.0931784 0.393068 0.00657305 0.00430042 0.573182
0 0.416801 0.196039 0.00660161 0.00384553 0.541281
0 0.0802821 0.318908 0.00821353 0.00523225 0.499009
0 0.0606371 0.758025 0.00627668 0.00435553 0.495134
0 0.226401 0.241029 0.0065755 0.00406193 0.42973
0 0.883713 0.247405 0.00714755 0.00430002 0.418944
0 0.375059 0.548327 0.00556084 0.00402594 0.405557
0 0.240978 0.253506 0.00693915 0.00405868 0.403383
0 0.303456 0.321807 0.00678639 0.00439802 0.393126
0 0.0629629 0.356106 0.00728665 0.00438959 0.391317
0 0.101183 0.415393 0.00761393 0.00494723 0.385787
0 0.0863166 0.767154 0.00689474 0.003975 0.362271
0 0.359277 0.693546 0.00644433 0.00434935 0.360633
0 0.00152614 0.23249 0.00302557 0.00630469 0.353323
0 0.178786 0.771491 0.00743127 0.00420942 0.352281
0 0.150797 0.491157 0.00743347 0.00432457 0.33196
0 0.152145 0.743455 0.00576129 0.00434967 0.323419
0 0.845374 0.267529 0.0147618 0.0091981 0.29531
0 0.0754203 0.772133 0.0077688 0.00538668 0.284117
0 0.180341 0.984276 0.00743206 0.00509197 0.283717
0 0.148128 0.441457 0.00833789 0.0050358 0.27994
0 0.305497 0.239836 0.00686793 0.00490239 0.279125
0 0.915537 0.16207 0.0132399 0.00779001 0.270188
0 0.302494 0.245597 0.00701141 0.00483512 0.26075
0 0.0919516 0.355855 0.00733905 0.00503765 0.258323
0 0.297445 0.0385224 0.00803908 0.00541266 0.250629
0 0.081305 0.422454 0.00869696 0.00598491 0.244448
0 0.330437 0.340313 0.01117 0.0058655 0.242622
0 0.0994026 0.439273 0.00878613 0.00488392 0.22997
0 0.641598 0.904507 0.00610753 0.00447179 0.229218
0 0.707482 0.262892 0.00653911 0.00445012 0.227089
0 0.25727 0.419775 0.00773696 0.00434766 0.223355
0 0.434784 0.970879 0.00708604 0.00437202 0.221285
0 0.304664 0.652448 0.00968921 0.00656226 0.217943
0 0.117674 0.361325 0.00986729 0.00573334 0.204194
0 0.337229 0.840798 0.00605237 0.00427029 0.201006
0 0.548529 0.66978 0.00810011 0.0048974 0.198003
0 0.499284 0.614071 0.00707877 0.00498232 0.191751
0 0.195229 0.151244 0.00672815 0.00478896 0.190927
0 0.296116 0.20005 0.00712818 0.0044229 0.183943
0 0.424915 0.778304 0.0087653 0.00499331 0.17139
0 0.0461115 0.339873 0.00805408 0.00479366 0.165614
0 0.0916344 0.416703 0.0107602 0.00734367 0.161657
0 0.359413 0.7867 0.00744311 0.00476301 0.153152
0 0.0735424 0.274322 0.00935944 0.0051863 0.149917
0 0.31921 0.233644 0.00703271 0.00460403 0.145961
0 0.562029 0.948301 0.00674792 0.00459418 0.144786
0 0.373412 0.821472 0.00738919 0.00449546 0.144715
0 0.463461 0.881716 0.00641632 0.00503405 0.144275
0 0.29768 0.390974 0.00664055 0.00442217 0.138853
0 0.821276 0.774724 0.00717894 0.00460649 0.137083
0 0.250493 0.791026 0.00744303 0.00419124 0.133681
0 0.705386 0.920319 0.0128027 0.0104062 0.129899
0 0.300125 0.928099 0.00694646 0.00485914 0.118421
0 0.160467 0.525181 0.0100039 0.00687689 0.117753
0 0.28886 0.393108 0.00768969 0.00454287 0.117153
0 0.051662 0.155354 0.00793791 0.00598117 0.110072
0 0.00192301 0.819245 0.00384602 0.00614579 0.109715
0 0.341614 0.634988 0.00615962 0.00472048 0.106144
0 0.363965 0.0375737 0.00860643 0.00626145 0.730754
0 0.165788 0.43361 0.00590579 0.00463164 0.689078
0 0.0595782 0.152347 0.00755535 0.00500766 0.611032
0 0.461052 0.961919 0.00910767 0.00599339 0.577186
0 0.0931784 0.393068 0.00657305 0.00430042 0.573182
0 0.416801 0.196039 0.00660161 0.00384553 0.541281
0 0.0802821 0.318908 0.00821353 0.00523225 0.499009
0 0.0606371 0.758025 0.00627668 0.00435553 0.495134
0 0.226401 0.241029 0.0065755 0.00406193 0.42973
0 0.883713 0.247405 0.00714755 0.00430002 0.418944
0 0.375059 0.548327 0.00556084 0.00402594 0.405557
0 0.240978 0.253506 0.00693915 0.00405868 0.403383
0 0.303456 0.321807 0.00678639 0.00439802 0.393126
0 0.0629629 0.356106 0.00728665 0.00438959 0.391317
0 0.101183 0.415393 0.00761393 0.00494723 0.385787
0 0.0863166 0.767154 0.00689474 0.003975 0.362271
0 0.359277 0.693546 0.00644433 0.00434935 0.360633
0 0.00152614 0.23249 0.00302557 0.00630469 0.353323
0 0.178786 0.771491 0.00743127 0.00420942 0.352281
0 0.150797 0.491157 0.00743347 0.00432457 0.33196
0 0.152145 0.743455 0.00576129 0.00434967 0.323419
0 0.845374 0.267529 0.0147618 0.0091981 0.29531
0 0.0754203 0.772133 0.0077688 0.00538668 0.284117
0 0.180341 0.984276 0.00743206 0.00509197 0.283717
0 0.148128 0.441457 0.00833789 0.0050358 0.27994
0 0.305497 0.239836 0.00686793 0.00490239 0.279125
0 0.915537 0.16207 0.0132399 0.00779001 0.270188
0 0.302494 0.245597 0.00701141 0.00483512 0.26075
0 0.0919516 0.355855 0.00733905 0.00503765 0.258323
0 0.297445 0.0385224 0.00803908 0.00541266 0.250629
0 0.081305 0.422454 0.00869696 0.00598491 0.244448
0 0.330437 0.340313 0.01117 0.0058655 0.242622
0 0.0994026 0.439273 0.00878613 0.00488392 0.22997
0 0.641598 0.904507 0.00610753 0.00447179 0.229218
0 0.707482 0.262892 0.00653911 0.00445012 0.227089
0 0.25727 0.419775 0.00773696 0.00434766 0.223355
0 0.434784 0.970879 0.00708604 0.00437202 0.221285
0 0.304664 0.652448 0.00968921 0.00656226 0.217943
0 0.117674 0.361325 0.00986729 0.00573334 0.204194
0 0.337229 0.840798 0.00605237 0.00427029 0.201006
0 0.548529 0.66978 0.00810011 0.0048974 0.198003
0 0.499284 0.614071 0.00707877 0.00498232 0.191751
0 0.195229 0.151244 0.00672815 0.00478896 0.190927
0 0.296116 0.20005 0.00712818 0.0044229 0.183943
0 0.424915 0.778304 0.0087653 0.00499331 0.17139
0 0.0461115 0.339873 0.00805408 0.00479366 0.165614
0 0.0916344 0.416703 0.0107602 0.00734367 0.161657
0 0.359413 0.7867 0.00744311 0.00476301 0.153152
0 0.0735424 0.274322 0.00935944 0.0051863 0.149917
0 0.31921 0.233644 0.00703271 0.00460403 0.145961
0 0.562029 0.948301 0.00674792 0.00459418 0.144786
0 0.373412 0.821472 0.00738919 0.00449546 0.144715
0 0.463461 0.881716 0.00641632 0.00503405 0.144275
0 0.29768 0.390974 0.00664055 0.00442217 0.138853
0 0.821276 0.774724 0.00717894 0.00460649 0.137083
0 0.250493 0.791026 0.00744303 0.00419124 0.133681
0 0.705386 0.920319 0.0128027 0.0104062 0.129899
0 0.300125 0.928099 0.00694646 0.00485914 0.118421
0 0.160467 0.525181 0.0100039 0.00687689 0.117753
0 0.28886 0.393108 0.00768969 0.00454287 0.117153
0 0.051662 0.155354 0.00793791 0.00598117 0.110072
0 0.00192301 0.819245 0.00384602 0.00614579 0.109715
0 0.341614 0.634988 0.00615962 0.00472048 0.106144
0 0.363965 0.0375737 0.00860643 0.00626145 0.730754
0 0.165788 0.43361 0.00590579 0.00463164 0.689078
0 0.0595782 0.152347 0.00755535 0.00500766 0.611032
0 0.461052 0.961919 0.00910767 0.00599339 0.577186
0 0.0931784 0.393068 0.00657305 0.00430042 0.573182
0 0.416801 0.196039 0.00660161 0.00384553 0.541281
0 0.0802821 0.318908 0.00821353 0.00523225 0.499009
0 0.0606371 0.758025 0.00627668 0.00435553 0.495134
0 0.226401 0.241029 0.0065755 0.00406193 0.42973
0 0.883713 0.247405 0.00714755 0.00430002 0.418944
0 0.375059 0.548327 0.00556084 0.00402594 0.405557
0 0.240978 0.253506 0.00693915 0.00405868 0.403383
0 0.303456 0.321807 0.00678639 0.00439802 0.393126
0 0.0629629 0.356106 0.00728665 0.00438959 0.391317
0 0.101183 0.415393 0.00761393 0.00494723 0.385787
0 0.0863166 0.767154 0.00689474 0.003975 0.362271
0 0.359277 0.693546 0.00644433 0.00434935 0.360633
0 0.00152614 0.23249 0.00302557 0.00630469 0.353323
0 0.178786 0.771491 0.00743127 0.00420942 0.352281
0 0.150797 0.491157 0.00743347 0.00432457 0.33196
0 0.152145 0.743455 0.00576129 0.00434967 0.323419
0 0.845374 0.267529 0.0147618 0.0091981 0.29531
0 0.0754203 0.772133 0.0077688 0.00538668 0.284117
0 0.180341 0.984276 0.00743206 0.00509197 0.283717
0 0.148128 0.441457 0.00833789 0.0050358 0.27994
0 0.305497 0.239836 0.00686793 0.00490239 0.279125
0 0.915537 0.16207 0.0132399 0.00779001 0.270188
0 0.302494 0.245597 0.00701141 0.00483512 0.26075
0 0.0919516 0.355855 0.00733905 0.00503765 0.258323
0 0.297445 0.0385224 0.00803908 0.00541266 0.250629
0 0.081305 0.422454 0.00869696 0.00598491 0.244448
0 0.330437 0.340313 0.01117 0.0058655 0.242622
0 0.0994026 0.439273 0.00878613 0.00488392 0.22997
0 0.641598 0.904507 0.00610753 0.00447179 0.229218
0 0.707482 0.262892 0.00653911 0.00445012 0.227089
0 0.25727 0.419775 0.00773696 0.00434766 0.223355
0 0.434784 0.970879 0.00708604 0.00437202 0.221285
0 0.304664 0.652448 0.00968921 0.00656226 0.217943
0 0.117674 0.361325 0.00986729 0.00573334 0.204194
0 0.337229 0.840798 0.00605237 0.00427029 0.201006
0 0.548529 0.66978 0.00810011 0.0048974 0.198003
0 0.499284 0.614071 0.00707877 0.00498232 0.191751
0 0.195229 0.151244 0.00672815 0.00478896 0.190927
0 0.296116 0.20005 0.00712818 0.0044229 0.183943
0 0.424915 0.778304 0.0087653 0.00499331 0.17139
0 0.0461115 0.339873 0.00805408 0.00479366 0.165614
0 0.0916344 0.416703 0.0107602 0.00734367 0.161657
0 0.359413 0.7867 0.00744311 0.00476301 0.153152
0 0.0735424 0.274322 0.00935944 0.0051863 0.149917
0 0.31921 0.233644 0.00703271 0.00460403 0.145961
0 0.562029 0.948301 0.00674792 0.00459418 0.144786
0 0.373412 0.821472 0.00738919 0.00449546 0.144715
0 0.463461 0.881716 0.00641632 0.00503405 0.144275
0 0.29768 0.390974 0.00664055 0.00442217 0.138853
0 0.821276 0.774724 0.00717894 0.00460649 0.137083
0 0.250493 0.791026 0.00744303 0.00419124 0.133681
0 0.705386 0.920319 0.0128027 0.0104062 0.129899
0 0.300125 0.928099 0.00694646 0.00485914 0.118421
0 0.160467 0.525181 0.0100039 0.00687689 0.117753
0 0.28886 0.393108 0.00768969 0.00454287 0.117153
0 0.051662 0.155354 0.00793791 0.00598117 0.110072
0 0.00192301 0.819245 0.00384602 0.00614579 0.109715
0 0.341614 0.634988 0.00615962 0.00472048 0.106144
0 0.363965 0.0375737 0.00860643 0.00626145 0.730754
0 0.165788 0.43361 0.00590579 0.00463164 0.689078
0 0.0595782 0.152347 0.00755535 0.00500766 0.611032
0 0.461052 0.961919 0.00910767 0.00599339 0.577186
0 0.0931784 0.393068 0.00657305 0.00430042 0.573182
0 0.416801 0.196039 0.00660161 0.00384553 0.541281
0 0.0802821 0.318908 0.00821353 0.00523225 0.499009
0 0.0606371 0.758025 0.00627668 0.00435553 0.495134
0 0.226401 0.241029 0.0065755 0.00406193 0.42973
0 0.883713 0.247405 0.00714755 0.00430002 0.418944
0 0.375059 0.548327 0.00556084 0.00402594 0.405557
0 0.240978 0.253506 0.00693915 0.00405868 0.403383
0 0.303456 0.321807 0.00678639 0.00439802 0.393126
0 0.0629629 0.356106 0.00728665 0.00438959 0.391317
0 0.101183 0.415393 0.00761393 0.00494723 0.385787
0 0.0863166 0.767154 0.00689474 0.003975 0.362271
0 0.359277 0.693546 0.00644433 0.00434935 0.360633
0 0.00152614 0.23249 0.00302557 0.00630469 0.353323
0 0.178786 0.771491 0.00743127 0.00420942 0.352281
0 0.150797 0.491157 0.00743347 0.00432457 0.33196
0 0.152145 0.743455 0.00576129 0.00434967 0.323419
0 0.845374 0.267529 0.0147618 0.0091981 0.29531
0 0.0754203 0.772133 0.0077688 0.00538668 0.284117
0 0.180341 0.984276 0.00743206 0.00509197 0.283717
0 0.148128 0.441457 0.00833789 0.0050358 0.27994
0 0.305497 0.239836 0.00686793 0.00490239 0.279125
0 0.915537 0.16207 0.0132399 0.00779001 0.270188
0 0.302494 0.245597 0.00701141 0.00483512 0.26075
0 0.0919516 0.355855 0.00733905 0.00503765 0.258323
0 0.297445 0.0385224 0.00803908 0.00541266 0.250629
0 0.081305 0.422454 0.00869696 0.00598491 0.244448
0 0.330437 0.340313 0.01117 0.0058655 0.242622
0 0.0994026 0.439273 0.00878613 0.00488392 0.22997
0 0.641598 0.904507 0.00610753 0.00447179 0.229218
0 0.707482 0.262892 0.00653911 0.00445012 0.227089
0 0.25727 0.419775 0.00773696 0.00434766 0.223355
0 0.434784 0.970879 0.00708604 0.00437202 0.221285
0 0.304664 0.652448 0.00968921 0.00656226 0.217943
0 0.117674 0.361325 0.00986729 0.00573334 0.204194
0 0.337229 0.840798 0.00605237 0.00427029 0.201006
0 0.548529 0.66978 0.00810011 0.0048974 0.198003
0 0.499284 0.614071 0.00707877 0.00498232 0.191751
0 0.195229 0.151244 0.00672815 0.00478896 0.190927
0 0.296116 0.20005 0.00712818 0.0044229 0.183943
0 0.424915 0.778304 0.0087653 0.00499331 0.17139
0 0.0461115 0.339873 0.00805408 0.00479366 0.165614
0 0.0916344 0.416703 0.0107602 0.00734367 0.161657
0 0.359413 0.7867 0.00744311 0.00476301 0.153152
0 0.0735424 0.274322 0.00935944 0.0051863 0.149917
0 0.31921 0.233644 0.00703271 0.00460403 0.145961
0 0.562029 0.948301 0.00674792 0.00459418 0.144786
0 0.373412 0.821472 0.00738919 0.00449546 0.144715
0 0.463461 0.881716 0.00641632 0.00503405 0.144275
0 0.29768 0.390974 0.00664055 0.00442217 0.138853
0 0.821276 0.774724 0.00717894 0.00460649 0.137083
0 0.250493 0.791026 0.00744303 0.00419124 0.133681
0 0.705386 0.920319 0.0128027 0.0104062 0.129899
0 0.300125 0.928099 0.00694646 0.00485914 0.118421
0 0.160467 0.525181 0.0100039 0.00687689 0.117753
0 0.28886 0.393108 0.00768969 0.00454287 0.117153
0 0.051662 0.155354 0.00793791 0.00598117 0.110072
0 0.00192301 0.819245 0.00384602 0.00614579 0.109715
0 0.341614 0.634988 0.00615962 0.00472048 0.106144
0 0.363965 0.0375737 0.00860643 0.00626145 0.730754
0 0.165788 0.43361 0.00590579 0.00463164 0.689078
0 0.0595782 0.152347 0.00755535 0.00500766 0.611032
0 0.461052 0.961919 0.00910767 0.00599339 0.577186
0 0.0931784 0.393068 0.00657305 0.00430042 0.573182
0 0.416801 0.196039 0.00660161 0.00384553 0.541281
0 0.0802821 0.318908 0.00821353 0.00523225 0.499009
0 0.0606371 0.758025 0.00627668 0.00435553 0.495134
0 0.226401 0.241029 0.0065755 0.00406193 0.42973
0 0.883713 0.247405 0.00714755 0.00430002 0.418944
0 0.375059 0.548327 0.00556084 0.00402594 0.405557
0 0.240978 0.253506 0.00693915 0.00405868 0.403383
0 0.303456 0.321807 0.00678639 0.00439802 0.393126
0 0.0629629 0.356106 0.00728665 0.00438959 0.391317
0 0.101183 0.415393 0.00761393 0.00494723 0.385787
0 0.0863166 0.767154 0.00689474 0.003975 0.362271
0 0.359277 0.693546 0.00644433 0.00434935 0.360633
0 0.00152614 0.23249 0.00302557 0.00630469 0.353323
0 0.178786 0.771491 0.00743127 0.00420942 0.352281
0 0.150797 0.491157 0.00743347 0.00432457 0.33196
0 0.152145 0.743455 0.00576129 0.00434967 0.323419
0 0.845374 0.267529 0.0147618 0.0091981 0.29531
0 0.0754203 0.772133 0.0077688 0.00538668 0.284117
0 0.180341 0.984276 0.00743206 0.00509197 0.283717
0 0.148128 0.441457 0.00833789 0.0050358 0.27994
0 0.305497 0.239836 0.00686793 0.00490239 0.279125
0 0.915537 0.16207 0.0132399 0.00779001 0.270188
0 0.302494 0.245597 0.00701141 0.00483512 0.26075
0 0.0919516 0.355855 0.00733905 0.00503765 0.258323
0 0.297445 0.0385224 0.00803908 0.00541266 0.250629
0 0.081305 0.422454 0.00869696 0.00598491 0.244448
0 0.330437 0.340313 0.01117 0.0058655 0.242622
0 0.0994026 0.439273 0.00878613 0.00488392 0.22997
0 0.641598 0.904507 0.00610753 0.00447179 0.229218
0 0.707482 0.262892 0.00653911 0.00445012 0.227089
0 0.25727 0.419775 0.00773696 0.00434766 0.223355
0 0.434784 0.970879 0.00708604 0.00437202 0.221285
0 0.304664 0.652448 0.00968921 0.00656226 0.217943
0 0.117674 0.361325 0.00986729 0.00573334 0.204194
0 0.337229 0.840798 0.00605237 0.00427029 0.201006
0 0.548529 0.66978 0.00810011 0.0048974 0.198003
0 0.499284 0.614071 0.00707877 0.00498232 0.191751
0 0.195229 0.151244 0.00672815 0.00478896 0.190927
0 0.296116 0.20005 0.00712818 0.0044229 0.183943
0 0.424915 0.778304 0.0087653 0.00499331 0.17139
0 0.0461115 0.339873 0.00805408 0.00479366 0.165614
0 0.0916344 0.416703 0.0107602 0.00734367 0.161657
0 0.359413 0.7867 0.00744311 0.00476301 0.153152
0 0.0735424 0.274322 0.00935944 0.0051863 0.149917
0 0.31921 0.233644 0.00703271 0.00460403 0.145961
0 0.562029 0.948301 0.00674792 0.00459418 0.144786
0 0.373412 0.821472 0.00738919 0.00449546 0.144715
0 0.463461 0.881716 0.00641632 0.00503405 0.144275
0 0.29768 0.390974 0.00664055 0.00442217 0.138853
0 0.821276 0.774724 0.00717894 0.00460649 0.137083
0 0.250493 0.791026 0.00744303 0.00419124 0.133681
0 0.705386 0.920319 0.0128027 0.0104062 0.129899
0 0.300125 0.928099 0.00694646 0.00485914 0.118421
0 0.160467 0.525181 0.0100039 0.00687689 0.117753
0 0.28886 0.393108 0.00768969 0.00454287 0.117153
0 0.051662 0.155354 0.00793791 0.00598117 0.110072
0 0.00192301 0.819245 0.00384602 0.00614579 0.109715
0 0.341614 0.634988 0.00615962 0.00472048 0.106144
0 0.363965 0.0375737 0.00860643 0.00626145 0.730754
0 0.165788 0.43361 0.00590579 0.00463164 0.689078
0 0.0595782 0.152347 0.00755535 0.00500766 0.611032
0 0.461052 0.961919 0.00910767 0.00599339 0.577186
0 0.0931784 0.393068 0.00657305 0.00430042 0.573182
0 0.416801 0.196039 0.00660161 0.00384553 0.541281
0 0.0802821 0.318908 0.00821353 0.00523225 0.499009
0 0.0606371 0.758025 0.00627668 0.00435553 0.495134
0 0.226401 0.241029 0.0065755 0.00406193 0.42973
0 0.883713 0.247405 0.00714755 0.00430002 0.418944
0 0.375059 0.548327 0.00556084 0.00402594 0.405557
0 0.240978 0.253506 0.00693915 0.00405868 0.403383
0 0.303456 0.321807 0.00678639 0.00439802 0.393126
0 0.0629629 0.356106 0.00728665 0.00438959 0.391317
0 0.101183 0.415393 0.00761393 0.00494723 0.385787
0 0.0863166 0.767154 0.00689474 0.003975 0.362271
0 0.359277 0.693546 0.00644433 0.00434935 0.360633
0 0.00152614 0.23249 0.00302557 0.00630469 0.353323
0 0.178786 0.771491 0.00743127 0.00420942 0.352281
0 0.150797 0.491157 0.00743347 0.00432457 0.33196
0 0.152145 0.743455 0.00576129 0.00434967 0.323419
0 0.845374 0.267529 0.0147618 0.0091981 0.29531
0 0.0754203 0.772133 0.0077688 0.00538668 0.284117
0 0.180341 0.984276 0.00743206 0.00509197 0.283717
0 0.148128 0.441457 0.00833789 0.0050358 0.27994
0 0.305497 0.239836 0.00686793 0.00490239 0.279125
0 0.915537 0.16207 0.0132399 0.00779001 0.270188
0 0.302494 0.245597 0.00701141 0.00483512 0.26075
0 0.0919516 0.355855 0.00733905 0.00503765 0.258323
0 0.297445 0.0385224 0.00803908 0.00541266 0.250629
0 0.081305 0.422454 0.00869696 0.00598491 0.244448
0 0.330437 0.340313 0.01117 0.0058655 0.242622
0 0.0994026 0.439273 0.00878613 0.00488392 0.22997
0 0.641598 0.904507 0.00610753 0.00447179 0.229218
0 0.707482 0.262892 0.00653911 0.00445012 0.227089
0 0.25727 0.419775 0.00773696 0.00434766 0.223355
0 0.434784 0.970879 0.00708604 0.00437202 0.221285
0 0.304664 0.652448 0.00968921 0.00656226 0.217943
0 0.117674 0.361325 0.00986729 0.00573334 0.204194
0 0.337229 0.840798 0.00605237 0.00427029 0.201006
0 0.548529 0.66978 0.00810011 0.0048974 0.198003
0 0.499284 0.614071 0.00707877 0.00498232 0.191751
0 0.195229 0.151244 0.00672815 0.00478896 0.190927
0 0.296116 0.20005 0.00712818 0.0044229 0.183943
0 0.424915 0.778304 0.0087653 0.00499331 0.17139
0 0.0461115 0.339873 0.00805408 0.00479366 0.165614
0 0.0916344 0.416703 0.0107602 0.00734367 0.161657
0 0.359413 0.7867 0.00744311 0.00476301 0.153152
0 0.0735424 0.274322 0.00935944 0.0051863 0.149917
0 0.31921 0.233644 0.00703271 0.00460403 0.145961
0 0.562029 0.948301 0.00674792 0.00459418 0.144786
0 0.373412 0.821472 0.00738919 0.00449546 0.144715
0 0.463461 0.881716 0.00641632 0.00503405 0.144275
0 0.29768 0.390974 0.00664055 0.00442217 0.138853
0 0.821276 0.774724 0.00717894 0.00460649 0.137083
0 0.250493 0.791026 0.00744303 0.00419124 0.133681
0 0.705386 0.920319 0.0128027 0.0104062 0.129899
0 0.300125 0.928099 0.00694646 0.00485914 0.118421
0 0.160467 0.525181 0.0100039 0.00687689 0.117753
0 0.28886 0.393108 0.00768969 0.00454287 0.117153
0 0.051662 0.155354 0.00793791 0.00598117 0.110072
0 0.00192301 0.819245 0.00384602 0.00614579 0.109715
0 0.341614 0.634988 0.00615962 0.00472048 0.106144
0 0.363965 0.0375737 0.00860643 0.00626145 0.730754
0 0.165788 0.43361 0.00590579 0.00463164 0.689078
0 0.0595782 0.152347 0.00755535 0.00500766 0.611032
0 0.461052 0.961919 0.00910767 0.00599339 0.577186
0 0.0931784 0.393068 0.00657305 0.00430042 0.573182
0 0.416801 0.196039 0.00660161 0.00384553 0.541281
0 0.0802821 0.318908 0.00821353 0.00523225 0.499009
0 0.0606371 0.758025 0.00627668 0.00435553 0.495134
0 0.226401 0.241029 0.0065755 0.00406193 0.42973
0 0.883713 0.247405 0.00714755 0.00430002 0.418944
0 0.375059 0.548327 0.00556084 0.00402594 0.405557
0 0.240978 0.253506 0.00693915 0.00405868 0.403383
0 0.303456 0.321807 0.00678639 0.00439802 0.393126
0 0.0629629 0.356106 0.00728665 0.00438959 0.391317
0 0.101183 0.415393 0.00761393 0.00494723 0.385787
0 0.0863166 0.767154 0.00689474 0.003975 0.362271
0 0.359277 0.693546 0.00644433 0.00434935 0.360633
0 0.00152614 0.23249 0.00302557 0.00630469 0.353323
0 0.178786 0.771491 0.00743127 0.00420942 0.352281
0 0.150797 0.491157 0.00743347 0.00432457 0.33196
0 0.152145 0.743455 0.00576129 0.00434967 0.323419
0 0.845374 0.267529 0.0147618 0.0091981 0.29531
0 0.0754203 0.772133 0.0077688 0.00538668 0.284117
0 0.180341 0.984276 0.00743206 0.00509197 0.283717
0 0.148128 0.441457 0.00833789 0.0050358 0.27994
0 0.305497 0.239836 0.00686793 0.00490239 0.279125
0 0.915537 0.16207 0.0132399 0.00779001 0.270188
0 0.302494 0.245597 0.00701141 0.00483512 0.26075
0 0.0919516 0.355855 0.00733905 0.00503765 0.258323
0 0.297445 0.0385224 0.00803908 0.00541266 0.250629
0 0.081305 0.422454 0.00869696 0.00598491 0.244448
0 0.330437 0.340313 0.01117 0.0058655 0.242622
0 0.0994026 0.439273 0.00878613 0.00488392 0.22997
0 0.641598 0.904507 0.00610753 0.00447179 0.229218
0 0.707482 0.262892 0.00653911 0.00445012 0.227089
0 0.25727 0.419775 0.00773696 0.00434766 0.223355
0 0.434784 0.970879 0.00708604 0.00437202 0.221285
0 0.304664 0.652448 0.00968921 0.00656226 0.217943
0 0.117674 0.361325 0.00986729 0.00573334 0.204194
0 0.337229 0.840798 0.00605237 0.00427029 0.201006
0 0.548529 0.66978 0.00810011 0.0048974 0.198003
0 0.499284 0.614071 0.00707877 0.00498232 0.191751
0 0.195229 0.151244 0.00672815 0.00478896 0.190927
0 0.296116 0.20005 0.00712818 0.0044229 0.183943
0 0.424915 0.778304 0.0087653 0.00499331 0.17139
0 0.0461115 0.339873 0.00805408 0.00479366 0.165614
0 0.0916344 0.416703 0.0107602 0.00734367 0.161657
0 0.359413 0.7867 0.00744311 0.00476301 0.153152
0 0.0735424 0.274322 0.00935944 0.0051863 0.149917
0 0.31921 0.233644 0.00703271 0.00460403 0.145961
0 0.562029 0.948301 0.00674792 0.00459418 0.144786
0 0.373412 0.821472 0.00738919 0.00449546 0.144715
0 0.463461 0.881716 0.00641632 0.00503405 0.144275
0 0.29768 0.390974 0.00664055 0.00442217 0.138853
0 0.821276 0.774724 0.00717894 0.00460649 0.137083
0 0.250493 0.791026 0.00744303 0.00419124 0.133681
0 0.705386 0.920319 0.0128027 0.0104062 0.129899
0 0.300125 0.928099 0.00694646 0.00485914 0.118421
0 0.160467 0.525181 0.0100039 0.00687689 0.117753
0 0.28886 0.393108 0.00768969 0.00454287 0.117153
0 0.051662 0.155354 0.00793791 0.00598117 0.110072
0 0.00192301 0.819245 0.00384602 0.00614579 0.109715
0 0.341614 0.634988 0.00615962 0.00472048 0.106144
0 0.0377965 0.769001 0.00922844 0.00648953 0.623272
0 0.979468 0.8802 0.00783632 0.00579041 0.57248
0 0.876386 0.961964 0.0140533 0.0111293 0.489643
0 0.79161 0.783783 0.00997037 0.00794819 0.468222
0 0.132899 0.873823 0.00853425 0.00632023 0.381449
0 0.00132271 0.841341 0.00264543 0.00907153 0.209126
0 0.3246 0.953944 0.00775358 0.00619537 0.125485
0 0.0846557 0.740989 0.0171619 0.0123361 0.122192
0 0.667957 0.99609 0.00989549 0.00782098 0.886783
0 0.741237 0.989347 0.00891113 0.00737974 0.776738
0 0.805088 0.748528 0.00989375 0.00791834 0.712757
0 0.559008 0.0797557 0.00932288 0.00616441 0.629306
0 0.893616 0.926134 0.0135372 0.0109737 0.626753
0 0.880863 0.936267 0.00929478 0.00746676 0.534898
0 0.29547 0.89617 0.00711516 0.00565302 0.522032
0 0.0470818 0.745108 0.00960436 0.00660185 0.449555
0 0.403283 0.660491 0.00978008 0.00800481 0.311984
0 0.805671 0.724001 0.00770706 0.00577006 0.261744
0 0.991127 0.841643 0.00785061 0.00597672 0.254718
0 0.984457 0.82646 0.00725713 0.00599592 0.168533
0 0.00327322 0.794148 0.00654643 0.00730115 0.142294
0 0.843156 0.521383 0.00621037 0.00695989 0.361358
0 0.686848 0.787568 0.00600744 0.00710367 0.215098
0 0.263428 0.944966 0.00593101 0.00753677 0.16661
0 0.584051 0.767008 0.00609945 0.00713368 0.108807
0 0.14414 0.810617 0.00777441 0.00827701 0.101846
0 0.549023 0.00242631 0.00815282 0.00485262 0.10066
0 0.244507 0.730114 0.00610336 0.00645275 0.173802
0 0.363965 0.0375737 0.00860643 0.00626145 0.730754
0 0.165788 0.43361 0.00590579 0.00463164 0.689078
0 0.0595782 0.152347 0.00755535 0.00500766 0.611032
0 0.461052 0.961919 0.00910767 0.00599339 0.577186
0 0.0931784 0.393068 0.00657305 0.00430042 0.573182
0 0.416801 0.196039 0.00660161 0.00384553 0.541281
0 0.0802821 0.318908 0.00821353 0.00523225 0.499009
0 0.0606371 0.758025 0.00627668 0.00435553 0.495134
0 0.226401 0.241029 0.0065755 0.00406193 0.42973
0 0.883713 0.247405 0.00714755 0.00430002 0.418944
0 0.375059 0.548327 0.00556084 0.00402594 0.405557
0 0.240978 0.253506 0.00693915 0.00405868 0.403383
0 0.303456 0.321807 0.00678639 0.00439802 0.393126
0 0.0629629 0.356106 0.00728665 0.00438959 0.391317
0 0.101183 0.415393 0.00761393 0.00494723 0.385787
0 0.0863166 0.767154 0.00689474 0.003975 0.362271
0 0.359277 0.693546 0.00644433 0.00434935 0.360633
0 0.00152614 0.23249 0.00302557 0.00630469 0.353323
0 0.178786 0.771491 0.00743127 0.00420942 0.352281
0 0.150797 0.491157 0.00743347 0.00432457 0.33196
0 0.152145 0.743455 0.00576129 0.00434967 0.323419
0 0.845374 0.267529 0.0147618 0.0091981 0.29531
0 0.0754203 0.772133 0.0077688 0.00538668 0.284117
0 0.180341 0.984276 0.00743206 0.00509197 0.283717
0 0.148128 0.441457 0.00833789 0.0050358 0.27994
0 0.305497 0.239836 0.00686793 0.00490239 0.279125
0 0.915537 0.16207 0.0132399 0.00779001 0.270188
0 0.302494 0.245597 0.00701141 0.00483512 0.26075
0 0.0919516 0.355855 0.00733905 0.00503765 0.258323
0 0.297445 0.0385224 0.00803908 0.00541266 0.250629
0 0.081305 0.422454 0.00869696 0.00598491 0.244448
0 0.330437 0.340313 0.01117 0.0058655 0.242622
0 0.0994026 0.439273 0.00878613 0.00488392 0.22997
0 0.641598 0.904507 0.00610753 0.00447179 0.229218
0 0.707482 0.262892 0.00653911 0.00445012 0.227089
0 0.25727 0.419775 0.00773696 0.00434766 0.223355
0 0.434784 0.970879 0.00708604 0.00437202 0.221285
0 0.304664 0.652448 0.00968921 0.00656226 0.217943
0 0.117674 0.361325 0.00986729 0.00573334 0.204194
0 0.337229 0.840798 0.00605237 0.00427029 0.201006
0 0.548529 0.66978 0.00810011 0.0048974 0.198003
0 0.499284 0.614071 0.00707877 0.00498232 0.191751
0 0.195229 0.151244 0.00672815 0.00478896 0.190927
0 0.296116 0.20005 0.00712818 0.0044229 0.183943
0 0.424915 0.778304 0.0087653 0.00499331 0.17139
0 0.0461115 0.339873 0.00805408 0.00479366 0.165614
0 0.0916344 0.416703 0.0107602 0.00734367 0.161657
0 0.359413 0.7867 0.00744311 0.00476301 0.153152
0 0.0735424 0.274322 0.00935944 0.0051863 0.149917
0 0.31921 0.233644 0.00703271 0.00460403 0.145961
0 0.562029 0.948301 0.00674792 0.00459418 0.144786
0 0.373412 0.821472 0.00738919 0.00449546 0.144715
0 0.463461 0.881716 0.00641632 0.00503405 0.144275
0 0.29768 0.390974 0.00664055 0.00442217 0.138853
0 0.821276 0.774724 0.00717894 0.00460649 0.137083
0 0.250493 0.791026 0.00744303 0.00419124 0.133681
0 0.705386 0.920319 0.0128027 0.0104062 0.129899
0 0.300125 0.928099 0.00694646 0.00485914 0.118421
0 0.160467 0.525181 0.0100039 0.00687689 0.117753
0 0.28886 0.393108 0.00768969 0.00454287 0.117153
0 0.051662 0.155354 0.00793791 0.00598117 0.110072
0 0.00192301 0.819245 0.00384602 0.00614579 0.109715
0 0.341614 0.634988 0.00615962 0.00472048 0.106144
0 0.363965 0.0375737 0.00860643 0.00626145 0.730754
0 0.165788 0.43361 0.00590579 0.00463164 0.689078
0 0.0595782 0.152347 0.00755535 0.00500766 0.611032
0 0.461052 0.961919 0.00910767 0.00599339 0.577186
0 0.0931784 0.393068 0.00657305 0.00430042 0.573182
0 0.416801 0.196039 0.00660161 0.00384553 0.541281
0 0.0802821 0.318908 0.00821353 0.00523225 0.499009
0 0.0606371 0.758025 0.00627668 0.00435553 0.495134
0 0.226401 0.241029 0.0065755 0.00406193 0.42973
0 0.883713 0.247405 0.00714755 0.00430002 0.418944
0 0.375059 0.548327 0.00556084 0.00402594 0.405557
0 0.240978 0.253506 0.00693915 0.00405868 0.403383
0 0.303456 0.321807 0.00678639 0.00439802 0.393126
0 0.0629629 0.356106 0.00728665 0.00438959 0.391317
0 0.101183 0.415393 0.00761393 0.00494723 0.385787
0 0.0863166 0.767154 0.00689474 0.003975 0.362271
0 0.359277 0.693546 0.00644433 0.00434935 0.360633
0 0.00152614 0.23249 0.00302557 0.00630469 0.353323
0 0.178786 0.771491 0.00743127 0.00420942 0.352281
0 0.150797 0.491157 0.00743347 0.00432457 0.33196
0 0.152145 0.743455 0.00576129 0.00434967 0.323419
0 0.845374 0.267529 0.0147618 0.0091981 0.29531
0 0.0754203 0.772133 0.0077688 0.00538668 0.284117
0 0.180341 0.984276 0.00743206 0.00509197 0.283717
0 0.148128 0.441457 0.00833789 0.0050358 0.27994
0 0.305497 0.239836 0.00686793 0.00490239 0.279125
0 0.915537 0.16207 0.0132399 0.00779001 0.270188
0 0.302494 0.245597 0.00701141 0.00483512 0.26075
0 0.0919516 0.355855 0.00733905 0.00503765 0.258323
0 0.297445 0.0385224 0.00803908 0.00541266 0.250629
0 0.081305 0.422454 0.00869696 0.00598491 0.244448
0 0.330437 0.340313 0.01117 0.0058655 0.242622
0 0.0994026 0.439273 0.00878613 0.00488392 0.22997
0 0.641598 0.904507 0.00610753 0.00447179 0.229218
0 0.707482 0.262892 0.00653911 0.00445012 0.227089
0 0.25727 0.419775 0.00773696 0.00434766 0.223355
0 0.434784 0.970879 0.00708604 0.00437202 0.221285
0 0.304664 0.652448 0.00968921 0.00656226 0.217943
0 0.117674 0.361325 0.00986729 0.00573334 0.204194
0 0.337229 0.840798 0.00605237 0.00427029 0.201006
0 0.548529 0.66978 0.00810011 0.0048974 0.198003
0 0.499284 0.614071 0.00707877 0.00498232 0.191751
0 0.195229 0.151244 0.00672815 0.00478896 0.190927
0 0.296116 0.20005 0.00712818 0.0044229 0.183943
0 0.424915 0.778304 0.0087653 0.00499331 0.17139
0 0.0461115 0.339873 0.00805408 0.00479366 0.165614
0 0.0916344 0.416703 0.0107602 0.00734367 0.161657
0 0.359413 0.7867 0.00744311 0.00476301 0.153152
0 0.0735424 0.274322 0.00935944 0.0051863 0.149917
0 0.31921 0.233644 0.00703271 0.00460403 0.145961
0 0.562029 0.948301 0.00674792 0.00459418 0.144786
0 0.373412 0.821472 0.00738919 0.00449546 0.144715
0 0.463461 0.881716 0.00641632 0.00503405 0.144275
0 0.29768 0.390974 0.00664055 0.00442217 0.138853
0 0.821276 0.774724 0.00717894 0.00460649 0.137083
0 0.250493 0.791026 0.00744303 0.00419124 0.133681
0 0.705386 0.920319 0.0128027 0.0104062 0.129899
0 0.300125 0.928099 0.00694646 0.00485914 0.118421
0 0.160467 0.525181 0.0100039 0.00687689 0.117753
0 0.28886 0.393108 0.00768969 0.00454287 0.117153
0 0.051662 0.155354 0.00793791 0.00598117 0.110072
0 0.00192301 0.819245 0.00384602 0.00614579 0.109715
0 0.341614 0.634988 0.00615962 0.00472048 0.106144
0 0.363965 0.0375737 0.00860643 0.00626145 0.730754
0 0.165788 0.43361 0.00590579 0.00463164 0.689078
0 0.0595782 0.152347 0.00755535 0.00500766 0.611032
0 0.461052 0.961919 0.00910767 0.00599339 0.577186
0 0.0931784 0.393068 0.00657305 0.00430042 0.573182
0 0.416801 0.196039 0.00660161 0.00384553 0.541281
0 0.0802821 0.318908 0.00821353 0.00523225 0.499009
0 0.0606371 0.758025 0.00627668 0.00435553 0.495134
0 0.226401 0.241029 0.0065755 0.00406193 0.42973
0 0.883713 0.247405 0.00714755 0.00430002 0.418944
0 0.375059 0.548327 0.00556084 0.00402594 0.405557
0 0.240978 0.253506 0.00693915 0.00405868 0.403383
0 0.303456 0.321807 0.00678639 0.00439802 0.393126
0 0.0629629 0.356106 0.00728665 0.00438959 0.391317
0 0.101183 0.415393 0.00761393 0.00494723 0.385787
0 0.0863166 0.767154 0.00689474 0.003975 0.362271
0 0.359277 0.693546 0.00644433 0.00434935 0.360633
0 0.00152614 0.23249 0.00302557 0.00630469 0.353323
0 0.178786 0.771491 0.00743127 0.00420942 0.352281
0 0.150797 0.491157 0.00743347 0.00432457 0.33196
0 0.152145 0.743455 0.00576129 0.00434967 0.323419
0 0.845374 0.267529 0.0147618 0.0091981 0.29531
0 0.0754203 0.772133 0.0077688 0.00538668 0.284117
0 0.180341 0.984276 0.00743206 0.00509197 0.283717
0 0.148128 0.441457 0.00833789 0.0050358 0.27994
0 0.305497 0.239836 0.00686793 0.00490239 0.279125
0 0.915537 0.16207 0.0132399 0.00779001 0.270188
0 0.302494 0.245597 0.00701141 0.00483512 0.26075
0 0.0919516 0.355855 0.00733905 0.00503765 0.258323
0 0.297445 0.0385224 0.00803908 0.00541266 0.250629
0 0.081305 0.422454 0.00869696 0.00598491 0.244448
0 0.330437 0.340313 0.01117 0.0058655 0.242622
0 0.0994026 0.439273 0.00878613 0.00488392 0.22997
0 0.641598 0.904507 0.00610753 0.00447179 0.229218
0 0.707482 0.262892 0.00653911 0.00445012 0.227089
0 0.25727 0.419775 0.00773696 0.00434766 0.223355
0 0.434784 0.970879 0.00708604 0.00437202 0.221285
0 0.304664 0.652448 0.00968921 0.00656226 0.217943
0 0.117674 0.361325 0.00986729 0.00573334 0.204194
0 0.337229 0.840798 0.00605237 0.00427029 0.201006
0 0.548529 0.66978 0.00810011 0.0048974 0.198003
0 0.499284 0.614071 0.00707877 0.00498232 0.191751
0 0.195229 0.151244 0.00672815 0.00478896 0.190927
0 0.296116 0.20005 0.00712818 0.0044229 0.183943
0 0.424915 0.778304 0.0087653 0.00499331 0.17139
0 0.0461115 0.339873 0.00805408 0.00479366 0.165614
0 0.0916344 0.416703 0.0107602 0.00734367 0.161657
0 0.359413 0.7867 0.00744311 0.00476301 0.153152
0 0.0735424 0.274322 0.00935944 0.0051863 0.149917
0 0.31921 0.233644 0.00703271 0.00460403 0.145961
0 0.562029 0.948301 0.00674792 0.00459418 0.144786
0 0.373412 0.821472 0.00738919 0.00449546 0.144715
0 0.463461 0.881716 0.00641632 0.00503405 0.144275
0 0.29768 0.390974 0.00664055 0.00442217 0.138853
0 0.821276 0.774724 0.00717894 0.00460649 0.137083
0 0.250493 0.791026 0.00744303 0.00419124 0.133681
0 0.705386 0.920319 0.0128027 0.0104062 0.129899
0 0.300125 0.928099 0.00694646 0.00485914 0.118421
0 0.160467 0.525181 0.0100039 0.00687689 0.117753
0 0.28886 0.393108 0.00768969 0.00454287 0.117153
0 0.051662 0.155354 0.00793791 0.00598117 0.110072
0 0.00192301 0.819245 0.00384602 0.00614579 0.109715
0 0.341614 0.634988 0.00615962 0.00472048 0.106144
0 0.218715 0.812953 0.00612553 0.00440424 0.783342
0 0.933676 0.789557 0.00799536 0.00518408 0.633943
0 0.00723815 0.789261 0.00816952 0.0065415 0.604485
0 0.354544 0.676196 0.00608093 0.00410059 0.376152
0 0.924272 0.127106 0.011225 0.0076298 0.362935
0 0.861751 0.0669637 0.0121512 0.00940009 0.301307
0 0.436249 0.4744 0.0055979 0.00369351 0.288566
0 0.961082 0.7217 0.00645996 0.00444775 0.1544
0 0.343394 0.043201 0.0072712 0.00535502 0.859303
0 0.0570644 0.902492 0.00785657 0.00526733 0.805949
0 0.594054 0.558601 0.00606608 0.00463855 0.725035
0 0.615088 0.877359 0.0075308 0.00545648 0.722227
0 0.0923452 0.617691 0.00655796 0.00445789 0.721928
0 0.793444 0.603332 0.00666146 0.00417487 0.687543
0 0.0134319 0.428389 0.00580563 0.00423822 0.682189
0 0.389524 0.533771 0.00524544 0.00433398 0.593389
0 0.868974 0.453383 0.00676774 0.0041702 0.586504
0 0.0677533 0.644274 0.005407 0.00426209 0.568936
0 0.853571 0.577877 0.00660856 0.00455524 0.521433
0 0.708634 0.344627 0.00700448 0.00496713 0.492692
0 0.475899 0.712828 0.00745622 0.00483606 0.476384
0 0.676251 0.397485 0.00649398 0.00435443 0.47446
0 0.555868 0.563861 0.00634973 0.00448651 0.441048
0 0.271987 0.295697 0.00589012 0.00443292 0.422328
0 0.498041 0.402379 0.00627507 0.00454971 0.370838
0 0.441719 0.329864 0.0096877 0.00590881 0.360516
0 0.504654 0.421004 0.00735844 0.00439996 0.359744
0 0.74727 0.254695 0.00664136 0.00469411 0.348129
0 0.857009 0.39628 0.00625415 0.00478403 0.344609
0 0.499163 0.354499 0.00589087 0.00500174 0.340408
0 0.769293 0.406166 0.00902791 0.00578821 0.323073
0 0.959625 0.65564 0.0069353 0.00459485 0.320616
0 0.534201 0.73261 0.00685758 0.0053208 0.316886
0 0.579112 0.29664 0.00911113 0.00636105 0.311512
0 0.468505 0.727153 0.00702848 0.00517047 0.281073
0 0.0716019 0.323613 0.00958084 0.0069776 0.277193
0 0.302003 0.582748 0.00792505 0.00533228 0.254178
0 0.236342 0.464995 0.00696895 0.00510925 0.243407
0 0.85374 0.349495 0.0103632 0.00691904 0.221256
0 0.174305 0.265928 0.00621189 0.00458615 0.202598
0 0.997075 0.0898891 0.00571436 0.00539607 0.200994
0 0.0763023 0.819479 0.00686805 0.00585419 0.180762
0 0.560714 0.36639 0.00682878 0.00441595 0.156327
0 0.651015 0.773719 0.00745841 0.00555823 0.153336
0 0.52381 0.475337 0.00614628 0.00465295 0.152117
0 0.429451 0.387711 0.00819918 0.00527142 0.142429
0 0.404832 0.316338 0.00670097 0.00465149 0.140837
0 0.565577 0.715239 0.00723698 0.00553082 0.134317
0 0.912489 0.702556 0.0121088 0.00969092 0.115612
0 0.456658 0.57853 0.0101539 0.0072937 0.113783
0 0.343394 0.043201 0.0072712 0.00535502 0.859303
0 0.0570644 0.902492 0.00785657 0.00526733 0.805949
0 0.594054 0.558601 0.00606608 0.00463855 0.725035
0 0.615088 0.877359 0.0075308 0.00545648 0.722227
0 0.0923452 0.617691 0.00655796 0.00445789 0.721928
0 0.793444 0.603332 0.00666146 0.00417487 0.687543
0 0.0134319 0.428389 0.00580563 0.00423822 0.682189
0 0.389524 0.533771 0.00524544 0.00433398 0.593389
0 0.868974 0.453383 0.00676774 0.0041702 0.586504
0 0.0677533 0.644274 0.005407 0.00426209 0.568936
0 0.853571 0.577877 0.00660856 0.00455524 0.521433
0 0.708634 0.344627 0.00700448 0.00496713 0.492692
0 0.475899 0.712828 0.00745622 0.00483606 0.476384
0 0.676251 0.397485 0.00649398 0.00435443 0.47446
0 0.555868 0.563861 0.00634973 0.00448651 0.441048
0 0.271987 0.295697 0.00589012 0.00443292 0.422328
0 0.498041 0.402379 0.00627507 0.00454971 0.370838
0 0.441719 0.329864 0.0096877 0.00590881 0.360516
0 0.504654 0.421004 0.00735844 0.00439996 0.359744
0 0.74727 0.254695 0.00664136 0.00469411 0.348129
0 0.857009 0.39628 0.00625415 0.00478403 0.344609
0 0.499163 0.354499 0.00589087 0.00500174 0.340408
0 0.769293 0.406166 0.00902791 0.00578821 0.323073
0 0.959625 0.65564 0.0069353 0.00459485 0.320616
0 0.534201 0.73261 0.00685758 0.0053208 0.316886
0 0.579112 0.29664 0.00911113 0.00636105 0.311512
0 0.468505 0.727153 0.00702848 0.00517047 0.281073
0 0.0716019 0.323613 0.00958084 0.0069776 0.277193
0 0.302003 0.582748 0.00792505 0.00533228 0.254178
0 0.236342 0.464995 0.00696895 0.00510925 0.243407
0 0.85374 0.349495 0.0103632 0.00691904 0.221256
0 0.174305 0.265928 0.00621189 0.00458615 0.202598
0 0.997075 0.0898891 0.00571436 0.00539607 0.200994
0 0.0763023 0.819479 0.00686805 0.00585419 0.180762
0 0.560714 0.36639 0.00682878 0.00441595 0.156327
0 0.651015 0.773719 0.00745841 0.00555823 0.153336
0 0.52381 0.475337 0.00614628 0.00465295 0.152117
0 0.429451 0.387711 0.00819918 0.00527142 0.142429
0 0.404832 0.316338 0.00670097 0.00465149 0.140837
0 0.565577 0.715239 0.00723698 0.00553082 0.134317
0 0.912489 0.702556 0.0121088 0.00969092 0.115612
0 0.456658 0.57853 0.0101539 0.0072937 0.113783
0 0.343394 0.043201 0.0072712 0.00535502 0.859303
0 0.0570644 0.902492 0.00785657 0.00526733 0.805949
0 0.594054 0.558601 0.00606608 0.00463855 0.725035
0 0.615088 0.877359 0.0075308 0.00545648 0.722227
0 0.0923452 0.617691 0.00655796 0.00445789 0.721928
0 0.793444 0.603332 0.00666146 0.00417487 0.687543
0 0.0134319 0.428389 0.00580563 0.00423822 0.682189
0 0.389524 0.533771 0.00524544 0.00433398 0.593389
0 0.868974 0.453383 0.00676774 0.0041702 0.586504
0 0.0677533 0.644274 0.005407 0.00426209 0.568936
0 0.853571 0.577877 0.00660856 0.00455524 0.521433
0 0.708634 0.344627 0.00700448 0.00496713 0.492692
0 0.475899 0.712828 0.00745622 0.00483606 0.476384
0 0.676251 0.397485 0.00649398 0.00435443 0.47446
0 0.555868 0.563861 0.00634973 0.00448651 0.441048
0 0.271987 0.295697 0.00589012 0.00443292 0.422328
0 0.498041 0.402379 0.00627507 0.00454971 0.370838
0 0.441719 0.329864 0.0096877 0.00590881 0.360516
0 0.504654 0.421004 0.00735844 0.00439996 0.359744
0 0.74727 0.254695 0.00664136 0.00469411 0.348129
0 0.857009 0.39628 0.00625415 0.00478403 0.344609
0 0.499163 0.354499 0.00589087 0.00500174 0.340408
0 0.769293 0.406166 0.00902791 0.00578821 0.323073
0 0.959625 0.65564 0.0069353 0.00459485 0.320616
0 0.534201 0.73261 0.00685758 0.0053208 0.316886
0 0.579112 0.29664 0.00911113 0.00636105 0.311512
0 0.468505 0.727153 0.00702848 0.00517047 0.281073
0 0.0716019 0.323613 0.00958084 0.0069776 0.277193
0 0.302003 0.582748 0.00792505 0.00533228 0.254178
0 0.236342 0.464995 0.00696895 0.00510925 0.243407
0 0.85374 0.349495 0.0103632 0.00691904 0.221256
0 0.174305 0.265928 0.00621189 0.00458615 0.202598
0 0.997075 0.0898891 0.00571436 0.00539607 0.200994
0 0.0763023 0.819479 0.00686805 0.00585419 0.180762
0 0.560714 0.36639 0.00682878 0.00441595 0.156327
0 0.651015 0.773719 0.00745841 0.00555823 0.153336
0 0.52381 0.475337 0.00614628 0.00465295 0.152117
0 0.429451 0.387711 0.00819918 0.00527142 0.142429
0 0.404832 0.316338 0.00670097 0.00465149 0.140837
0 0.565577 0.715239 0.00723698 0.00553082 0.134317
0 0.912489 0.702556 0.0121088 0.00969092 0.115612
0 0.456658 0.57853 0.0101539 0.0072937 0.113783
0 0.96364 0.0606473 0.00588623 0.00424049 0.431231
0 0.664717 0.349638 0.0113891 0.0081571 0.32049
0 0.74642 0.30125 0.00629744 0.00508292 0.164764
0 0.529746 0.511213 0.011269 0.00734225 0.113848
0 0.320587 0.268821 0.00875649 0.00604346 0.10587
0 0.96364 0.0606473 0.00588623 0.00424049 0.431231
0 0.664717 0.349638 0.0113891 0.0081571 0.32049
0 0.74642 0.30125 0.00629744 0.00508292 0.164764
0 0.529746 0.511213 0.011269 0.00734225 0.113848
0 0.320587 0.268821 0.00875649 0.00604346 0.10587
0 0.96364 0.0606473 0.00588623 0.00424049 0.431231
0 0.664717 0.349638 0.0113891 0.0081571 0.32049
0 0.74642 0.30125 0.00629744 0.00508292 0.164764
0 0.529746 0.511213 0.011269 0.00734225 0.113848
0 0.320587 0.268821 0.00875649 0.00604346 0.10587
0 0.339373 0.802588 0.00723503 0.00489709 0.874572
0 0.458596 0.765647 0.00718221 0.00513617 0.867341
0 0.880259 0.736271 0.00663468 0.00461725 0.836188
0 0.833033 0.836505 0.00714176 0.00499725 0.821947
0 0.657756 0.531824 0.0138363 0.0110097 0.8182
0 0.527026 0.628796 0.0057594 0.00497162 0.772102
0 0.632931 0.601415 0.0062087 0.00425269 0.765334
0 0.612091 0.8347 0.00724329 0.00517084 0.725683
0 0.176444 0.77062 0.0105827 0.00712927 0.68731
0 0.321381 0.79175 0.0105965 0.0074856 0.679344
0 0.212777 0.78669 0.00634123 0.00558435 0.67311
0 0.290826 0.642944 0.00813511 0.00561493 0.588875
0 0.853544 0.366354 0.0158591 0.0116098 0.476551
0 0.486089 0.316552 0.00895947 0.00641226 0.45943
0 0.238286 0.582031 0.0065851 0.00520807 0.345021
0 0.351574 0.469803 0.0117867 0.00929196 0.264179
0 0.00877725 0.793194 0.0168879 0.0129445 0.128401
0 0.469504 0.738979 0.00732052 0.00658301 0.104356
0 0.339373 0.802588 0.00723503 0.00489709 0.874572
0 0.458596 0.765647 0.00718221 0.00513617 0.867341
0 0.880259 0.736271 0.00663468 0.00461725 0.836188
0 0.833033 0.836505 0.00714176 0.00499725 0.821947
0 0.657756 0.531824 0.0138363 0.0110097 0.8182
0 0.527026 0.628796 0.0057594 0.00497162 0.772102
0 0.632931 0.601415 0.0062087 0.00425269 0.765334
0 0.612091 0.8347 0.00724329 0.00517084 0.725683
0 0.176444 0.77062 0.0105827 0.00712927 0.68731
0 0.321381 0.79175 0.0105965 0.0074856 0.679344
0 0.212777 0.78669 0.00634123 0.00558435 0.67311
0 0.290826 0.642944 0.00813511 0.00561493 0.588875
0 0.853544 0.366354 0.0158591 0.0116098 0.476551
0 0.486089 0.316552 0.00895947 0.00641226 0.45943
0 0.238286 0.582031 0.0065851 0.00520807 0.345021
0 0.351574 0.469803 0.0117867 0.00929196 0.264179
0 0.00877725 0.793194 0.0168879 0.0129445 0.128401
0 0.469504 0.738979 0.00732052 0.00658301 0.104356
0 0.343394 0.043201 0.0072712 0.00535502 0.859303
0 0.0570644 0.902492 0.00785657 0.00526733 0.805949
0 0.594054 0.558601 0.00606608 0.00463855 0.725035
0 0.615088 0.877359 0.0075308 0.00545648 0.722227
0 0.0923452 0.617691 0.00655796 0.00445789 0.721928
0 0.793444 0.603332 0.00666146 0.00417487 0.687543
0 0.0134319 0.428389 0.00580563 0.00423822 0.682189
0 0.389524 0.533771 0.00524544 0.00433398 0.593389
0 0.868974 0.453383 0.00676774 0.0041702 0.586504
0 0.0677533 0.644274 0.005407 0.00426209 0.568936
0 0.853571 0.577877 0.00660856 0.00455524 0.521433
0 0.708634 0.344627 0.00700448 0.00496713 0.492692
0 0.475899 0.712828 0.00745622 0.00483606 0.476384
0 0.676251 0.397485 0.00649398 0.00435443 0.47446
0 0.555868 0.563861 0.00634973 0.00448651 0.441048
0 0.271987 0.295697 0.00589012 0.00443292 0.422328
0 0.498041 0.402379 0.00627507 0.00454971 0.370838
0 0.441719 0.329864 0.0096877 0.00590881 0.360516
0 0.504654 0.421004 0.00735844 0.00439996 0.359744
0 0.74727 0.254695 0.00664136 0.00469411 0.348129
0 0.857009 0.39628 0.00625415 0.00478403 0.344609
0 0.499163 0.354499 0.00589087 0.00500174 0.340408
0 0.769293 0.406166 0.00902791 0.00578821 0.323073
0 0.959625 0.65564 0.0069353 0.00459485 0.320616
0 0.534201 0.73261 0.00685758 0.0053208 0.316886
0 0.579112 0.29664 0.00911113 0.00636105 0.311512
0 0.468505 0.727153 0.00702848 0.00517047 0.281073
0 0.0716019 0.323613 0.00958084 0.0069776 0.277193
0 0.302003 0.582748 0.00792505 0.00533228 0.254178
0 0.236342 0.464995 0.00696895 0.00510925 0.243407
0 0.85374 0.349495 0.0103632 0.00691904 0.221256
0 0.174305 0.265928 0.00621189 0.00458615 0.202598
0 0.997075 0.0898891 0.00571436 0.00539607 0.200994
0 0.0763023 0.819479 0.00686805 0.00585419 0.180762
0 0.560714 0.36639 0.00682878 0.00441595 0.156327
0 0.651015 0.773719 0.00745841 0.00555823 0.153336
0 0.52381 0.475337 0.00614628 0.00465295 0.152117
0 0.429451 0.387711 0.00819918 0.00527142 0.142429
0 0.404832 0.316338 0.00670097 0.00465149 0.140837
0 0.565577 0.715239 0.00723698 0.00553082 0.134317
0 0.912489 0.702556 0.0121088 0.00969092 0.115612
0 0.456658 0.57853 0.0101539 0.0072937 0.113783
0 0.343394 0.043201 0.0072712 0.00535502 0.859303
0 0.0570644 0.902492 0.00785657 0.00526733 0.805949
0 0.594054 0.558601 0.00606608 0.00463855 0.725035
0 0.615088 0.877359 0.0075308 0.00545648 0.722227
0 0.0923452 0.617691 0.00655796 0.00445789 0.721928
0 0.793444 0.603332 0.00666146 0.00417487 0.687543
0 0.0134319 0.428389 0.00580563 0.00423822 0.682189
0 0.389524 0.533771 0.00524544 0.00433398 0.593389
0 0.868974 0.453383 0.00676774 0.0041702 0.586504
0 0.0677533 0.644274 0.005407 0.00426209 0.568936
0 0.853571 0.577877 0.00660856 0.00455524 0.521433
0 0.708634 0.344627 0.00700448 0.00496713 0.492692
0 0.475899 0.712828 0.00745622 0.00483606 0.476384
0 0.676251 0.397485 0.00649398 0.00435443 0.47446
0 0.555868 0.563861 0.00634973 0.00448651 0.441048
0 0.271987 0.295697 0.00589012 0.00443292 0.422328
0 0.498041 0.402379 0.00627507 0.00454971 0.370838
0 0.441719 0.329864 0.0096877 0.00590881 0.360516
0 0.504654 0.421004 0.00735844 0.00439996 0.359744
0 0.74727 0.254695 0.00664136 0.00469411 0.348129
0 0.857009 0.39628 0.00625415 0.00478403 0.344609
0 0.499163 0.354499 0.00589087 0.00500174 0.340408
0 0.769293 0.406166 0.00902791 0.00578821 0.323073
0 0.959625 0.65564 0.0069353 0.00459485 0.320616
0 0.534201 0.73261 0.00685758 0.0053208 0.316886
0 0.579112 0.29664 0.00911113 0.00636105 0.311512
0 0.468505 0.727153 0.00702848 0.00517047 0.281073
0 0.0716019 0.323613 0.00958084 0.0069776 0.277193
0 0.302003 0.582748 0.00792505 0.00533228 0.254178
0 0.236342 0.464995 0.00696895 0.00510925 0.243407
0 0.85374 0.349495 0.0103632 0.00691904 0.221256
0 0.174305 0.265928 0.00621189 0.00458615 0.202598
0 0.997075 0.0898891 0.00571436 0.00539607 0.200994
0 0.0763023 0.819479 0.00686805 0.00585419 0.180762
0 0.560714 0.36639 0.00682878 0.00441595 0.156327
0 0.651015 0.773719 0.00745841 0.00555823 0.153336
0 0.52381 0.475337 0.00614628 0.00465295 0.152117
0 0.429451 0.387711 0.00819918 0.00527142 0.142429
0 0.404832 0.316338 0.00670097 0.00465149 0.140837
0 0.565577 0.715239 0.00723698 0.00553082 0.134317
0 0.912489 0.702556 0.0121088 0.00969092 0.115612
0 0.456658 0.57853 0.0101539 0.0072937 0.113783
0 0.339373 0.802588 0.00723503 0.00489709 0.874572
0 0.458596 0.765647 0.00718221 0.00513617 0.867341
0 0.880259 0.736271 0.00663468 0.00461725 0.836188
0 0.833033 0.836505 0.00714176 0.00499725 0.821947
0 0.657756 0.531824 0.0138363 0.0110097 0.8182
0 0.527026 0.628796 0.0057594 0.00497162 0.772102
0 0.632931 0.601415 0.0062087 0.00425269 0.765334
0 0.612091 0.8347 0.00724329 0.00517084 0.725683
0 0.176444 0.77062 0.0105827 0.00712927 0.68731
0 0.321381 0.79175 0.0105965 0.0074856 0.679344
0 0.212777 0.78669 0.00634123 0.00558435 0.67311
0 0.290826 0.642944 0.00813511 0.00561493 0.588875
0 0.853544 0.366354 0.0158591 0.0116098 0.476551
0 0.486089 0.316552 0.00895947 0.00641226 0.45943
0 0.238286 0.582031 0.0065851 0.00520807 0.345021
0 0.351574 0.469803 0.0117867 0.00929196 0.264179
0 0.00877725 0.793194 0.0168879 0.0129445 0.128401
0 0.469504 0.738979 0.00732052 0.00658301 0.104356
0 0.75376 0.400727 0.0150879 0.0085019 0.927823
0 0.680844 0.0385684 0.0135912 0.00867006 0.921597
0 0.0220918 0.371164 0.0159902 0.00839918 0.921311
0 0.179769 0.8077 0.016089 0.0087465 0.919793
0 0.723121 0.453526 0.0147718 0.00852122 0.915946
0 0.504215 0.378341 0.0139042 0.00748892 0.914396
0 0.851516 0.541526 0.0137665 0.0089342 0.913922
0 0.539031 0.0763126 0.0150576 0.00888845 0.913381
0 0.180152 0.384279 0.0153425 0.0091306 0.913009
0 0.120145 0.285924 0.0167202 0.00924822 0.912666
0 0.683436 0.203888 0.015513 0.00785345 0.911171
0 0.134079 0.724933 0.0154116 0.00918125 0.910231
0 0.382135 0.445302 0.0137269 0.00775595 0.907566
0 0.381909 0.480069 0.014497 0.00723185 0.905196
0 0.225847 0.519849 0.0138353 0.00864883 0.904482
0 0.67079 0.124439 0.0148708 0.00842321 0.903632
0 0.332536 0.365126 0.0159449 0.00802337 0.903515
0 0.424802 0.238088 0.0150902 0.00810746 0.902425
0 0.161176 0.526019 0.0140641 0.00749067 0.898709
0 0.268283 0.665612 0.0138445 0.00826348 0.898182
0 0.800639 0.479367 0.0142765 0.00751529 0.895582
0 0.279553 0.436831 0.0134585 0.00855549 0.89526
0 0.717822 0.688588 0.0141767 0.00897635 0.89447
0 0.508077 0.41428 0.0129007 0.00880229 0.892218
0 0.768755 0.596716 0.0148607 0.00792397 0.890877
0 0.823535 0.664039 0.0148472 0.00777938 0.884496
0 0.61392 0.155611 0.0153591 0.00905809 0.883844
0 0.692562 0.633507 0.0131722 0.00826978 0.882406
0 0.625908 0.666009 0.0134064 0.0082831 0.878325
0 0.755222 0.282989 0.0150055 0.0093124 0.871705
0 0.83092 0.474583 0.0140828 0.00849233 0.869883
0 0.839943 0.506664 0.0130726 0.00810896 0.866843
0 0.709498 0.698978 0.013198 0.00884356 0.862325
0 0.723689 0.127837 0.0140577 0.00774765 0.861476
0 0.666985 0.312822 0.0150407 0.00842497 0.860614
0 0.627273 0.110042 0.0135997 0.00818841 0.846325
0 0.71274 0.760777 0.0151749 0.0081907 0.836828
0 0.765349 0.577883 0.0143508 0.0084782 0.822385
0 0.463131 0.494187 0.0137209 0.00734096 0.814258
0 0.832571 0.702444 0.013845 0.00912379 0.772746
0 0.393863 0.579416 0.0139311 0.00789352 0.766892
0 0.859532 0.509549 0.0144132 0.00776594 0.762977
0 0.704164 0.202686 0.0128938 0.00706685 0.698168
0 0.810253 0.819076 0.0157018 0.00864053 0.668842
0 0.885226 0.156281 0.013565 0.00753486 0.642763
0 0.643998 0.632488 0.013223 0.00896648 0.542305
0 0.856077 0.73161 0.0192326 0.0110009 0.348702
0 0.880812 0.403472 0.013704 0.00730838 0.340353
0 0.862504 0.190588 0.0147173 0.00758666 0.325449
0 0.558515 0.805534 0.0172092 0.00960916 0.322727
0 0.632659 0.0904761 0.0149934 0.00760981 0.116265
0 0.75376 0.400727 0.0150879 0.0085019 0.927823
0 0.680844 0.0385684 0.0135912 0.00867006 0.921597
0 0.0220918 0.371164 0.0159902 0.00839918 0.921311
0 0.179769 0.8077 0.016089 0.0087465 0.919793
0 0.723121 0.453526 0.0147718 0.00852122 0.915946
0 0.504215 0.378341 0.0139042 0.00748892 0.914396
0 0.851516 0.541526 0.0137665 0.0089342 0.913922
0 0.539031 0.0763126 0.0150576 0.00888845 0.913381
0 0.180152 0.384279 0.0153425 0.0091306 0.913009
0 0.120145 0.285924 0.0167202 0.00924822 0.912666
0 0.683436 0.203888 0.015513 0.00785345 0.911171
0 0.134079 0.724933 0.0154116 0.00918125 0.910231
0 0.382135 0.445302 0.0137269 0.00775595 0.907566
0 0.381909 0.480069 0.014497 0.00723185 0.905196
0 0.225847 0.519849 0.0138353 0.00864883 0.904482
0 0.67079 0.124439 0.0148708 0.00842321 0.903632
0 0.332536 0.365126 0.0159449 0.00802337 0.903515
0 0.424802 0.238088 0.0150902 0.00810746 0.902425
0 0.161176 0.526019 0.0140641 0.00749067 0.898709
0 0.268283 0.665612 0.0138445 0.00826348 0.898182
0 0.800639 0.479367 0.0142765 0.00751529 0.895582
0 0.279553 0.436831 0.0134585 0.00855549 0.89526
0 0.717822 0.688588 0.0141767 0.00897635 0.89447
0 0.508077 0.41428 0.0129007 0.00880229 0.892218
0 0.768755 0.596716 0.0148607 0.00792397 0.890877
0 0.823535 0.664039 0.0148472 0.00777938 0.884496
0 0.61392 0.155611 0.0153591 0.00905809 0.883844
0 0.692562 0.633507 0.0131722 0.00826978 0.882406
0 0.625908 0.666009 0.0134064 0.0082831 0.878325
0 0.755222 0.282989 0.0150055 0.0093124 0.871705
0 0.83092 0.474583 0.0140828 0.00849233 0.869883
0 0.839943 0.506664 0.0130726 0.00810896 0.866843
0 0.709498 0.698978 0.013198 0.00884356 0.862325
0 0.723689 0.127837 0.0140577 0.00774765 0.861476
0 0.666985 0.312822 0.0150407 0.00842497 0.860614
0 0.627273 0.110042 0.0135997 0.00818841 0.846325
0 0.71274 0.760777 0.0151749 0.0081907 0.836828
0 0.765349 0.577883 0.0143508 0.0084782 0.822385
0 0.463131 0.494187 0.0137209 0.00734096 0.814258
0 0.832571 0.702444 0.013845 0.00912379 0.772746
0 0.393863 0.579416 0.0139311 0.00789352 0.766892
0 0.859532 0.509549 0.0144132 0.00776594 0.762977
0 0.704164 0.202686 0.0128938 0.00706685 0.698168
0 0.810253 0.819076 0.0157018 0.00864053 0.668842
0 0.885226 0.156281 0.013565 0.00753486 0.642763
0 0.643998 0.632488 0.013223 0.00896648 0.542305
0 0.856077 0.73161 0.0192326 0.0110009 0.348702
0 0.880812 0.403472 0.013704 0.00730838 0.340353
0 0.862504 0.190588 0.0147173 0.00758666 0.325449
0 0.558515 0.805534 0.0172092 0.00960916 0.322727
0 0.632659 0.0904761 0.0149934 0.00760981 0.116265
0 0.10367 0.762089 0.00996332 0.0143227 0.290121
0 0.82049 0.192124 0.016707 0.00909996 0.928649
0 0.865966 0.27498 0.0155833 0.00935309 0.926588
0 0.244892 0.716777 0.0145162 0.00902848 0.922999
0 0.820061 0.615494 0.0151837 0.00900789 0.921346
0 0.61813 0.519708 0.0145132 0.00716188 0.918676
0 0.277111 0.546314 0.014741 0.00837266 0.917762
0 0.246507 0.599211 0.0150833 0.00828407 0.915623
0 0.461135 0.923384 0.0145413 0.00850756 0.914983
0 0.316603 0.795907 0.0148266 0.00749697 0.914935
0 0.148396 0.458274 0.0136259 0.00885676 0.914755
0 0.774283 0.480179 0.013797 0.00865709 0.912712
0 0.617917 0.554643 0.0140257 0.00782794 0.912484
0 0.329471 0.875362 0.0146363 0.00826185 0.908557
0 0.978027 0.628734 0.01587 0.00827916 0.907314
0 0.495712 0.621512 0.0137185 0.00733136 0.906373
0 0.720637 0.563087 0.0134081 0.00850478 0.905834
0 0.667503 0.63468 0.0158267 0.00801147 0.905681
0 0.374335 0.333844 0.0134818 0.00857447 0.904842
0 0.731754 0.334295 0.0141261 0.00842406 0.902482
0 0.281928 0.311185 0.0144518 0.00892597 0.90128
0 0.88009 0.71378 0.0167136 0.00934098 0.900867
0 0.838784 0.473657 0.0140583 0.00762485 0.896235
0 0.492135 0.585584 0.0133648 0.0088326 0.894643
0 0.199304 0.520572 0.0143111 0.0075482 0.893518
0 0.333031 0.686923 0.0151321 0.00830284 0.890896
0 0.169223 0.525285 0.0141637 0.0086946 0.88164
0 0.287128 0.23893 0.0151956 0.00821276 0.875964
0 0.537013 0.505594 0.0136282 0.00735807 0.875865
0 0.231069 0.403054 0.0145571 0.00784968 0.873524
0 0.176482 0.335793 0.0149026 0.00804426 0.871404
0 0.575209 0.761594 0.0146383 0.00778459 0.865996
0 0.60585 0.420336 0.0142599 0.00799545 0.859992
0 0.290259 0.300617 0.0135163 0.00884528 0.857235
0 0.276308 0.871807 0.0138399 0.00748983 0.853036
0 0.319081 0.961239 0.0132711 0.00840693 0.84227
0 0.307116 0.366164 0.0133655 0.00802824 0.839091
0 0.372703 0.889616 0.0135253 0.00820178 0.81894
0 0.234416 0.421753 0.0143713 0.00862561 0.810823
0 0.160029 0.493161 0.0133854 0.00827807 0.809062
0 0.386175 0.844056 0.0148537 0.00899748 0.794909
0 0.168018 0.297302 0.015167 0.00931501 0.781309
0 0.14075 0.490283 0.0145868 0.00795537 0.746935
0 0.114804 0.843427 0.0136915 0.00780275 0.746666
0 0.190124 0.180722 0.0157549 0.00877769 0.744027
0 0.804704 0.863731 0.0135825 0.00744629 0.598817
0 0.441375 0.194147 0.014271 0.00824704 0.550835
0 0.143523 0.268158 0.0160084 0.00869388 0.54754
0 0.119185 0.596422 0.0137829 0.00755431 0.440848
0 0.295962 0.797101 0.0124674 0.00697115 0.251273
0 0.108173 0.474323 0.0161661 0.00964891 0.142406
0 0.339373 0.802588 0.00723503 0.00489709 0.874572
0 0.458596 0.765647 0.00718221 0.00513617 0.867341
0 0.880259 0.736271 0.00663468 0.00461725 0.836188
0 0.833033 0.836505 0.00714176 0.00499725 0.821947
0 0.657756 0.531824 0.0138363 0.0110097 0.8182
0 0.527026 0.628796 0.0057594 0.00497162 0.772102
0 0.632931 0.601415 0.0062087 0.00425269 0.765334
0 0.612091 0.8347 0.00724329 0.00517084 0.725683
0 0.176444 0.77062 0.0105827 0.00712927 0.68731
0 0.321381 0.79175 0.0105965 0.0074856 0.679344
0 0.212777 0.78669 0.00634123 0.00558435 0.67311
0 0.290826 0.642944 0.00813511 0.00561493 0.588875
0 0.853544 0.366354 0.0158591 0.0116098 0.476551
0 0.486089 0.316552 0.00895947 0.00641226 0.45943
0 0.238286 0.582031 0.0065851 0.00520807 0.345021
0 0.351574 0.469803 0.0117867 0.00929196 0.264179
0 0.00877725 0.793194 0.0168879 0.0129445 0.128401
0 0.469504 0.738979 0.00732052 0.00658301 0.104356
0 0.367971 0.480075 0.0105905 0.00858226 0.938262
0 0.296097 0.158392 0.0100228 0.00847529 0.930618
0 0.46284 0.584834 0.0109674 0.00758457 0.926605
0 0.745861 0.384169 0.0107065 0.00779969 0.925304
0 0.35193 0.111601 0.0111316 0.00751098 0.925058
0 0.470688 0.29305 0.0101801 0.00838494 0.925029
0 0.297844 0.368313 0.00958933 0.00793922 0.922149
0 0.792686 0.378958 0.0108372 0.0072231 0.920586
0 0.707465 0.3982 0.0105334 0.00852424 0.919367
0 0.175537 0.241178 0.00974162 0.00794135 0.918382
0 0.62529 0.321185 0.00982277 0.00729945 0.917775
0 0.528367 0.406784 0.00998195 0.00801638 0.917113
0 0.374457 0.33769 0.0101492 0.00845611 0.916348
0 0.664911 0.432759 0.0113419 0.00761318 0.91609
0 0.349812 0.524655 0.0107483 0.00724792 0.91606
0 0.528174 0.289136 0.00972645 0.00844955 0.915732
0 0.628718 0.345123 0.0103552 0.00756919 0.915449
0 0.726779 0.676009 0.0104025 0.00782287 0.913681
0 0.520913 0.338179 0.0106882 0.00793061 0.913406
0 0.70707 0.46215 0.0106225 0.00734231 0.913343
0 0.811491 0.511222 0.0104257 0.00712848 0.91332
0 0.843311 0.444173 0.0110257 0.00786874 0.912732
0 0.768631 0.362633 0.0106171 0.00771967 0.912702
0 0.78999 0.199892 0.0102863 0.00757502 0.911915
0 0.761897 0.686706 0.0104675 0.007837 0.911679
0 0.84282 0.514216 0.0113331 0.00788492 0.91141
0 0.694786 0.557033 0.0108426 0.00749123 0.91123
0 0.0970325 0.682398 0.0103644 0.00842595 0.910935
0 0.485383 0.226996 0.0109374 0.00838567 0.910042
0 0.627278 0.192549 0.0100892 0.00830589 0.90817
0 0.35701 0.275748 0.0114021 0.00839144 0.908114
0 0.462232 0.473718 0.00985924 0.00818497 0.9081
0 0.738121 0.314322 0.0102926 0.00815424 0.906667
0 0.819748 0.673253 0.0105818 0.0083487 0.906392
0 0.819124 0.36673 0.010324 0.00747633 0.906225
0 0.807402 0.420992 0.0101803 0.00782517 0.905097
0 0.542005 0.20554 0.0105368 0.00861627 0.90454
0 0.589155 0.226675 0.00893946 0.00741991 0.903952
0 0.454542 0.455729 0.01039 0.00763425 0.903896
0 0.804318 0.364739 0.00946832 0.00805584 0.903695
0 0.830512 0.695542 0.00987212 0.00854313 0.903281
0 0.628564 0.524293 0.0098803 0.00781512 0.902199
0 0.298088 0.555978 0.0115243 0.00842535 0.902099
0 0.857178 0.20553 0.00994333 0.00847471 0.90207
0 0.471806 0.782589 0.010321 0.00832057 0.901688
0 0.521734 0.676399 0.00950034 0.00838089 0.900938
0 0.554259 0.744994 0.0104819 0.00736415 0.900933
0 0.626698 0.660416 0.00962289 0.00835097 0.900536
0 0.681666 0.608649 0.0115422 0.00795084 0.900495
0 0.727503 0.746114 0.0103029 0.00739986 0.898863
0 0.607297 0.491717 0.00955387 0.00786719 0.898389
0 0.899716 0.288526 0.00962989 0.00758785 0.897225
0 0.521764 0.738356 0.00964093 0.00816512 0.896835
0 0.547735 0.351103 0.00970189 0.0081684 0.896299
0 0.637187 0.687751 0.00938749 0.00784719 0.896293
0 0.836106 0.791648 0.0103569 0.0071817 0.895527
0 0.495693 0.469157 0.0101102 0.00763199 0.89528
0 0.86871 0.162825 0.00976499 0.00772028 0.894678
0 0.618895 0.350036 0.00927365 0.00770107 0.894078
0 0.873208 0.736288 0.0112394 0.00934458 0.893911
0 0.616166 0.570459 0.00896978 0.00811183 0.893904
0 0.848579 0.398027 0.0104704 0.0083994 0.893016
0 0.866586 0.731008 0.00956718 0.0079782 0.892736
0 0.456291 0.121574 0.0107942 0.00738189 0.891361
0 0.884288 0.433391 0.0105125 0.00733525 0.890487
0 0.788632 0.627022 0.0100202 0.00752407 0.890457
0 0.702635 0.455795 0.01056 0.00684455 0.888971
0 0.131477 0.494489 0.0106253 0.00755149 0.888719
0 0.58038 0.691652 0.00976181 0.00780243 0.888377
0 0.146523 0.149417 0.0104463 0.00684682 0.886103
0 0.735678 0.156267 0.00946387 0.00676921 0.885899
0 0.413603 0.735885 0.00950384 0.00795275 0.88474
0 0.65624 0.332027 0.0114894 0.00789845 0.882583
0 0.840678 0.295352 0.0111818 0.00820968 0.882502
0 0.56833 0.914579 0.0110136 0.00807381 0.882396
0 0.39276 0.143692 0.00988857 0.00861762 0.882276
0 0.155157 0.175376 0.0105735 0.00781679 0.88011
0 0.696954 0.344938 0.0104326 0.00887671 0.879413
0 0.529876 0.67762 0.00963513 0.00724906 0.87845
0 0.797252 0.470143 0.0105779 0.00754943 0.878079
0 0.889033 0.261026 0.0108924 0.00873849 0.876785
0 0.602092 0.674502 0.00960235 0.00718039 0.87662
0 0.767483 0.730592 0.0103639 0.00697619 0.875832
0 0.69672 0.124677 0.0103645 0.00785562 0.874039
0 0.322725 0.170514 0.0103438 0.00825505 0.872314
0 0.629252 0.909696 0.0104645 0.00740927 0.8715
0 0.91484 0.456347 0.00957561 0.00667265 0.869973
0 0.897417 0.349554 0.0110223 0.00768572 0.866753
0 0.0953192 0.227291 0.0101412 0.00708982 0.866473
0 0.14545 0.534179 0.010047 0.00805372 0.866148
0 0.810926 0.260973 0.00934005 0.00794381 0.864811
0 0.776192 0.423467 0.00984693 0.00714362 0.864065
0 0.194269 0.592592 0.0106476 0.00755453 0.863295
0 0.896318 0.357369 0.0100117 0.00681451 0.862725
0 0.899157 0.919828 0.00962806 0.00846535 0.861587
0 0.829522 0.459167 0.00899768 0.0076026 0.858474
0 0.291489 0.231789 0.0104344 0.00816856 0.857511
0 0.88358 0.567216 0.0093743 0.0079881 0.855987
0 0.834016 0.71216 0.0109495 0.00730085 0.855836
0 0.840531 0.654559 0.00977937 0.00717747 0.855099
0 0.638752 0.618858 0.0109426 0.00776428 0.853475
0 0.681218 0.779723 0.0103594 0.00824106 0.852933
0 0.627084 0.572585 0.0109268 0.00748491 0.852625
0 0.39787 0.583613 0.0100221 0.00650024 0.852131
0 0.620097 0.727957 0.0097998 0.00874603 0.849886
0 0.547494 0.795907 0.00931633 0.00756055 0.848948
0 0.531051 0.145562 0.00950762 0.00780609 0.848933
0 0.281943 0.772493 0.0103049 0.00742775 0.847969
0 0.363972 0.202842 0.0107098 0.00710581 0.841491
0 0.784567 0.668176 0.0106389 0.0073958 0.840745
0 0.535875 0.686824 0.0103711 0.00737 0.83827
0 0.949401 0.360797 0.00973622 0.00727519 0.832391
0 0.859268 0.754028 0.0095168 0.00781232 0.828469
0 0.739772 0.627983 0.0104272 0.00708044 0.826971
0 0.726501 0.376515 0.010021 0.00769514 0.823851
0 0.753575 0.502853 0.00950948 0.0076279 0.814839
0 0.671834 0.769355 0.00946967 0.00830173 0.806526
0 0.57034 0.716386 0.0100753 0.006634 0.804669
0 0.060563 0.686413 0.0101389 0.00675541 0.794825
0 0.0972473 0.922835 0.0117622 0.00800258 0.794232
0 0.408264 0.754181 0.0104707 0.00863975 0.791442
0 0.871182 0.651374 0.0109322 0.00790644 0.78862
0 0.584372 0.667221 0.00899466 0.00746602 0.785863
0 0.896697 0.590073 0.00891288 0.0062694 0.784466
0 0.656458 0.513955 0.00984959 0.00824994 0.782079
0 0.495801 0.221521 0.0102123 0.00845581 0.777643
0 0.595425 0.504951 0.00767819 0.00681382 0.764567
0 0.640024 0.182134 0.0113374 0.00746894 0.764441
0 0.768942 0.632243 0.00945989 0.00724155 0.763395
0 0.891939 0.645714 0.0104877 0.00723761 0.76231
0 0.939447 0.401733 0.0121106 0.00822049 0.758809
0 0.684391 0.696278 0.0102297 0.00761056 0.734615
0 0.800481 0.759768 0.010985 0.00765729 0.723821
0 0.822986 0.471392 0.00956066 0.00860661 0.723139
0 0.905883 0.228874 0.00911538 0.00650933 0.693374
0 0.596755 0.43523 0.00847328 0.00679389 0.673147
0 0.768914 0.795249 0.0104457 0.00784492 0.672619
0 0.864393 0.613463 0.0112751 0.00725961 0.67207
0 0.602856 0.386333 0.0082196 0.00702405 0.666555
0 0.894697 0.431639 0.0107718 0.0078198 0.659186
0 0.609345 0.319468 0.0101593 0.00712407 0.658819
0 0.505117 0.713824 0.0102979 0.00782192 0.658534
0 0.808305 0.497333 0.00929443 0.0075945 0.649934
0 0.604445 0.377186 0.0100275 0.00820202 0.649251
0 0.699063 0.713616 0.0104948 0.0079518 0.642648
0 0.940914 0.663593 0.0110118 0.00732017 0.638788
0 0.859009 0.636974 0.0101958 0.00747621 0.625786
0 0.833618 0.733291 0.00911522 0.00676292 0.617855
0 0.634174 0.360847 0.00866969 0.00670728 0.545303
0 0.602615 0.412502 0.00846465 0.00654051 0.539751
0 0.714192 0.335471 0.0105097 0.00827479 0.493773
0 0.666424 0.372667 0.0106651 0.00765309 0.447377
0 0.924411 0.395587 0.00879431 0.00743183 0.439518
0 0.794851 0.43839 0.0103706 0.00749937 0.427872
0 0.86777 0.628609 0.0124898 0.0119928 0.420359
0 0.597725 0.481794 0.00970892 0.00863647 0.407359
0 0.75732 0.779544 0.0115039 0.00895482 0.404988
0 0.952584 0.76077 0.00968162 0.00757664 0.402071
0 0.910588 0.658715 0.0116295 0.00819266 0.398657
0 0.904216 0.200645 0.0090007 0.0077873 0.386044
0 0.887401 0.525753 0.0107284 0.00772601 0.381871
0 0.91147 0.638513 0.0104208 0.00747389 0.368842
0 0.785347 0.705244 0.0102541 0.0070942 0.332106
0 0.93363 0.432534 0.00889905 0.00775251 0.32595
0 0.869967 0.532782 0.00952856 0.00792289 0.291314
0 0.887084 0.612224 0.010007 0.0076378 0.273178
0 0.893739 0.727621 0.0126089 0.00913906 0.268321
0 0.93225 0.169781 0.00940983 0.00717695 0.255814
0 0.610399 0.324706 0.0104528 0.00711894 0.251412
0 0.884267 0.550223 0.00969577 0.00709581 0.24236
0 0.882152 0.662338 0.0104471 0.00868213 0.240459
0 0.633889 0.714913 0.00994583 0.00750214 0.226926
0 0.793302 0.509952 0.0131319 0.00959682 0.226101
0 0.649296 0.824067 0.0118361 0.00873774 0.19709
0 0.946528 0.674768 0.00987466 0.00827044 0.192649
0 0.890797 0.336944 0.0118169 0.00824496 0.180623
0 0.600909 0.288734 0.0081073 0.00641423 0.175528
0 0.921034 0.417508 0.00988126 0.00849652 0.154274
0 0.575921 0.621624 0.00818694 0.00719857 0.153415
0 0.781835 0.681788 0.00925382 0.00830305 0.1531
0 0.949016 0.742775 0.00932082 0.00770408 0.152109
0 0.905516 0.419967 0.0125332 0.00924259 0.14795
0 0.94744 0.785857 0.0126639 0.00965053 0.144193
0 0.914145 0.685686 0.0120118 0.00955653 0.144116
0 0.732262 0.326326 0.0107852 0.00821105 0.136926
0 0.681108 0.691373 0.0108975 0.00809979 0.132715
0 0.840963 0.481817 0.0120354 0.00928935 0.128701
0 0.928407 0.451812 0.00908709 0.00904262 0.123813
0 0.944452 0.693997 0.0116443 0.00910413 0.113448
0 0.218715 0.812953 0.00612553 0.00440424 0.783342
0 0.933676 0.789557 0.00799536 0.00518408 0.633943
0 0.00723815 0.789261 0.00816952 0.0065415 0.604485
0 0.354544 0.676196 0.00608093 0.00410059 0.376152
0 0.924272 0.127106 0.011225 0.0076298 0.362935
0 0.861751 0.0669637 0.0121512 0.00940009 0.301307
0 0.436249 0.4744 0.0055979 0.00369351 0.288566
0 0.961082 0.7217 0.00645996 0.00444775 0.1544
0 0.363965 0.0375737 0.00860643 0.00626145 0.730754
0 0.165788 0.43361 0.00590579 0.00463164 0.689078
0 0.0595782 0.152347 0.00755535 0.00500766 0.611032
0 0.461052 0.961919 0.00910767 0.00599339 0.577186
0 0.0931784 0.393068 0.00657305 0.00430042 0.573182
0 0.416801 0.196039 0.00660161 0.00384553 0.541281
0 0.0802821 0.318908 0.00821353 0.00523225 0.499009
0 0.0606371 0.758025 0.00627668 0.00435553 0.495134
0 0.226401 0.241029 0.0065755 0.00406193 0.42973
0 0.883713 0.247405 0.00714755 0.00430002 0.418944
0 0.375059 0.548327 0.00556084 0.00402594 0.405557
0 0.240978 0.253506 0.00693915 0.00405868 0.403383
0 0.303456 0.321807 0.00678639 0.00439802 0.393126
0 0.0629629 0.356106 0.00728665 0.00438959 0.391317
0 0.101183 0.415393 0.00761393 0.00494723 0.385787
0 0.0863166 0.767154 0.00689474 0.003975 0.362271
0 0.359277 0.693546 0.00644433 0.00434935 0.360633
0 0.00152614 0.23249 0.00302557 0.00630469 0.353323
0 0.178786 0.771491 0.00743127 0.00420942 0.352281
0 0.150797 0.491157 0.00743347 0.00432457 0.33196
0 0.152145 0.743455 0.00576129 0.00434967 0.323419
0 0.845374 0.267529 0.0147618 0.0091981 0.29531
0 0.0754203 0.772133 0.0077688 0.00538668 0.284117
0 0.180341 0.984276 0.00743206 0.00509197 0.283717
0 0.148128 0.441457 0.00833789 0.0050358 0.27994
0 0.305497 0.239836 0.00686793 0.00490239 0.279125
0 0.915537 0.16207 0.0132399 0.00779001 0.270188
0 0.302494 0.245597 0.00701141 0.00483512 0.26075
0 0.0919516 0.355855 0.00733905 0.00503765 0.258323
0 0.297445 0.0385224 0.00803908 0.00541266 0.250629
0 0.081305 0.422454 0.00869696 0.00598491 0.244448
0 0.330437 0.340313 0.01117 0.0058655 0.242622
0 0.0994026 0.439273 0.00878613 0.00488392 0.22997
0 0.641598 0.904507 0.00610753 0.00447179 0.229218
0 0.707482 0.262892 0.00653911 0.00445012 0.227089
0 0.25727 0.419775 0.00773696 0.00434766 0.223355
0 0.434784 0.970879 0.00708604 0.00437202 0.221285
0 0.304664 0.652448 0.00968921 0.00656226 0.217943
0 0.117674 0.361325 0.00986729 0.00573334 0.204194
0 0.337229 0.840798 0.00605237 0.00427029 0.201006
0 0.548529 0.66978 0.00810011 0.0048974 0.198003
0 0.499284 0.614071 0.00707877 0.00498232 0.191751
0 0.195229 0.151244 0.00672815 0.00478896 0.190927
0 0.296116 0.20005 0.00712818 0.0044229 0.183943
0 0.424915 0.778304 0.0087653 0.00499331 0.17139
0 0.0461115 0.339873 0.00805408 0.00479366 0.165614
0 0.0916344 0.416703 0.0107602 0.00734367 0.161657
0 0.359413 0.7867 0.00744311 0.00476301 0.153152
0 0.0735424 0.274322 0.00935944 0.0051863 0.149917
0 0.31921 0.233644 0.00703271 0.00460403 0.145961
0 0.562029 0.948301 0.00674792 0.00459418 0.144786
0 0.373412 0.821472 0.00738919 0.00449546 0.144715
0 0.463461 0.881716 0.00641632 0.00503405 0.144275
0 0.29768 0.390974 0.00664055 0.00442217 0.138853
0 0.821276 0.774724 0.00717894 0.00460649 0.137083
0 0.250493 0.791026 0.00744303 0.00419124 0.133681
0 0.705386 0.920319 0.0128027 0.0104062 0.129899
0 0.300125 0.928099 0.00694646 0.00485914 0.118421
0 0.160467 0.525181 0.0100039 0.00687689 0.117753
0 0.28886 0.393108 0.00768969 0.00454287 0.117153
0 0.051662 0.155354 0.00793791 0.00598117 0.110072
0 0.00192301 0.819245 0.00384602 0.00614579 0.109715
0 0.341614 0.634988 0.00615962 0.00472048 0.106144
0 0.82049 0.192124 0.016707 0.00909996 0.928649
0 0.865966 0.27498 0.0155833 0.00935309 0.926588
0 0.244892 0.716777 0.0145162 0.00902848 0.922999
0 0.820061 0.615494 0.0151837 0.00900789 0.921346
0 0.61813 0.519708 0.0145132 0.00716188 0.918676
0 0.277111 0.546314 0.014741 0.00837266 0.917762
0 0.246507 0.599211 0.0150833 0.00828407 0.915623
0 0.461135 0.923384 0.0145413 0.00850756 0.914983
0 0.316603 0.795907 0.0148266 0.00749697 0.914935
0 0.148396 0.458274 0.0136259 0.00885676 0.914755
0 0.774283 0.480179 0.013797 0.00865709 0.912712
0 0.617917 0.554643 0.0140257 0.00782794 0.912484
0 0.329471 0.875362 0.0146363 0.00826185 0.908557
0 0.978027 0.628734 0.01587 0.00827916 0.907314
0 0.495712 0.621512 0.0137185 0.00733136 0.906373
0 0.720637 0.563087 0.0134081 0.00850478 0.905834
0 0.667503 0.63468 0.0158267 0.00801147 0.905681
0 0.374335 0.333844 0.0134818 0.00857447 0.904842
0 0.731754 0.334295 0.0141261 0.00842406 0.902482
0 0.281928 0.311185 0.0144518 0.00892597 0.90128
0 0.88009 0.71378 0.0167136 0.00934098 0.900867
0 0.838784 0.473657 0.0140583 0.00762485 0.896235
0 0.492135 0.585584 0.0133648 0.0088326 0.894643
0 0.199304 0.520572 0.0143111 0.0075482 0.893518
0 0.333031 0.686923 0.0151321 0.00830284 0.890896
0 0.169223 0.525285 0.0141637 0.0086946 0.88164
0 0.287128 0.23893 0.0151956 0.00821276 0.875964
0 0.537013 0.505594 0.0136282 0.00735807 0.875865
0 0.231069 0.403054 0.0145571 0.00784968 0.873524
0 0.176482 0.335793 0.0149026 0.00804426 0.871404
0 0.575209 0.761594 0.0146383 0.00778459 0.865996
0 0.60585 0.420336 0.0142599 0.00799545 0.859992
0 0.290259 0.300617 0.0135163 0.00884528 0.857235
0 0.276308 0.871807 0.0138399 0.00748983 0.853036
0 0.319081 0.961239 0.0132711 0.00840693 0.84227
0 0.307116 0.366164 0.0133655 0.00802824 0.839091
0 0.372703 0.889616 0.0135253 0.00820178 0.81894
0 0.234416 0.421753 0.0143713 0.00862561 0.810823
0 0.160029 0.493161 0.0133854 0.00827807 0.809062
0 0.386175 0.844056 0.0148537 0.00899748 0.794909
0 0.168018 0.297302 0.015167 0.00931501 0.781309
0 0.14075 0.490283 0.0145868 0.00795537 0.746935
0 0.114804 0.843427 0.0136915 0.00780275 0.746666
0 0.190124 0.180722 0.0157549 0.00877769 0.744027
0 0.804704 0.863731 0.0135825 0.00744629 0.598817
0 0.441375 0.194147 0.014271 0.00824704 0.550835
0 0.143523 0.268158 0.0160084 0.00869388 0.54754
0 0.119185 0.596422 0.0137829 0.00755431 0.440848
0 0.295962 0.797101 0.0124674 0.00697115 0.251273
0 0.108173 0.474323 0.0161661 0.00964891 0.142406
0 0.82049 0.192124 0.016707 0.00909996 0.928649
0 0.865966 0.27498 0.0155833 0.00935309 0.926588
0 0.244892 0.716777 0.0145162 0.00902848 0.922999
0 0.820061 0.615494 0.0151837 0.00900789 0.921346
0 0.61813 0.519708 0.0145132 0.00716188 0.918676
0 0.277111 0.546314 0.014741 0.00837266 0.917762
0 0.246507 0.599211 0.0150833 0.00828407 0.915623
0 0.461135 0.923384 0.0145413 0.00850756 0.914983
0 0.316603 0.795907 0.0148266 0.00749697 0.914935
0 0.148396 0.458274 0.0136259 0.00885676 0.914755
0 0.774283 0.480179 0.013797 0.00865709 0.912712
0 0.617917 0.554643 0.0140257 0.00782794 0.912484
0 0.329471 0.875362 0.0146363 0.00826185 0.908557
0 0.978027 0.628734 0.01587 0.00827916 0.907314
0 0.495712 0.621512 0.0137185 0.00733136 0.906373
0 0.720637 0.563087 0.0134081 0.00850478 0.905834
0 0.667503 0.63468 0.0158267 0.00801147 0.905681
0 0.374335 0.333844 0.0134818 0.00857447 0.904842
0 0.731754 0.334295 0.0141261 0.00842406 0.902482
0 0.281928 0.311185 0.0144518 0.00892597 0.90128
0 0.88009 0.71378 0.0167136 0.00934098 0.900867
0 0.838784 0.473657 0.0140583 0.00762485 0.896235
0 0.492135 0.585584 0.0133648 0.0088326 0.894643
0 0.199304 0.520572 0.0143111 0.0075482 0.893518
0 0.333031 0.686923 0.0151321 0.00830284 0.890896
0 0.169223 0.525285 0.0141637 0.0086946 0.88164
0 0.287128 0.23893 0.0151956 0.00821276 0.875964
0 0.537013 0.505594 0.0136282 0.00735807 0.875865
0 0.231069 0.403054 0.0145571 0.00784968 0.873524
0 0.176482 0.335793 0.0149026 0.00804426 0.871404
0 0.575209 0.761594 0.0146383 0.00778459 0.865996
0 0.60585 0.420336 0.0142599 0.00799545 0.859992
0 0.290259 0.300617 0.0135163 0.00884528 0.857235
0 0.276308 0.871807 0.0138399 0.00748983 0.853036
0 0.319081 0.961239 0.0132711 0.00840693 0.84227
0 0.307116 0.366164 0.0133655 0.00802824 0.839091
0 0.372703 0.889616 0.0135253 0.00820178 0.81894
0 0.234416 0.421753 0.0143713 0.00862561 0.810823
0 0.160029 0.493161 0.0133854 0.00827807 0.809062
0 0.386175 0.844056 0.0148537 0.00899748 0.794909
0 0.168018 0.297302 0.015167 0.00931501 0.781309
0 0.14075 0.490283 0.0145868 0.00795537 0.746935
0 0.114804 0.843427 0.0136915 0.00780275 0.746666
0 0.190124 0.180722 0.0157549 0.00877769 0.744027
0 0.804704 0.863731 0.0135825 0.00744629 0.598817
0 0.441375 0.194147 0.014271 0.00824704 0.550835
0 0.143523 0.268158 0.0160084 0.00869388 0.54754
0 0.119185 0.596422 0.0137829 0.00755431 0.440848
0 0.295962 0.797101 0.0124674 0.00697115 0.251273
0 0.108173 0.474323 0.0161661 0.00964891 0.142406
0 0.82049 0.192124 0.016707 0.00909996 0.928649
0 0.865966 0.27498 0.0155833 0.00935309 0.926588
0 0.244892 0.716777 0.0145162 0.00902848 0.922999
0 0.820061 0.615494 0.0151837 0.00900789 0.921346
0 0.61813 0.519708 0.0145132 0.00716188 0.918676
0 0.277111 0.546314 0.014741 0.00837266 0.917762
0 0.246507 0.599211 0.0150833 0.00828407 0.915623
0 0.461135 0.923384 0.0145413 0.00850756 0.914983
0 0.316603 0.795907 0.0148266 0.00749697 0.914935
0 0.148396 0.458274 0.0136259 0.00885676 0.914755
0 0.774283 0.480179 0.013797 0.00865709 0.912712
0 0.617917 0.554643 0.0140257 0.00782794 0.912484
0 0.329471 0.875362 0.0146363 0.00826185 0.908557
0 0.978027 0.628734 0.01587 0.00827916 0.907314
0 0.495712 0.621512 0.0137185 0.00733136 0.906373
0 0.720637 0.563087 0.0134081 0.00850478 0.905834
0 0.667503 0.63468 0.0158267 0.00801147 0.905681
0 0.374335 0.333844 0.0134818 0.00857447 0.904842
0 0.731754 0.334295 0.0141261 0.00842406 0.902482
0 0.281928 0.311185 0.0144518 0.00892597 0.90128
0 0.88009 0.71378 0.0167136 0.00934098 0.900867
0 0.838784 0.473657 0.0140583 0.00762485 0.896235
0 0.492135 0.585584 0.0133648 0.0088326 0.894643
0 0.199304 0.520572 0.0143111 0.0075482 0.893518
0 0.333031 0.686923 0.0151321 0.00830284 0.890896
0 0.169223 0.525285 0.0141637 0.0086946 0.88164
0 0.287128 0.23893 0.0151956 0.00821276 0.875964
0 0.537013 0.505594 0.0136282 0.00735807 0.875865
0 0.231069 0.403054 0.0145571 0.00784968 0.873524
0 0.176482 0.335793 0.0149026 0.00804426 0.871404
0 0.575209 0.761594 0.0146383 0.00778459 0.865996
0 0.60585 0.420336 0.0142599 0.00799545 0.859992
0 0.290259 0.300617 0.0135163 0.00884528 0.857235
0 0.276308 0.871807 0.0138399 0.00748983 0.853036
0 0.319081 0.961239 0.0132711 0.00840693 0.84227
0 0.307116 0.366164 0.0133655 0.00802824 0.839091
0 0.372703 0.889616 0.0135253 0.00820178 0.81894
0 0.234416 0.421753 0.0143713 0.00862561 0.810823
0 0.160029 0.493161 0.0133854 0.00827807 0.809062
0 0.386175 0.844056 0.0148537 0.00899748 0.794909
0 0.168018 0.297302 0.015167 0.00931501 0.781309
0 0.14075 0.490283 0.0145868 0.00795537 0.746935
0 0.114804 0.843427 0.0136915 0.00780275 0.746666
0 0.190124 0.180722 0.0157549 0.00877769 0.744027
0 0.804704 0.863731 0.0135825 0.00744629 0.598817
0 0.441375 0.194147 0.014271 0.00824704 0.550835
0 0.143523 0.268158 0.0160084 0.00869388 0.54754
0 0.119185 0.596422 0.0137829 0.00755431 0.440848
0 0.295962 0.797101 0.0124674 0.00697115 0.251273
0 0.108173 0.474323 0.0161661 0.00964891 0.142406
0 0.82049 0.192124 0.016707 0.00909996 0.928649
0 0.865966 0.27498 0.0155833 0.00935309 0.926588
0 0.244892 0.716777 0.0145162 0.00902848 0.922999
0 0.820061 0.615494 0.0151837 0.00900789 0.921346
0 0.61813 0.519708 0.0145132 0.00716188 0.918676
0 0.277111 0.546314 0.014741 0.00837266 0.917762
0 0.246507 0.599211 0.0150833 0.00828407 0.915623
0 0.461135 0.923384 0.0145413 0.00850756 0.914983
0 0.316603 0.795907 0.0148266 0.00749697 0.914935
0 0.148396 0.458274 0.0136259 0.00885676 0.914755
0 0.774283 0.480179 0.013797 0.00865709 0.912712
0 0.617917 0.554643 0.0140257 0.00782794 0.912484
0 0.329471 0.875362 0.0146363 0.00826185 0.908557
0 0.978027 0.628734 0.01587 0.00827916 0.907314
0 0.495712 0.621512 0.0137185 0.00733136 0.906373
0 0.720637 0.563087 0.0134081 0.00850478 0.905834
0 0.667503 0.63468 0.0158267 0.00801147 0.905681
0 0.374335 0.333844 0.0134818 0.00857447 0.904842
0 0.731754 0.334295 0.0141261 0.00842406 0.902482
0 0.281928 0.311185 0.0144518 0.00892597 0.90128
0 0.88009 0.71378 0.0167136 0.00934098 0.900867
0 0.838784 0.473657 0.0140583 0.00762485 0.896235
0 0.492135 0.585584 0.0133648 0.0088326 0.894643
0 0.199304 0.520572 0.0143111 0.0075482 0.893518
0 0.333031 0.686923 0.0151321 0.00830284 0.890896
0 0.169223 0.525285 0.0141637 0.0086946 0.88164
0 0.287128 0.23893 0.0151956 0.00821276 0.875964
0 0.537013 0.505594 0.0136282 0.00735807 0.875865
0 0.231069 0.403054 0.0145571 0.00784968 0.873524
0 0.176482 0.335793 0.0149026 0.00804426 0.871404
0 0.575209 0.761594 0.0146383 0.00778459 0.865996
0 0.60585 0.420336 0.0142599 0.00799545 0.859992
0 0.290259 0.300617 0.0135163 0.00884528 0.857235
0 0.276308 0.871807 0.0138399 0.00748983 0.853036
0 0.319081 0.961239 0.0132711 0.00840693 0.84227
0 0.307116 0.366164 0.0133655 0.00802824 0.839091
0 0.372703 0.889616 0.0135253 0.00820178 0.81894
0 0.234416 0.421753 0.0143713 0.00862561 0.810823
0 0.160029 0.493161 0.0133854 0.00827807 0.809062
0 0.386175 0.844056 0.0148537 0.00899748 0.794909
0 0.168018 0.297302 0.015167 0.00931501 0.781309
0 0.14075 0.490283 0.0145868 0.00795537 0.746935
0 0.114804 0.843427 0.0136915 0.00780275 0.746666
0 0.190124 0.180722 0.0157549 0.00877769 0.744027
0 0.804704 0.863731 0.0135825 0.00744629 0.598817
0 0.441375 0.194147 0.014271 0.00824704 0.550835
0 0.143523 0.268158 0.0160084 0.00869388 0.54754
0 0.119185 0.596422 0.0137829 0.00755431 0.440848
0 0.295962 0.797101 0.0124674 0.00697115 0.251273
0 0.108173 0.474323 0.0161661 0.00964891 0.142406
0 0.82049 0.192124 0.016707 0.00909996 0.928649
0 0.865966 0.27498 0.0155833 0.00935309 0.926588
0 0.244892 0.716777 0.0145162 0.00902848 0.922999
0 0.820061 0.615494 0.0151837 0.00900789 0.921346
0 0.61813 0.519708 0.0145132 0.00716188 0.918676
0 0.277111 0.546314 0.014741 0.00837266 0.917762
0 0.246507 0.599211 0.0150833 0.00828407 0.915623
0 0.461135 0.923384 0.0145413 0.00850756 0.914983
0 0.316603 0.795907 0.0148266 0.00749697 0.914935
0 0.148396 0.458274 0.0136259 0.00885676 0.914755
0 0.774283 0.480179 0.013797 0.00865709 0.912712
0 0.617917 0.554643 0.0140257 0.00782794 0.912484
0 0.329471 0.875362 0.0146363 0.00826185 0.908557
0 0.978027 0.628734 0.01587 0.00827916 0.907314
0 0.495712 0.621512 0.0137185 0.00733136 0.906373
0 0.720637 0.563087 0.0134081 0.00850478 0.905834
0 0.667503 0.63468 0.0158267 0.00801147 0.905681
0 0.374335 0.333844 0.0134818 0.00857447 0.904842
0 0.731754 0.334295 0.0141261 0.00842406 0.902482
0 0.281928 0.311185 0.0144518 0.00892597 0.90128
0 0.88009 0.71378 0.0167136 0.00934098 0.900867
0 0.838784 0.473657 0.0140583 0.00762485 0.896235
0 0.492135 0.585584 0.0133648 0.0088326 0.894643
0 0.199304 0.520572 0.0143111 0.0075482 0.893518
0 0.333031 0.686923 0.0151321 0.00830284 0.890896
0 0.169223 0.525285 0.0141637 0.0086946 0.88164
0 0.287128 0.23893 0.0151956 0.00821276 0.875964
0 0.537013 0.505594 0.0136282 0.00735807 0.875865
0 0.231069 0.403054 0.0145571 0.00784968 0.873524
0 0.176482 0.335793 0.0149026 0.00804426 0.871404
0 0.575209 0.761594 0.0146383 0.00778459 0.865996
0 0.60585 0.420336 0.0142599 0.00799545 0.859992
0 0.290259 0.300617 0.0135163 0.00884528 0.857235
0 0.276308 0.871807 0.0138399 0.00748983 0.853036
0 0.319081 0.961239 0.0132711 0.00840693 0.84227
0 0.307116 0.366164 0.0133655 0.00802824 0.839091
0 0.372703 0.889616 0.0135253 0.00820178 0.81894
0 0.234416 0.421753 0.0143713 0.00862561 0.810823
0 0.160029 0.493161 0.0133854 0.00827807 0.809062
0 0.386175 0.844056 0.0148537 0.00899748 0.794909
0 0.168018 0.297302 0.015167 0.00931501 0.781309
0 0.14075 0.490283 0.0145868 0.00795537 0.746935
0 0.114804 0.843427 0.0136915 0.00780275 0.746666
0 0.190124 0.180722 0.0157549 0.00877769 0.744027
0 0.804704 0.863731 0.0135825 0.00744629 0.598817
0 0.441375 0.194147 0.014271 0.00824704 0.550835
0 0.143523 0.268158 0.0160084 0.00869388 0.54754
0 0.119185 0.596422 0.0137829 0.00755431 0.440848
0 0.295962 0.797101 0.0124674 0.00697115 0.251273
0 0.108173 0.474323 0.0161661 0.00964891 0.142406
0 0.82049 0.192124 0.016707 0.00909996 0.928649
0 0.865966 0.27498 0.0155833 0.00935309 0.926588
0 0.244892 0.716777 0.0145162 0.00902848 0.922999
0 0.820061 0.615494 0.0151837 0.00900789 0.921346
0 0.61813 0.519708 0.0145132 0.00716188 0.918676
0 0.277111 0.546314 0.014741 0.00837266 0.917762
0 0.246507 0.599211 0.0150833 0.00828407 0.915623
0 0.461135 0.923384 0.0145413 0.00850756 0.914983
0 0.316603 0.795907 0.0148266 0.00749697 0.914935
0 0.148396 0.458274 0.0136259 0.00885676 0.914755
0 0.774283 0.480179 0.013797 0.00865709 0.912712
0 0.617917 0.554643 0.0140257 0.00782794 0.912484
0 0.329471 0.875362 0.0146363 0.00826185 0.908557
0 0.978027 0.628734 0.01587 0.00827916 0.907314
0 0.495712 0.621512 0.0137185 0.00733136 0.906373
0 0.720637 0.563087 0.0134081 0.00850478 0.905834
0 0.667503 0.63468 0.0158267 0.00801147 0.905681
0 0.374335 0.333844 0.0134818 0.00857447 0.904842
0 0.731754 0.334295 0.0141261 0.00842406 0.902482
0 0.281928 0.311185 0.0144518 0.00892597 0.90128
0 0.88009 0.71378 0.0167136 0.00934098 0.900867
0 0.838784 0.473657 0.0140583 0.00762485 0.896235
0 0.492135 0.585584 0.0133648 0.0088326 0.894643
0 0.199304 0.520572 0.0143111 0.0075482 0.893518
0 0.333031 0.686923 0.0151321 0.00830284 0.890896
0 0.169223 0.525285 0.0141637 0.0086946 0.88164
0 0.287128 0.23893 0.0151956 0.00821276 0.875964
0 0.537013 0.505594 0.0136282 0.00735807 0.875865
0 0.231069 0.403054 0.0145571 0.00784968 0.873524
0 0.176482 0.335793 0.0149026 0.00804426 0.871404
0 0.575209 0.761594 0.0146383 0.00778459 0.865996
0 0.60585 0.420336 0.0142599 0.00799545 0.859992
0 0.290259 0.300617 0.0135163 0.00884528 0.857235
0 0.276308 0.871807 0.0138399 0.00748983 0.853036
0 0.319081 0.961239 0.0132711 0.00840693 0.84227
0 0.307116 0.366164 0.0133655 0.00802824 0.839091
0 0.372703 0.889616 0.0135253 0.00820178 0.81894
0 0.234416 0.421753 0.0143713 0.00862561 0.810823
0 0.160029 0.493161 0.0133854 0.00827807 0.809062
0 0.386175 0.844056 0.0148537 0.00899748 0.794909
0 0.168018 0.297302 0.015167 0.00931501 0.781309
0 0.14075 0.490283 0.0145868 0.00795537 0.746935
0 0.114804 0.843427 0.0136915 0.00780275 0.746666
0 0.190124 0.180722 0.0157549 0.00877769 0.744027
0 0.804704 0.863731 0.0135825 0.00744629 0.598817
0 0.441375 0.194147 0.014271 0.00824704 0.550835
0 0.143523 0.268158 0.0160084 0.00869388 0.54754
0 0.119185 0.596422 0.0137829 0.00755431 0.440848
0 0.295962 0.797101 0.0124674 0.00697115 0.251273
0 0.108173 0.474323 0.0161661 0.00964891 0.142406
0 0.82049 0.192124 0.016707 0.00909996 0.928649
0 0.865966 0.27498 0.0155833 0.00935309 0.926588
0 0.244892 0.716777 0.0145162 0.00902848 0.922999
0 0.820061 0.615494 0.0151837 0.00900789 0.921346
0 0.61813 0.519708 0.0145132 0.00716188 0.918676
0 0.277111 0.546314 0.014741 0.00837266 0.917762
0 0.246507 0.599211 0.0150833 0.00828407 0.915623
0 0.461135 0.923384 0.0145413 0.00850756 0.914983
0 0.316603 0.795907 0.0148266 0.00749697 0.914935
0 0.148396 0.458274 0.0136259 0.00885676 0.914755
0 0.774283 0.480179 0.013797 0.00865709 0.912712
0 0.617917 0.554643 0.0140257 0.00782794 0.912484
0 0.329471 0.875362 0.0146363 0.00826185 0.908557
0 0.978027 0.628734 0.01587 0.00827916 0.907314
0 0.495712 0.621512 0.0137185 0.00733136 0.906373
0 0.720637 0.563087 0.0134081 0.00850478 0.905834
0 0.667503 0.63468 0.0158267 0.00801147 0.905681
0 0.374335 0.333844 0.0134818 0.00857447 0.904842
0 0.731754 0.334295 0.0141261 0.00842406 0.902482
0 0.281928 0.311185 0.0144518 0.00892597 0.90128
0 0.88009 0.71378 0.0167136 0.00934098 0.900867
0 0.838784 0.473657 0.0140583 0.00762485 0.896235
0 0.492135 0.585584 0.0133648 0.0088326 0.894643
0 0.199304 0.520572 0.0143111 0.0075482 0.893518
0 0.333031 0.686923 0.0151321 0.00830284 0.890896
0 0.169223 0.525285 0.0141637 0.0086946 0.88164
0 0.287128 0.23893 0.0151956 0.00821276 0.875964
0 0.537013 0.505594 0.0136282 0.00735807 0.875865
0 0.231069 0.403054 0.0145571 0.00784968 0.873524
0 0.176482 0.335793 0.0149026 0.00804426 0.871404
0 0.575209 0.761594 0.0146383 0.00778459 0.865996
0 0.60585 0.420336 0.0142599 0.00799545 0.859992
0 0.290259 0.300617 0.0135163 0.00884528 0.857235
0 0.276308 0.871807 0.0138399 0.00748983 0.853036
0 0.319081 0.961239 0.0132711 0.00840693 0.84227
0 0.307116 0.366164 0.0133655 0.00802824 0.839091
0 0.372703 0.889616 0.0135253 0.00820178 0.81894
0 0.234416 0.421753 0.0143713 0.00862561 0.810823
0 0.160029 0.493161 0.0133854 0.00827807 0.809062
0 0.386175 0.844056 0.0148537 0.00899748 0.794909
0 0.168018 0.297302 0.015167 0.00931501 0.781309
0 0.14075 0.490283 0.0145868 0.00795537 0.746935
0 0.114804 0.843427 0.0136915 0.00780275 0.746666
0 0.190124 0.180722 0.0157549 0.00877769 0.744027
0 0.804704 0.863731 0.0135825 0.00744629 0.598817
0 0.441375 0.194147 0.014271 0.00824704 0.550835
0 0.143523 0.268158 0.0160084 0.00869388 0.54754
0 0.119185 0.596422 0.0137829 0.00755431 0.440848
0 0.295962 0.797101 0.0124674 0.00697115 0.251273
0 0.108173 0.474323 0.0161661 0.00964891 0.142406
0 0.82049 0.192124 0.016707 0.00909996 0.928649
0 0.865966 0.27498 0.0155833 0.00935309 0.926588
0 0.244892 0.716777 0.0145162 0.00902848 0.922999
0 0.820061 0.615494 0.0151837 0.00900789 0.921346
0 0.61813 0.519708 0.0145132 0.00716188 0.918676
0 0.277111 0.546314 0.014741 0.00837266 0.917762
0 0.246507 0.599211 0.0150833 0.00828407 0.915623
0 0.461135 0.923384 0.0145413 0.00850756 0.914983
0 0.316603 0.795907 0.0148266 0.00749697 0.914935
0 0.148396 0.458274 0.0136259 0.00885676 0.914755
0 0.774283 0.480179 0.013797 0.00865709 0.912712
0 0.617917 0.554643 0.0140257 0.00782794 0.912484
0 0.329471 0.875362 0.0146363 0.00826185 0.908557
0 0.978027 0.628734 0.01587 0.00827916 0.907314
0 0.495712 0.621512 0.0137185 0.00733136 0.906373
0 0.720637 0.563087 0.0134081 0.00850478 0.905834
0 0.667503 0.63468 0.0158267 0.00801147 0.905681
0 0.374335 0.333844 0.0134818 0.00857447 0.904842
0 0.731754 0.334295 0.0141261 0.00842406 0.902482
0 0.281928 0.311185 0.0144518 0.00892597 0.90128
0 0.88009 0.71378 0.0167136 0.00934098 0.900867
0 0.838784 0.473657 0.0140583 0.00762485 0.896235
0 0.492135 0.585584 0.0133648 0.0088326 0.894643
0 0.199304 0.520572 0.0143111 0.0075482 0.893518
0 0.333031 0.686923 0.0151321 0.00830284 0.890896
0 0.169223 0.525285 0.0141637 0.0086946 0.88164
0 0.287128 0.23893 0.0151956 0.00821276 0.875964
0 0.537013 0.505594 0.0136282 0.00735807 0.875865
0 0.231069 0.403054 0.0145571 0.00784968 0.873524
0 0.176482 0.335793 0.0149026 0.00804426 0.871404
0 0.575209 0.761594 0.0146383 0.00778459 0.865996
0 0.60585 0.420336 0.0142599 0.00799545 0.859992
0 0.290259 0.300617 0.0135163 0.00884528 0.857235
0 0.276308 0.871807 0.0138399 0.00748983 0.853036
0 0.319081 0.961239 0.0132711 0.00840693 0.84227
0 0.307116 0.366164 0.0133655 0.00802824 0.839091
0 0.372703 0.889616 0.0135253 0.00820178 0.81894
0 0.234416 0.421753 0.0143713 0.00862561 0.810823
0 0.160029 0.493161 0.0133854 0.00827807 0.809062
0 0.386175 0.844056 0.0148537 0.00899748 0.794909
0 0.168018 0.297302 0.015167 0.00931501 0.781309
0 0.14075 0.490283 0.0145868 0.00795537 0.746935
0 0.114804 0.843427 0.0136915 0.00780275 0.746666
0 0.190124 0.180722 0.0157549 0.00877769 0.744027
0 0.804704 0.863731 0.0135825 0.00744629 0.598817
0 0.441375 0.194147 0.014271 0.00824704 0.550835
0 0.143523 0.268158 0.0160084 0.00869388 0.54754
0 0.119185 0.596422 0.0137829 0.00755431 0.440848
0 0.295962 0.797101 0.0124674 0.00697115 0.251273
0 0.108173 0.474323 0.0161661 0.00964891 0.142406
0 0.82049 0.192124 0.016707 0.00909996 0.928649
0 0.865966 0.27498 0.0155833 0.00935309 0.926588
0 0.244892 0.716777 0.0145162 0.00902848 0.922999
0 0.820061 0.615494 0.0151837 0.00900789 0.921346
0 0.61813 0.519708 0.0145132 0.00716188 0.918676
0 0.277111 0.546314 0.014741 0.00837266 0.917762
0 0.246507 0.599211 0.0150833 0.00828407 0.915623
0 0.461135 0.923384 0.0145413 0.00850756 0.914983
0 0.316603 0.795907 0.0148266 0.00749697 0.914935
0 0.148396 0.458274 0.0136259 0.00885676 0.914755
0 0.774283 0.480179 0.013797 0.00865709 0.912712
0 0.617917 0.554643 0.0140257 0.00782794 0.912484
0 0.329471 0.875362 0.0146363 0.00826185 0.908557
0 0.978027 0.628734 0.01587 0.00827916 0.907314
0 0.495712 0.621512 0.0137185 0.00733136 0.906373
0 0.720637 0.563087 0.0134081 0.00850478 0.905834
0 0.667503 0.63468 0.0158267 0.00801147 0.905681
0 0.374335 0.333844 0.0134818 0.00857447 0.904842
0 0.731754 0.334295 0.0141261 0.00842406 0.902482
0 0.281928 0.311185 0.0144518 0.00892597 0.90128
0 0.88009 0.71378 0.0167136 0.00934098 0.900867
0 0.838784 0.473657 0.0140583 0.00762485 0.896235
0 0.492135 0.585584 0.0133648 0.0088326 0.894643
0 0.199304 0.520572 0.0143111 0.0075482 0.893518
0 0.333031 0.686923 0.0151321 0.00830284 0.890896
0 0.169223 0.525285 0.0141637 0.0086946 0.88164
0 0.287128 0.23893 0.0151956 0.00821276 0.875964
0 0.537013 0.505594 0.0136282 0.00735807 0.875865
0 0.231069 0.403054 0.0145571 0.00784968 0.873524
0 0.176482 0.335793 0.0149026 0.00804426 0.871404
0 0.575209 0.761594 0.0146383 0.00778459 0.865996
0 0.60585 0.420336 0.0142599 0.00799545 0.859992
0 0.290259 0.300617 0.0135163 0.00884528 0.857235
0 0.276308 0.871807 0.0138399 0.00748983 0.853036
0 0.319081 0.961239 0.0132711 0.00840693 0.84227
0 0.307116 0.366164 0.0133655 0.00802824 0.839091
0 0.372703 0.889616 0.0135253 0.00820178 0.81894
0 0.234416 0.421753 0.0143713 0.00862561 0.810823
0 0.160029 0.493161 0.0133854 0.00827807 0.809062
0 0.386175 0.844056 0.0148537 0.00899748 0.794909
0 0.168018 0.297302 0.015167 0.00931501 0.781309
0 0.14075 0.490283 0.0145868 0.00795537 0.746935
0 0.114804 0.843427 0.0136915 0.00780275 0.746666
0 0.190124 0.180722 0.0157549 0.00877769 0.744027
0 0.804704 0.863731 0.0135825 0.00744629 0.598817
0 0.441375 0.194147 0.014271 0.00824704 0.550835
0 0.143523 0.268158 0.0160084 0.00869388 0.54754
0 0.119185 0.596422 0.0137829 0.00755431 0.440848
0 0.295962 0.797101 0.0124674 0.00697115 0.251273
0 0.108173 0.474323 0.0161661 0.00964891 0.142406
0 0.82049 0.192124 0.016707 0.00909996 0.928649
0 0.865966 0.27498 0.0155833 0.00935309 0.926588
0 0.244892 0.716777 0.0145162 0.00902848 0.922999
0 0.820061 0.615494 0.0151837 0.00900789 0.921346
0 0.61813 0.519708 0.0145132 0.00716188 0.918676
0 0.277111 0.546314 0.014741 0.00837266 0.917762
0 0.246507 0.599211 0.0150833 0.00828407 0.915623
0 0.461135 0.923384 0.0145413 0.00850756 0.914983
0 0.316603 0.795907 0.0148266 0.00749697 0.914935
0 0.148396 0.458274 0.0136259 0.00885676 0.914755
0 0.774283 0.480179 0.013797 0.00865709 0.912712
0 0.617917 0.554643 0.0140257 0.00782794 0.912484
0 0.329471 0.875362 0.0146363 0.00826185 0.908557
0 0.978027 0.628734 0.01587 0.00827916 0.907314
0 0.495712 0.621512 0.0137185 0.00733136 0.906373
0 0.720637 0.563087 0.0134081 0.00850478 0.905834
0 0.667503 0.63468 0.0158267 0.00801147 0.905681
0 0.374335 0.333844 0.0134818 0.00857447 0.904842
0 0.731754 0.334295 0.0141261 0.00842406 0.902482
0 0.281928 0.311185 0.0144518 0.00892597 0.90128
0 0.88009 0.71378 0.0167136 0.00934098 0.900867
0 0.838784 0.473657 0.0140583 0.00762485 0.896235
0 0.492135 0.585584 0.0133648 0.0088326 0.894643
0 0.199304 0.520572 0.0143111 0.0075482 0.893518
0 0.333031 0.686923 0.0151321 0.00830284 0.890896
0 0.169223 0.525285 0.0141637 0.0086946 0.88164
0 0.287128 0.23893 0.0151956 0.00821276 0.875964
0 0.537013 0.505594 0.0136282 0.00735807 0.875865
0 0.231069 0.403054 0.0145571 0.00784968 0.873524
0 0.176482 0.335793 0.0149026 0.00804426 0.871404
0 0.575209 0.761594 0.0146383 0.00778459 0.865996
0 0.60585 0.420336 0.0142599 0.00799545 0.859992
0 0.290259 0.300617 0.0135163 0.00884528 0.857235
0 0.276308 0.871807 0.0138399 0.00748983 0.853036
0 0.319081 0.961239 0.0132711 0.00840693 0.84227
0 0.307116 0.366164 0.0133655 0.00802824 0.839091
0 0.372703 0.889616 0.0135253 0.00820178 0.81894
0 0.234416 0.421753 0.0143713 0.00862561 0.810823
0 0.160029 0.493161 0.0133854 0.00827807 0.809062
0 0.386175 0.844056 0.0148537 0.00899748 0.794909
0 0.168018 0.297302 0.015167 0.00931501 0.781309
0 0.14075 0.490283 0.0145868 0.00795537 0.746935
0 0.114804 0.843427 0.0136915 0.00780275 0.746666
0 0.190124 0.180722 0.0157549 0.00877769 0.744027
0 0.804704 0.863731 0.0135825 0.00744629 0.598817
0 0.441375 0.194147 0.014271 0.00824704 0.550835
0 0.143523 0.268158 0.0160084 0.00869388 0.54754
0 0.119185 0.596422 0.0137829 0.00755431 0.440848
0 0.295962 0.797101 0.0124674 0.00697115 0.251273
0 0.108173 0.474323 0.0161661 0.00964891 0.142406
0 0.870607 0.500568 0.0068176 0.00733837 0.549521
0 0.190689 0.679859 0.0133504 0.0155295 0.413443
0 0.886125 0.579996 0.00707849 0.00865198 0.265979
0 0.0113774 0.175754 0.00953013 0.0114982 0.160454
0 0.0636098 0.455111 0.00943459 0.0113206 0.113797
0 0.202241 0.731051 0.00708349 0.00744721 0.338615
0 0.235963 0.701143 0.0120406 0.0138422 0.205394
0 0.798493 0.645837 0.00598858 0.00724223 0.168335
0 0.594309 0.707996 0.00656828 0.00729952 0.132304
0 0.581012 0.003446 0.00757338 0.00689201 0.121419
0 0.000912622 0.529425 0.00182524 0.0116842 0.111766
0 0.363965 0.0375737 0.00860643 0.00626145 0.730754
0 0.165788 0.43361 0.00590579 0.00463164 0.689078
0 0.0595782 0.152347 0.00755535 0.00500766 0.611032
0 0.461052 0.961919 0.00910767 0.00599339 0.577186
0 0.0931784 0.393068 0.00657305 0.00430042 0.573182
0 0.416801 0.196039 0.00660161 0.00384553 0.541281
0 0.0802821 0.318908 0.00821353 0.00523225 0.499009
0 0.0606371 0.758025 0.00627668 0.00435553 0.495134
0 0.226401 0.241029 0.0065755 0.00406193 0.42973
0 0.883713 0.247405 0.00714755 0.00430002 0.418944
0 0.375059 0.548327 0.00556084 0.00402594 0.405557
0 0.240978 0.253506 0.00693915 0.00405868 0.403383
0 0.303456 0.321807 0.00678639 0.00439802 0.393126
0 0.0629629 0.356106 0.00728665 0.00438959 0.391317
0 0.101183 0.415393 0.00761393 0.00494723 0.385787
0 0.0863166 0.767154 0.00689474 0.003975 0.362271
0 0.359277 0.693546 0.00644433 0.00434935 0.360633
0 0.00152614 0.23249 0.00302557 0.00630469 0.353323
0 0.178786 0.771491 0.00743127 0.00420942 0.352281
0 0.150797 0.491157 0.00743347 0.00432457 0.33196
0 0.152145 0.743455 0.00576129 0.00434967 0.323419
0 0.845374 0.267529 0.0147618 0.0091981 0.29531
0 0.0754203 0.772133 0.0077688 0.00538668 0.284117
0 0.180341 0.984276 0.00743206 0.00509197 0.283717
0 0.148128 0.441457 0.00833789 0.0050358 0.27994
0 0.305497 0.239836 0.00686793 0.00490239 0.279125
0 0.915537 0.16207 0.0132399 0.00779001 0.270188
0 0.302494 0.245597 0.00701141 0.00483512 0.26075
0 0.0919516 0.355855 0.00733905 0.00503765 0.258323
0 0.297445 0.0385224 0.00803908 0.00541266 0.250629
0 0.081305 0.422454 0.00869696 0.00598491 0.244448
0 0.330437 0.340313 0.01117 0.0058655 0.242622
0 0.0994026 0.439273 0.00878613 0.00488392 0.22997
0 0.641598 0.904507 0.00610753 0.00447179 0.229218
0 0.707482 0.262892 0.00653911 0.00445012 0.227089
0 0.25727 0.419775 0.00773696 0.00434766 0.223355
0 0.434784 0.970879 0.00708604 0.00437202 0.221285
0 0.304664 0.652448 0.00968921 0.00656226 0.217943
0 0.117674 0.361325 0.00986729 0.00573334 0.204194
0 0.337229 0.840798 0.00605237 0.00427029 0.201006
0 0.548529 0.66978 0.00810011 0.0048974 0.198003
0 0.499284 0.614071 0.00707877 0.00498232 0.191751
0 0.195229 0.151244 0.00672815 0.00478896 0.190927
0 0.296116 0.20005 0.00712818 0.0044229 0.183943
0 0.424915 0.778304 0.0087653 0.00499331 0.17139
0 0.0461115 0.339873 0.00805408 0.00479366 0.165614
0 0.0916344 0.416703 0.0107602 0.00734367 0.161657
0 0.359413 0.7867 0.00744311 0.00476301 0.153152
0 0.0735424 0.274322 0.00935944 0.0051863 0.149917
0 0.31921 0.233644 0.00703271 0.00460403 0.145961
0 0.562029 0.948301 0.00674792 0.00459418 0.144786
0 0.373412 0.821472 0.00738919 0.00449546 0.144715
0 0.463461 0.881716 0.00641632 0.00503405 0.144275
0 0.29768 0.390974 0.00664055 0.00442217 0.138853
0 0.821276 0.774724 0.00717894 0.00460649 0.137083
0 0.250493 0.791026 0.00744303 0.00419124 0.133681
0 0.705386 0.920319 0.0128027 0.0104062 0.129899
0 0.300125 0.928099 0.00694646 0.00485914 0.118421
0 0.160467 0.525181 0.0100039 0.00687689 0.117753
0 0.28886 0.393108 0.00768969 0.00454287 0.117153
0 0.051662 0.155354 0.00793791 0.00598117 0.110072
0 0.00192301 0.819245 0.00384602 0.00614579 0.109715
0 0.341614 0.634988 0.00615962 0.00472048 0.106144
0 0.269144 0.751499 0.0111833 0.00818259 0.935346
0 0.207647 0.0737316 0.0122097 0.00856063 0.927077
0 0.4212 0.528863 0.0107086 0.00732768 0.92609
0 0.267397 0.381652 0.0119365 0.00884327 0.925938
0 0.27297 0.414003 0.0114905 0.00823724 0.925289
0 0.269016 0.100658 0.0106644 0.00859853 0.923398
0 0.274224 0.169244 0.0124024 0.00890158 0.922954
0 0.32589 0.481776 0.0105324 0.00896665 0.922574
0 0.325607 0.398475 0.0117226 0.00914082 0.920319
0 0.340785 0.580564 0.0102611 0.00829476 0.918769
0 0.21395 0.403386 0.0103077 0.00846505 0.91873
0 0.266974 0.238159 0.0112554 0.0077401 0.917496
0 0.910138 0.288842 0.0109828 0.0081054 0.916313
0 0.391806 0.514716 0.0093176 0.00806367 0.916152
0 0.192406 0.638964 0.0112167 0.00858939 0.916051
0 0.138532 0.0690662 0.0119032 0.00846262 0.914861
0 0.357344 0.560519 0.0105017 0.00872624 0.913485
0 0.156622 0.181535 0.0121616 0.0084289 0.912856
0 0.130047 0.23407 0.0103807 0.00858639 0.910759
0 0.264318 0.338398 0.0100233 0.0086067 0.910119
0 0.264393 0.175461 0.0103173 0.00851749 0.909002
0 0.399016 0.553187 0.00988487 0.00829452 0.908737
0 0.267615 0.300331 0.011993 0.00809944 0.908175
0 0.176416 0.0501926 0.0107848 0.00808476 0.907785
0 0.399627 0.384206 0.0117829 0.00797549 0.906419
0 0.357281 0.712881 0.0115139 0.00812531 0.90545
0 0.751831 0.435478 0.010577 0.00704306 0.895475
0 0.212897 0.521588 0.0111026 0.00760144 0.894769
0 0.346237 0.476118 0.0117105 0.00795835 0.891447
0 0.180187 0.460161 0.0111198 0.00841635 0.890222
0 0.486242 0.340093 0.0114502 0.00940016 0.882111
0 0.260015 0.143529 0.0112451 0.0084509 0.881191
0 0.108723 0.252987 0.0120588 0.0090839 0.880432
0 0.169583 0.32806 0.010426 0.00814149 0.880334
0 0.132362 0.284202 0.0115092 0.00918362 0.879449
0 0.686806 0.500555 0.0112619 0.00809965 0.876953
0 0.0864613 0.185064 0.0111882 0.00848214 0.871547
0 0.416747 0.278395 0.00982539 0.00802037 0.871222
0 0.297726 0.167593 0.0114459 0.00854747 0.866019
0 0.357057 0.417752 0.010366 0.00885552 0.864401
0 0.0955413 0.272459 0.0110464 0.00901982 0.849763
0 0.217543 0.548398 0.0116811 0.007797 0.834766
0 0.523334 0.101152 0.0111099 0.00861371 0.829058
0 0.102041 0.0953851 0.00975823 0.00719123 0.827853
0 0.344922 0.0954939 0.0112826 0.00821371 0.818068
0 0.189587 0.335126 0.0092293 0.00818014 0.813662
0 0.139369 0.387272 0.0114452 0.00792679 0.772643
0 0.0972442 0.578271 0.0117532 0.00910318 0.769894
0 0.159066 0.352844 0.0103428 0.00816736 0.768443
0 0.0700756 0.454029 0.0112582 0.00804982 0.764381
0 0.169653 0.260898 0.0107469 0.00691923 0.747713
0 0.148706 0.170039 0.0103547 0.0077426 0.747036
0 0.167332 0.255714 0.0100841 0.00706339 0.743538
0 0.386954 0.0961462 0.0107306 0.00735009 0.739205
0 0.192448 0.163428 0.0106947 0.008757 0.725188
0 0.1196 0.341605 0.0119464 0.00816175 0.716407
0 0.103696 0.187099 0.0133715 0.0101607 0.690148
0 0.098667 0.203048 0.0101281 0.0084414 0.669021
0 0.244338 0.10693 0.0108982 0.00838708 0.634809
0 0.144069 0.25325 0.0106491 0.00720686 0.627456
0 0.164007 0.114692 0.0156416 0.0104216 0.557789
0 0.216368 0.115609 0.00981734 0.00782977 0.526344
0 0.0770465 0.494646 0.0100617 0.00853083 0.479625
0 0.178144 0.295183 0.00966185 0.00819042 0.474457
0 0.178462 0.347471 0.0114122 0.00878516 0.469676
0 0.197073 0.110431 0.00980626 0.00847979 0.444152
0 0.697914 0.116318 0.012644 0.00918821 0.432487
0 0.126108 0.77643 0.011208 0.00880092 0.431949
0 0.279252 0.214444 0.0103099 0.00905828 0.41446
0 0.40822 0.264384 0.0116257 0.00817424 0.388359
0 0.231656 0.126379 0.0111156 0.00763349 0.368406
0 0.0905035 0.146935 0.0121192 0.0096574 0.308917
0 0.105835 0.183196 0.0106669 0.00684406 0.282066
0 0.409538 0.145811 0.0116788 0.00868468 0.257706
0 0.214636 0.224694 0.00946222 0.0101869 0.21444
0 0.142984 0.122911 0.0107622 0.00938135 0.205818
0 0.178849 0.12403 0.011309 0.00959864 0.201461
0 0.214584 0.249337 0.0125202 0.00909831 0.181191
0 0.19244 0.116703 0.0123718 0.00833678 0.140291
0 0.156722 0.211391 0.0143651 0.0101915 0.126757
0 0.172951 0.131097 0.0101356 0.00830045 0.122593
0 0.0733532 0.52003 0.0137295 0.00935495 0.115469
0 0.117105 0.143893 0.0116594 0.00864911 0.111471
0 0.188611 0.239754 0.0200569 0.0124905 0.103202
0 0.367971 0.480075 0.0105905 0.00858226 0.938262
0 0.296097 0.158392 0.0100228 0.00847529 0.930618
0 0.46284 0.584834 0.0109674 0.00758457 0.926605
0 0.745861 0.384169 0.0107065 0.00779969 0.925304
0 0.35193 0.111601 0.0111316 0.00751098 0.925058
0 0.470688 0.29305 0.0101801 0.00838494 0.925029
0 0.297844 0.368313 0.00958933 0.00793922 0.922149
0 0.792686 0.378958 0.0108372 0.0072231 0.920586
0 0.707465 0.3982 0.0105334 0.00852424 0.919367
0 0.175537 0.241178 0.00974162 0.00794135 0.918382
0 0.62529 0.321185 0.00982277 0.00729945 0.917775
0 0.528367 0.406784 0.00998195 0.00801638 0.917113
0 0.374457 0.33769 0.0101492 0.00845611 0.916348
0 0.664911 0.432759 0.0113419 0.00761318 0.91609
0 0.349812 0.524655 0.0107483 0.00724792 0.91606
0 0.528174 0.289136 0.00972645 0.00844955 0.915732
0 0.628718 0.345123 0.0103552 0.00756919 0.915449
0 0.726779 0.676009 0.0104025 0.00782287 0.913681
0 0.520913 0.338179 0.0106882 0.00793061 0.913406
0 0.70707 0.46215 0.0106225 0.00734231 0.913343
0 0.811491 0.511222 0.0104257 0.00712848 0.91332
0 0.843311 0.444173 0.0110257 0.00786874 0.912732
0 0.768631 0.362633 0.0106171 0.00771967 0.912702
0 0.78999 0.199892 0.0102863 0.00757502 0.911915
0 0.761897 0.686706 0.0104675 0.007837 0.911679
0 0.84282 0.514216 0.0113331 0.00788492 0.91141
0 0.694786 0.557033 0.0108426 0.00749123 0.91123
0 0.0970325 0.682398 0.0103644 0.00842595 0.910935
0 0.485383 0.226996 0.0109374 0.00838567 0.910042
0 0.627278 0.192549 0.0100892 0.00830589 0.90817
0 0.35701 0.275748 0.0114021 0.00839144 0.908114
0 0.462232 0.473718 0.00985924 0.00818497 0.9081
0 0.738121 0.314322 0.0102926 0.00815424 0.906667
0 0.819748 0.673253 0.0105818 0.0083487 0.906392
0 0.819124 0.36673 0.010324 0.00747633 0.906225
0 0.807402 0.420992 0.0101803 0.00782517 0.905097
0 0.542005 0.20554 0.0105368 0.00861627 0.90454
0 0.589155 0.226675 0.00893946 0.00741991 0.903952
0 0.454542 0.455729 0.01039 0.00763425 0.903896
0 0.804318 0.364739 0.00946832 0.00805584 0.903695
0 0.830512 0.695542 0.00987212 0.00854313 0.903281
0 0.628564 0.524293 0.0098803 0.00781512 0.902199
0 0.298088 0.555978 0.0115243 0.00842535 0.902099
0 0.857178 0.20553 0.00994333 0.00847471 0.90207
0 0.471806 0.782589 0.010321 0.00832057 0.901688
0 0.521734 0.676399 0.00950034 0.00838089 0.900938
0 0.554259 0.744994 0.0104819 0.00736415 0.900933
0 0.626698 0.660416 0.00962289 0.00835097 0.900536
0 0.681666 0.608649 0.0115422 0.00795084 0.900495
0 0.727503 0.746114 0.0103029 0.00739986 0.898863
0 0.607297 0.491717 0.00955387 0.00786719 0.898389
0 0.899716 0.288526 0.00962989 0.00758785 0.897225
0 0.521764 0.738356 0.00964093 0.00816512 0.896835
0 0.547735 0.351103 0.00970189 0.0081684 0.896299
0 0.637187 0.687751 0.00938749 0.00784719 0.896293
0 0.836106 0.791648 0.0103569 0.0071817 0.895527
0 0.495693 0.469157 0.0101102 0.00763199 0.89528
0 0.86871 0.162825 0.00976499 0.00772028 0.894678
0 0.618895 0.350036 0.00927365 0.00770107 0.894078
0 0.873208 0.736288 0.0112394 0.00934458 0.893911
0 0.616166 0.570459 0.00896978 0.00811183 0.893904
0 0.848579 0.398027 0.0104704 0.0083994 0.893016
0 0.866586 0.731008 0.00956718 0.0079782 0.892736
0 0.456291 0.121574 0.0107942 0.00738189 0.891361
0 0.884288 0.433391 0.0105125 0.00733525 0.890487
0 0.788632 0.627022 0.0100202 0.00752407 0.890457
0 0.702635 0.455795 0.01056 0.00684455 0.888971
0 0.131477 0.494489 0.0106253 0.00755149 0.888719
0 0.58038 0.691652 0.00976181 0.00780243 0.888377
0 0.146523 0.149417 0.0104463 0.00684682 0.886103
0 0.735678 0.156267 0.00946387 0.00676921 0.885899
0 0.413603 0.735885 0.00950384 0.00795275 0.88474
0 0.65624 0.332027 0.0114894 0.00789845 0.882583
0 0.840678 0.295352 0.0111818 0.00820968 0.882502
0 0.56833 0.914579 0.0110136 0.00807381 0.882396
0 0.39276 0.143692 0.00988857 0.00861762 0.882276
0 0.155157 0.175376 0.0105735 0.00781679 0.88011
0 0.696954 0.344938 0.0104326 0.00887671 0.879413
0 0.529876 0.67762 0.00963513 0.00724906 0.87845
0 0.797252 0.470143 0.0105779 0.00754943 0.878079
0 0.889033 0.261026 0.0108924 0.00873849 0.876785
0 0.602092 0.674502 0.00960235 0.00718039 0.87662
0 0.767483 0.730592 0.0103639 0.00697619 0.875832
0 0.69672 0.124677 0.0103645 0.00785562 0.874039
0 0.322725 0.170514 0.0103438 0.00825505 0.872314
0 0.629252 0.909696 0.0104645 0.00740927 0.8715
0 0.91484 0.456347 0.00957561 0.00667265 0.869973
0 0.897417 0.349554 0.0110223 0.00768572 0.866753
0 0.0953192 0.227291 0.0101412 0.00708982 0.866473
0 0.14545 0.534179 0.010047 0.00805372 0.866148
0 0.810926 0.260973 0.00934005 0.00794381 0.864811
0 0.776192 0.423467 0.00984693 0.00714362 0.864065
0 0.194269 0.592592 0.0106476 0.00755453 0.863295
0 0.896318 0.357369 0.0100117 0.00681451 0.862725
0 0.899157 0.919828 0.00962806 0.00846535 0.861587
0 0.829522 0.459167 0.00899768 0.0076026 0.858474
0 0.291489 0.231789 0.0104344 0.00816856 0.857511
0 0.88358 0.567216 0.0093743 0.0079881 0.855987
0 0.834016 0.71216 0.0109495 0.00730085 0.855836
0 0.840531 0.654559 0.00977937 0.00717747 0.855099
0 0.638752 0.618858 0.0109426 0.00776428 0.853475
0 0.681218 0.779723 0.0103594 0.00824106 0.852933
0 0.627084 0.572585 0.0109268 0.00748491 0.852625
0 0.39787 0.583613 0.0100221 0.00650024 0.852131
0 0.620097 0.727957 0.0097998 0.00874603 0.849886
0 0.547494 0.795907 0.00931633 0.00756055 0.848948
0 0.531051 0.145562 0.00950762 0.00780609 0.848933
0 0.281943 0.772493 0.0103049 0.00742775 0.847969
0 0.363972 0.202842 0.0107098 0.00710581 0.841491
0 0.784567 0.668176 0.0106389 0.0073958 0.840745
0 0.535875 0.686824 0.0103711 0.00737 0.83827
0 0.949401 0.360797 0.00973622 0.00727519 0.832391
0 0.859268 0.754028 0.0095168 0.00781232 0.828469
0 0.739772 0.627983 0.0104272 0.00708044 0.826971
0 0.726501 0.376515 0.010021 0.00769514 0.823851
0 0.753575 0.502853 0.00950948 0.0076279 0.814839
0 0.671834 0.769355 0.00946967 0.00830173 0.806526
0 0.57034 0.716386 0.0100753 0.006634 0.804669
0 0.060563 0.686413 0.0101389 0.00675541 0.794825
0 0.0972473 0.922835 0.0117622 0.00800258 0.794232
0 0.408264 0.754181 0.0104707 0.00863975 0.791442
0 0.871182 0.651374 0.0109322 0.00790644 0.78862
0 0.584372 0.667221 0.00899466 0.00746602 0.785863
0 0.896697 0.590073 0.00891288 0.0062694 0.784466
0 0.656458 0.513955 0.00984959 0.00824994 0.782079
0 0.495801 0.221521 0.0102123 0.00845581 0.777643
0 0.595425 0.504951 0.00767819 0.00681382 0.764567
0 0.640024 0.182134 0.0113374 0.00746894 0.764441
0 0.768942 0.632243 0.00945989 0.00724155 0.763395
0 0.891939 0.645714 0.0104877 0.00723761 0.76231
0 0.939447 0.401733 0.0121106 0.00822049 0.758809
0 0.684391 0.696278 0.0102297 0.00761056 0.734615
0 0.800481 0.759768 0.010985 0.00765729 0.723821
0 0.822986 0.471392 0.00956066 0.00860661 0.723139
0 0.905883 0.228874 0.00911538 0.00650933 0.693374
0 0.596755 0.43523 0.00847328 0.00679389 0.673147
0 0.768914 0.795249 0.0104457 0.00784492 0.672619
0 0.864393 0.613463 0.0112751 0.00725961 0.67207
0 0.602856 0.386333 0.0082196 0.00702405 0.666555
0 0.894697 0.431639 0.0107718 0.0078198 0.659186
0 0.609345 0.319468 0.0101593 0.00712407 0.658819
0 0.505117 0.713824 0.0102979 0.00782192 0.658534
0 0.808305 0.497333 0.00929443 0.0075945 0.649934
0 0.604445 0.377186 0.0100275 0.00820202 0.649251
0 0.699063 0.713616 0.0104948 0.0079518 0.642648
0 0.940914 0.663593 0.0110118 0.00732017 0.638788
0 0.859009 0.636974 0.0101958 0.00747621 0.625786
0 0.833618 0.733291 0.00911522 0.00676292 0.617855
0 0.634174 0.360847 0.00866969 0.00670728 0.545303
0 0.602615 0.412502 0.00846465 0.00654051 0.539751
0 0.714192 0.335471 0.0105097 0.00827479 0.493773
0 0.666424 0.372667 0.0106651 0.00765309 0.447377
0 0.924411 0.395587 0.00879431 0.00743183 0.439518
0 0.794851 0.43839 0.0103706 0.00749937 0.427872
0 0.86777 0.628609 0.0124898 0.0119928 0.420359
0 0.597725 0.481794 0.00970892 0.00863647 0.407359
0 0.75732 0.779544 0.0115039 0.00895482 0.404988
0 0.952584 0.76077 0.00968162 0.00757664 0.402071
0 0.910588 0.658715 0.0116295 0.00819266 0.398657
0 0.904216 0.200645 0.0090007 0.0077873 0.386044
0 0.887401 0.525753 0.0107284 0.00772601 0.381871
0 0.91147 0.638513 0.0104208 0.00747389 0.368842
0 0.785347 0.705244 0.0102541 0.0070942 0.332106
0 0.93363 0.432534 0.00889905 0.00775251 0.32595
0 0.869967 0.532782 0.00952856 0.00792289 0.291314
0 0.887084 0.612224 0.010007 0.0076378 0.273178
0 0.893739 0.727621 0.0126089 0.00913906 0.268321
0 0.93225 0.169781 0.00940983 0.00717695 0.255814
0 0.610399 0.324706 0.0104528 0.00711894 0.251412
0 0.884267 0.550223 0.00969577 0.00709581 0.24236
0 0.882152 0.662338 0.0104471 0.00868213 0.240459
0 0.633889 0.714913 0.00994583 0.00750214 0.226926
0 0.793302 0.509952 0.0131319 0.00959682 0.226101
0 0.649296 0.824067 0.0118361 0.00873774 0.19709
0 0.946528 0.674768 0.00987466 0.00827044 0.192649
0 0.890797 0.336944 0.0118169 0.00824496 0.180623
0 0.600909 0.288734 0.0081073 0.00641423 0.175528
0 0.921034 0.417508 0.00988126 0.00849652 0.154274
0 0.575921 0.621624 0.00818694 0.00719857 0.153415
0 0.781835 0.681788 0.00925382 0.00830305 0.1531
0 0.949016 0.742775 0.00932082 0.00770408 0.152109
0 0.905516 0.419967 0.0125332 0.00924259 0.14795
0 0.94744 0.785857 0.0126639 0.00965053 0.144193
0 0.914145 0.685686 0.0120118 0.00955653 0.144116
0 0.732262 0.326326 0.0107852 0.00821105 0.136926
0 0.681108 0.691373 0.0108975 0.00809979 0.132715
0 0.840963 0.481817 0.0120354 0.00928935 0.128701
0 0.928407 0.451812 0.00908709 0.00904262 0.123813
0 0.944452 0.693997 0.0116443 0.00910413 0.113448
0 0.674689 0.601338 0.0117019 0.00916803 0.932397
0 0.659179 0.419278 0.0104236 0.00838959 0.929949
0 0.823762 0.949594 0.0105673 0.00824189 0.928042
0 0.79255 0.926098 0.0118314 0.00847644 0.925486
0 0.732721 0.618134 0.0120789 0.0089004 0.923045
0 0.807617 0.360693 0.0114329 0.00879782 0.917273
0 0.787199 0.478158 0.0112385 0.00770107 0.916364
0 0.733104 0.761548 0.0111491 0.00780308 0.916151
0 0.861678 0.930869 0.0118616 0.00850755 0.915666
0 0.578898 0.470959 0.0107205 0.00704363 0.913805
0 0.642733 0.439336 0.0104886 0.00877413 0.913586
0 0.727049 0.585669 0.0116205 0.00813019 0.912183
0 0.600443 0.615522 0.0116683 0.00786513 0.911755
0 0.725813 0.830462 0.0121229 0.00852543 0.910916
0 0.732452 0.699376 0.0121248 0.00792837 0.910905
0 0.730844 0.248384 0.0115296 0.00822936 0.910809
0 0.642804 0.287058 0.0116289 0.0081585 0.91028
0 0.64306 0.582001 0.0104377 0.00891262 0.910229
0 0.674183 0.518053 0.0106981 0.00895298 0.908694
0 0.0898824 0.710905 0.0108057 0.00823241 0.908134
0 0.785981 0.596344 0.0104998 0.00857365 0.907317
0 0.869996 0.765772 0.0103805 0.0084902 0.906874
0 0.600917 0.446661 0.00987005 0.00827837 0.906686
0 0.730949 0.898992 0.0107259 0.00856245 0.90476
0 0.735607 0.824264 0.0106234 0.00858516 0.904631
0 0.653878 0.523621 0.0118237 0.008012 0.901496
0 0.735671 0.661442 0.0098141 0.00865233 0.90021
0 0.583041 0.72125 0.00991412 0.00787663 0.895163
0 0.608157 0.485108 0.0092568 0.00804639 0.894928
0 0.830485 0.671642 0.0102346 0.00827157 0.894016
0 0.843311 0.818181 0.0119302 0.00812221 0.891747
0 0.513788 0.659453 0.0112514 0.0093075 0.888496
0 0.891362 0.74674 0.0113353 0.00886184 0.883464
0 0.313123 0.499189 0.0111135 0.00808489 0.878524
0 0.820174 0.539544 0.0113303 0.00828439 0.877665
0 0.476643 0.8985 0.0105304 0.00798988 0.876619
0 0.904528 0.727229 0.0108183 0.00887024 0.875144
0 0.654992 0.904138 0.0112787 0.00848746 0.865605
0 0.86778 0.715474 0.0114874 0.00895071 0.86276
0 0.810377 0.66456 0.0089035 0.00802052 0.860571
0 0.840962 0.646691 0.0101533 0.00810015 0.840182
0 0.248348 0.564209 0.01057 0.00691628 0.839606
0 0.860718 0.612442 0.0112475 0.00773787 0.838112
0 0.782478 0.451274 0.0116113 0.00790989 0.830728
0 0.302153 0.883412 0.0116974 0.00833213 0.824063
0 0.83279 0.743961 0.0102701 0.00742435 0.808424
0 0.922935 0.505135 0.0102812 0.00840759 0.806583
0 0.821951 0.704486 0.0100752 0.00830078 0.78955
0 0.897744 0.904246 0.0103717 0.00747645 0.749407
0 0.740009 0.856152 0.0111732 0.00835764 0.746713
0 0.613157 0.903533 0.01071 0.00742519 0.735171
0 0.902748 0.421414 0.0114796 0.00890312 0.727207
0 0.913774 0.814655 0.0106028 0.00847125 0.721934
0 0.591895 0.735261 0.0111597 0.00795829 0.72052
0 0.783659 0.884035 0.0101154 0.00808585 0.680509
0 0.821824 0.65252 0.0113339 0.00832969 0.676134
0 0.896592 0.812109 0.0129099 0.00889784 0.616497
0 0.901355 0.796613 0.0100658 0.00862443 0.616172
0 0.807667 0.83616 0.0104697 0.00890124 0.586397
0 0.803062 0.889676 0.00953229 0.00794494 0.58355
0 0.856039 0.746646 0.0107182 0.00742847 0.560152
0 0.755617 0.892926 0.0109017 0.00801218 0.548824
0 0.702279 0.832171 0.0113256 0.00837576 0.545633
0 0.830319 0.738692 0.0109476 0.00695837 0.502925
0 0.894395 0.816809 0.0102639 0.00646341 0.48853
0 0.880476 0.658075 0.0117406 0.0078097 0.475894
0 0.590778 0.853795 0.0118101 0.008156 0.460268
0 0.8514 0.829747 0.0103989 0.0076893 0.454314
0 0.909485 0.853106 0.0123096 0.00910532 0.34084
0 0.873919 0.223226 0.01127 0.00900273 0.32066
0 0.835759 0.885382 0.0155013 0.0104877 0.290218
0 0.72066 0.785043 0.0097901 0.00815195 0.269453
0 0.811193 0.760724 0.0194518 0.0134672 0.198308
0 0.929949 0.545753 0.0116212 0.00841784 0.196982
0 0.819309 0.876926 0.0153335 0.0122366 0.187797
0 0.768217 0.873836 0.0118791 0.00954211 0.181287
0 0.785181 0.749766 0.0118475 0.0110097 0.175746
0 0.785407 0.776204 0.0124631 0.00972229 0.14794
0 0.806959 0.883147 0.0112705 0.00772905 0.128395
0 0.589813 0.907332 0.0118386 0.00821894 0.104694
0 0.79505 0.87295 0.00929435 0.0103438 0.101699
0 0.674689 0.601338 0.0117019 0.00916803 0.932397
0 0.659179 0.419278 0.0104236 0.00838959 0.929949
0 0.823762 0.949594 0.0105673 0.00824189 0.928042
0 0.79255 0.926098 0.0118314 0.00847644 0.925486
0 0.732721 0.618134 0.0120789 0.0089004 0.923045
0 0.807617 0.360693 0.0114329 0.00879782 0.917273
0 0.787199 0.478158 0.0112385 0.00770107 0.916364
0 0.733104 0.761548 0.0111491 0.00780308 0.916151
0 0.861678 0.930869 0.0118616 0.00850755 0.915666
0 0.578898 0.470959 0.0107205 0.00704363 0.913805
0 0.642733 0.439336 0.0104886 0.00877413 0.913586
0 0.727049 0.585669 0.0116205 0.00813019 0.912183
0 0.600443 0.615522 0.0116683 0.00786513 0.911755
0 0.725813 0.830462 0.0121229 0.00852543 0.910916
0 0.732452 0.699376 0.0121248 0.00792837 0.910905
0 0.730844 0.248384 0.0115296 0.00822936 0.910809
0 0.642804 0.287058 0.0116289 0.0081585 0.91028
0 0.64306 0.582001 0.0104377 0.00891262 0.910229
0 0.674183 0.518053 0.0106981 0.00895298 0.908694
0 0.0898824 0.710905 0.0108057 0.00823241 0.908134
0 0.785981 0.596344 0.0104998 0.00857365 0.907317
0 0.869996 0.765772 0.0103805 0.0084902 0.906874
0 0.600917 0.446661 0.00987005 0.00827837 0.906686
0 0.730949 0.898992 0.0107259 0.00856245 0.90476
0 0.735607 0.824264 0.0106234 0.00858516 0.904631
0 0.653878 0.523621 0.0118237 0.008012 0.901496
0 0.735671 0.661442 0.0098141 0.00865233 0.90021
0 0.583041 0.72125 0.00991412 0.00787663 0.895163
0 0.608157 0.485108 0.0092568 0.00804639 0.894928
0 0.830485 0.671642 0.0102346 0.00827157 0.894016
0 0.843311 0.818181 0.0119302 0.00812221 0.891747
0 0.513788 0.659453 0.0112514 0.0093075 0.888496
0 0.891362 0.74674 0.0113353 0.00886184 0.883464
0 0.313123 0.499189 0.0111135 0.00808489 0.878524
0 0.820174 0.539544 0.0113303 0.00828439 0.877665
0 0.476643 0.8985 0.0105304 0.00798988 0.876619
0 0.904528 0.727229 0.0108183 0.00887024 0.875144
0 0.654992 0.904138 0.0112787 0.00848746 0.865605
0 0.86778 0.715474 0.0114874 0.00895071 0.86276
0 0.810377 0.66456 0.0089035 0.00802052 0.860571
0 0.840962 0.646691 0.0101533 0.00810015 0.840182
0 0.248348 0.564209 0.01057 0.00691628 0.839606
0 0.860718 0.612442 0.0112475 0.00773787 0.838112
0 0.782478 0.451274 0.0116113 0.00790989 0.830728
0 0.302153 0.883412 0.0116974 0.00833213 0.824063
0 0.83279 0.743961 0.0102701 0.00742435 0.808424
0 0.922935 0.505135 0.0102812 0.00840759 0.806583
0 0.821951 0.704486 0.0100752 0.00830078 0.78955
0 0.897744 0.904246 0.0103717 0.00747645 0.749407
0 0.740009 0.856152 0.0111732 0.00835764 0.746713
0 0.613157 0.903533 0.01071 0.00742519 0.735171
0 0.902748 0.421414 0.0114796 0.00890312 0.727207
0 0.913774 0.814655 0.0106028 0.00847125 0.721934
0 0.591895 0.735261 0.0111597 0.00795829 0.72052
0 0.783659 0.884035 0.0101154 0.00808585 0.680509
0 0.821824 0.65252 0.0113339 0.00832969 0.676134
0 0.896592 0.812109 0.0129099 0.00889784 0.616497
0 0.901355 0.796613 0.0100658 0.00862443 0.616172
0 0.807667 0.83616 0.0104697 0.00890124 0.586397
0 0.803062 0.889676 0.00953229 0.00794494 0.58355
0 0.856039 0.746646 0.0107182 0.00742847 0.560152
0 0.755617 0.892926 0.0109017 0.00801218 0.548824
0 0.702279 0.832171 0.0113256 0.00837576 0.545633
0 0.830319 0.738692 0.0109476 0.00695837 0.502925
0 0.894395 0.816809 0.0102639 0.00646341 0.48853
0 0.880476 0.658075 0.0117406 0.0078097 0.475894
0 0.590778 0.853795 0.0118101 0.008156 0.460268
0 0.8514 0.829747 0.0103989 0.0076893 0.454314
0 0.909485 0.853106 0.0123096 0.00910532 0.34084
0 0.873919 0.223226 0.01127 0.00900273 0.32066
0 0.835759 0.885382 0.0155013 0.0104877 0.290218
0 0.72066 0.785043 0.0097901 0.00815195 0.269453
0 0.811193 0.760724 0.0194518 0.0134672 0.198308
0 0.929949 0.545753 0.0116212 0.00841784 0.196982
0 0.819309 0.876926 0.0153335 0.0122366 0.187797
0 0.768217 0.873836 0.0118791 0.00954211 0.181287
0 0.785181 0.749766 0.0118475 0.0110097 0.175746
0 0.785407 0.776204 0.0124631 0.00972229 0.14794
0 0.806959 0.883147 0.0112705 0.00772905 0.128395
0 0.589813 0.907332 0.0118386 0.00821894 0.104694
0 0.79505 0.87295 0.00929435 0.0103438 0.101699
0 0.537339 0.415097 0.0109316 0.00754467 0.93087
0 0.528301 0.21722 0.0104742 0.00844136 0.927739
0 0.478359 0.323417 0.00972982 0.00841117 0.927526
0 0.292507 0.601676 0.0105731 0.00854546 0.92623
0 0.335174 0.567129 0.0113194 0.00755346 0.926019
0 0.273207 0.323724 0.0106358 0.00794131 0.925737
0 0.545525 0.544305 0.0103561 0.00758147 0.925335
0 0.374744 0.678616 0.00974162 0.00713229 0.924363
0 0.529322 0.706761 0.0100603 0.00827658 0.923196
0 0.471701 0.593089 0.00987482 0.00795174 0.923005
0 0.157122 0.485647 0.011259 0.00777629 0.922028
0 0.305198 0.442807 0.0111184 0.00741488 0.921609
0 0.632144 0.519933 0.0104799 0.00851542 0.921351
0 0.169471 0.304253 0.0100896 0.00844923 0.920564
0 0.504271 0.530707 0.00976555 0.00742221 0.9204
0 0.207419 0.620852 0.0106837 0.00723499 0.919446
0 0.514524 0.772669 0.0108047 0.00824475 0.91731
0 0.231473 0.6372 0.010536 0.00753558 0.916656
0 0.381147 0.649808 0.00922787 0.00748324 0.915744
0 0.343985 0.667741 0.0115853 0.00793409 0.915102
0 0.192583 0.578795 0.0102053 0.00799966 0.914195
0 0.373369 0.339483 0.00969648 0.00820485 0.913569
0 0.254146 0.615589 0.010902 0.00767243 0.913026
0 0.702183 0.631455 0.00948342 0.0078823 0.912422
0 0.62555 0.662167 0.00988964 0.0084635 0.912387
0 0.261989 0.685422 0.0100111 0.00789446 0.911536
0 0.537696 0.526176 0.00990546 0.0081479 0.910971
0 0.181011 0.633026 0.0100405 0.0071885 0.909899
0 0.37273 0.807185 0.00972807 0.00819039 0.909763
0 0.371422 0.654805 0.0102498 0.007514 0.909575
0 0.180083 0.326494 0.0103478 0.00845453 0.909561
0 0.643107 0.723978 0.0111824 0.00822967 0.908795
0 0.163899 0.208066 0.0107604 0.00739995 0.908331
0 0.37148 0.475743 0.00989703 0.00777671 0.907849
0 0.46427 0.313025 0.0103472 0.00744408 0.907818
0 0.602022 0.415986 0.00993208 0.00668237 0.907013
0 0.11578 0.566424 0.0105497 0.00734609 0.906605
0 0.650199 0.475173 0.0105892 0.00721255 0.906493
0 0.457968 0.794228 0.0102898 0.0084219 0.90644
0 0.238033 0.313033 0.0105728 0.00781605 0.905957
0 0.702076 0.443787 0.0118599 0.00871456 0.905573
0 0.29303 0.537668 0.0107188 0.00720066 0.90556
0 0.478128 0.261413 0.00977103 0.00832918 0.905166
0 0.211451 0.372852 0.0103815 0.00759497 0.903401
0 0.156722 0.555559 0.0113002 0.00798434 0.902423
0 0.189089 0.738732 0.00917073 0.00755262 0.901228
0 0.195687 0.635034 0.00942224 0.00807971 0.899983
0 0.452271 0.648761 0.00958848 0.00813115 0.899871
0 0.318469 0.391162 0.0116873 0.00808015 0.899083
0 0.133344 0.268809 0.00961372 0.00801897 0.898827
0 0.21006 0.799889 0.00981704 0.00720668 0.8985
0 0.471833 0.710582 0.00959031 0.00822836 0.898229
0 0.159408 0.704386 0.010837 0.00794333 0.897213
0 0.86867 0.50535 0.0107005 0.00748622 0.896317
0 0.131289 0.837035 0.00957541 0.00768214 0.896248
0 0.151629 0.601665 0.0100164 0.00824022 0.896205
0 0.41081 0.773159 0.00900356 0.0074138 0.896118
0 0.648045 0.888304 0.0110089 0.00729424 0.895604
0 0.419744 0.308212 0.0100713 0.00790989 0.894317
0 0.844841 0.824255 0.0102497 0.00761592 0.894099
0 0.361354 0.381026 0.0107019 0.00764781 0.893452
0 0.297368 0.543993 0.0106573 0.00700676 0.893111
0 0.188666 0.488697 0.0105275 0.00723591 0.890596
0 0.272391 0.253471 0.0104056 0.00726084 0.890399
0 0.142878 0.794337 0.00975751 0.00824171 0.889149
0 0.392628 0.508189 0.00938173 0.0077399 0.88783
0 0.103575 0.64232 0.00989253 0.00684237 0.886603
0 0.903044 0.317268 0.0104953 0.0084748 0.886286
0 0.431656 0.0853544 0.0112798 0.00826236 0.884757
0 0.824438 0.758652 0.00953062 0.00764954 0.884753
0 0.264237 0.843435 0.00904636 0.0065769 0.883796
0 0.452248 0.203884 0.00946832 0.00790259 0.883208
0 0.0851159 0.543428 0.00985077 0.00684601 0.882231
0 0.100224 0.711182 0.00947766 0.00757939 0.88126
0 0.47003 0.322238 0.00968619 0.00725117 0.88088
0 0.504099 0.778063 0.0103262 0.00857931 0.878962
0 0.159442 0.345189 0.0100686 0.0071964 0.876832
0 0.303183 0.875263 0.0101454 0.00779009 0.876775
0 0.1128 0.474112 0.010199 0.00750685 0.876675
0 0.479172 0.6617 0.0108368 0.00776291 0.876323
0 0.165927 0.287651 0.0112782 0.00769043 0.875127
0 0.403141 0.564448 0.00854623 0.00702649 0.871933
0 0.853558 0.850312 0.0102591 0.00670737 0.871259
0 0.111121 0.73877 0.0103434 0.0084365 0.869863
0 0.223735 0.576343 0.00993125 0.00699949 0.8692
0 0.607297 0.856023 0.00965381 0.00839913 0.868769
0 0.360066 0.817589 0.0110801 0.00754076 0.868344
0 0.494743 0.286023 0.0100764 0.00756735 0.867606
0 0.379905 0.271707 0.0101929 0.00904399 0.86739
0 0.100759 0.0799824 0.00965003 0.00842807 0.866737
0 0.397909 0.325164 0.00986421 0.00719589 0.86608
0 0.854781 0.46549 0.0106541 0.00825655 0.865895
0 0.445764 0.254522 0.0104345 0.00713247 0.865523
0 0.202621 0.529555 0.0107172 0.00771862 0.863945
0 0.102623 0.650198 0.0106651 0.00739646 0.863301
0 0.383916 0.429362 0.00898854 0.00803262 0.862556
0 0.703909 0.841251 0.0098873 0.00833261 0.861064
0 0.636075 0.796882 0.0103593 0.00676709 0.860912
0 0.318713 0.219951 0.0103929 0.00816564 0.859993
0 0.80592 0.407016 0.0106658 0.00744793 0.853313
0 0.415597 0.332554 0.00905005 0.00739476 0.852809
0 0.404579 0.494726 0.0076805 0.00716904 0.849992
0 0.302937 0.654667 0.0102773 0.00831044 0.8488
0 0.260285 0.371815 0.0105955 0.00721991 0.842538
0 0.543725 0.878282 0.0104984 0.00703138 0.839238
0 0.232507 0.269174 0.0105391 0.00715873 0.839077
0 0.390806 0.680255 0.010026 0.00706804 0.833324
0 0.128941 0.348349 0.0109225 0.00795689 0.828612
0 0.718067 0.227149 0.0109298 0.00789836 0.827278
0 0.46879 0.85421 0.00920085 0.00781375 0.818513
0 0.362682 0.312023 0.00952717 0.00793472 0.816911
0 0.170417 0.540543 0.00910322 0.00744432 0.816803
0 0.904684 0.772524 0.009962 0.00700313 0.811399
0 0.591465 0.245705 0.00989234 0.00808473 0.806122
0 0.273382 0.623219 0.0100096 0.00773537 0.804977
0 0.0506647 0.638958 0.00985117 0.00735557 0.797984
0 0.902717 0.076816 0.011416 0.00792437 0.794341
0 0.126829 0.263383 0.0114759 0.00955614 0.789751
0 0.205452 0.56151 0.00971244 0.00701791 0.786266
0 0.586299 0.26382 0.00919334 0.00772527 0.781555
0 0.395818 0.622567 0.00935121 0.00803208 0.780196
0 0.397082 0.613536 0.00833027 0.00691986 0.773386
0 0.2465 0.496965 0.00962851 0.00780874 0.772398
0 0.0716028 0.548167 0.00846324 0.00740051 0.767129
0 0.372789 0.4272 0.010796 0.00750083 0.752069
0 0.424126 0.378171 0.00804722 0.00713348 0.745695
0 0.429616 0.283447 0.0103749 0.00688124 0.736603
0 0.180732 0.281331 0.0107221 0.00749817 0.730753
0 0.370811 0.0900987 0.0107123 0.00763329 0.729723
0 0.0755145 0.604229 0.00834869 0.00706351 0.72818
0 0.397377 0.587196 0.00861494 0.00640172 0.724327
0 0.11632 0.432509 0.00954768 0.00826555 0.72055
0 0.191481 0.502485 0.00957278 0.00752243 0.719959
0 0.939581 0.313331 0.0100656 0.00690162 0.716967
0 0.0941745 0.770919 0.00900206 0.00648028 0.70828
0 0.0474402 0.23913 0.00919699 0.00747664 0.704263
0 0.300951 0.286145 0.0105102 0.00785479 0.703277
0 0.176924 0.528251 0.00923254 0.0083701 0.697374
0 0.151992 0.73953 0.0106191 0.00734729 0.690587
0 0.677414 0.829115 0.010145 0.00808388 0.686991
0 0.315618 0.303677 0.0103185 0.00791761 0.660907
0 0.328014 0.230402 0.00981661 0.00892378 0.657363
0 0.230913 0.367511 0.0101937 0.00748158 0.639052
0 0.402281 0.518158 0.00960958 0.00820082 0.637848
0 0.708427 0.76773 0.0100451 0.00787729 0.636056
0 0.199354 0.239968 0.0113792 0.00751971 0.635068
0 0.231333 0.204481 0.0104159 0.00798303 0.627517
0 0.103282 0.409602 0.00893798 0.00604492 0.601719
0 0.365789 0.638865 0.00846144 0.00659263 0.598613
0 0.215533 0.331665 0.01101 0.00759369 0.596303
0 0.344888 0.533342 0.0100727 0.00724679 0.594183
0 0.0608507 0.597994 0.0114877 0.00825125 0.558623
0 0.14074 0.245728 0.00997708 0.00828195 0.533412
0 0.333656 0.627118 0.0103902 0.00734884 0.533316
0 0.166285 0.266429 0.0095525 0.00693268 0.514828
0 0.130195 0.467 0.00973413 0.00780925 0.481508
0 0.0677656 0.8299 0.00937967 0.0074836 0.471771
0 0.34339 0.485857 0.00988444 0.00806865 0.453876
0 0.10794 0.354147 0.0113627 0.00832027 0.415674
0 0.11295 0.387718 0.0101685 0.00779718 0.403738
0 0.267686 0.673273 0.0102245 0.00775862 0.400263
0 0.317469 0.306193 0.0145329 0.0134119 0.394832
0 0.218063 0.318003 0.00950168 0.00862518 0.386919
0 0.108256 0.665114 0.0143221 0.011263 0.381125
0 0.0589441 0.33657 0.0117002 0.00864711 0.376874
0 0.141196 0.362873 0.0107171 0.0077689 0.365109
0 0.285738 0.664087 0.0107045 0.00870752 0.342786
0 0.242746 0.220655 0.0111955 0.00863579 0.33875
0 0.24829 0.454382 0.0120213 0.0089587 0.31418
0 0.109721 0.663224 0.0107843 0.00737691 0.30424
0 0.214882 0.294916 0.0111203 0.00839281 0.295456
0 0.0895583 0.341265 0.0118443 0.00846115 0.291597
0 0.0790097 0.582872 0.0097402 0.00814146 0.266819
0 0.132427 0.371369 0.0129714 0.012127 0.256726
0 0.319052 0.308439 0.0112241 0.00829989 0.255663
0 0.0855597 0.314418 0.00912552 0.00668797 0.252628
0 0.366039 0.284801 0.0103184 0.00803927 0.252277
0 0.0940404 0.580375 0.0112167 0.00895751 0.2515
0 0.105445 0.568889 0.0115476 0.00996947 0.249993
0 0.241813 0.501737 0.0105053 0.00772926 0.246091
0 0.423136 0.246701 0.00948985 0.00731866 0.236573
0 0.0772425 0.280062 0.0115396 0.00982472 0.222569
0 0.117489 0.337455 0.0123292 0.00928301 0.212565
0 0.0957698 0.799369 0.0092314 0.0079875 0.196881
0 0.0766867 0.489262 0.0119692 0.00892282 0.187231
0 0.105601 0.632377 0.00985022 0.00824058 0.184044
0 0.135373 0.255315 0.0123399 0.00957721 0.173771
0 0.0524982 0.214494 0.014184 0.0101652 0.171689
0 0.183333 0.756014 0.00923465 0.0078578 0.167309
0 0.0664742 0.567291 0.00943079 0.0086894 0.162263
0 0.15925 0.518346 0.0123328 0.0088765 0.160765
0 0.114518 0.283726 0.0121077 0.00922102 0.158403
0 0.0884074 0.361959 0.0110782 0.008679 0.131809
0 0.414326 0.318167 0.01352 0.00950888 0.128644
0 0.0869673 0.281793 0.0104957 0.00827685 0.127213
0 0.105271 0.27194 0.01322 0.0102623 0.124269
0 0.0641843 0.228617 0.0116197 0.00855255 0.122262
0 0.350607 0.176037 0.0161013 0.0120388 0.120652
0 0.0535066 0.325707 0.0095152 0.00973958 0.116553
0 0.135923 0.386622 0.0115122 0.00932929 0.111967
0 0.537339 0.415097 0.0109316 0.00754467 0.93087
0 0.528301 0.21722 0.0104742 0.00844136 0.927739
0 0.478359 0.323417 0.00972982 0.00841117 0.927526
0 0.292507 0.601676 0.0105731 0.00854546 0.92623
0 0.335174 0.567129 0.0113194 0.00755346 0.926019
0 0.273207 0.323724 0.0106358 0.00794131 0.925737
0 0.545525 0.544305 0.0103561 0.00758147 0.925335
0 0.374744 0.678616 0.00974162 0.00713229 0.924363
0 0.529322 0.706761 0.0100603 0.00827658 0.923196
0 0.471701 0.593089 0.00987482 0.00795174 0.923005
0 0.157122 0.485647 0.011259 0.00777629 0.922028
0 0.305198 0.442807 0.0111184 0.00741488 0.921609
0 0.632144 0.519933 0.0104799 0.00851542 0.921351
0 0.169471 0.304253 0.0100896 0.00844923 0.920564
0 0.504271 0.530707 0.00976555 0.00742221 0.9204
0 0.207419 0.620852 0.0106837 0.00723499 0.919446
0 0.514524 0.772669 0.0108047 0.00824475 0.91731
0 0.231473 0.6372 0.010536 0.00753558 0.916656
0 0.381147 0.649808 0.00922787 0.00748324 0.915744
0 0.343985 0.667741 0.0115853 0.00793409 0.915102
0 0.192583 0.578795 0.0102053 0.00799966 0.914195
0 0.373369 0.339483 0.00969648 0.00820485 0.913569
0 0.254146 0.615589 0.010902 0.00767243 0.913026
0 0.702183 0.631455 0.00948342 0.0078823 0.912422
0 0.62555 0.662167 0.00988964 0.0084635 0.912387
0 0.261989 0.685422 0.0100111 0.00789446 0.911536
0 0.537696 0.526176 0.00990546 0.0081479 0.910971
0 0.181011 0.633026 0.0100405 0.0071885 0.909899
0 0.37273 0.807185 0.00972807 0.00819039 0.909763
0 0.371422 0.654805 0.0102498 0.007514 0.909575
0 0.180083 0.326494 0.0103478 0.00845453 0.909561
0 0.643107 0.723978 0.0111824 0.00822967 0.908795
0 0.163899 0.208066 0.0107604 0.00739995 0.908331
0 0.37148 0.475743 0.00989703 0.00777671 0.907849
0 0.46427 0.313025 0.0103472 0.00744408 0.907818
0 0.602022 0.415986 0.00993208 0.00668237 0.907013
0 0.11578 0.566424 0.0105497 0.00734609 0.906605
0 0.650199 0.475173 0.0105892 0.00721255 0.906493
0 0.457968 0.794228 0.0102898 0.0084219 0.90644
0 0.238033 0.313033 0.0105728 0.00781605 0.905957
0 0.702076 0.443787 0.0118599 0.00871456 0.905573
0 0.29303 0.537668 0.0107188 0.00720066 0.90556
0 0.478128 0.261413 0.00977103 0.00832918 0.905166
0 0.211451 0.372852 0.0103815 0.00759497 0.903401
0 0.156722 0.555559 0.0113002 0.00798434 0.902423
0 0.189089 0.738732 0.00917073 0.00755262 0.901228
0 0.195687 0.635034 0.00942224 0.00807971 0.899983
0 0.452271 0.648761 0.00958848 0.00813115 0.899871
0 0.318469 0.391162 0.0116873 0.00808015 0.899083
0 0.133344 0.268809 0.00961372 0.00801897 0.898827
0 0.21006 0.799889 0.00981704 0.00720668 0.8985
0 0.471833 0.710582 0.00959031 0.00822836 0.898229
0 0.159408 0.704386 0.010837 0.00794333 0.897213
0 0.86867 0.50535 0.0107005 0.00748622 0.896317
0 0.131289 0.837035 0.00957541 0.00768214 0.896248
0 0.151629 0.601665 0.0100164 0.00824022 0.896205
0 0.41081 0.773159 0.00900356 0.0074138 0.896118
0 0.648045 0.888304 0.0110089 0.00729424 0.895604
0 0.419744 0.308212 0.0100713 0.00790989 0.894317
0 0.844841 0.824255 0.0102497 0.00761592 0.894099
0 0.361354 0.381026 0.0107019 0.00764781 0.893452
0 0.297368 0.543993 0.0106573 0.00700676 0.893111
0 0.188666 0.488697 0.0105275 0.00723591 0.890596
0 0.272391 0.253471 0.0104056 0.00726084 0.890399
0 0.142878 0.794337 0.00975751 0.00824171 0.889149
0 0.392628 0.508189 0.00938173 0.0077399 0.88783
0 0.103575 0.64232 0.00989253 0.00684237 0.886603
0 0.903044 0.317268 0.0104953 0.0084748 0.886286
0 0.431656 0.0853544 0.0112798 0.00826236 0.884757
0 0.824438 0.758652 0.00953062 0.00764954 0.884753
0 0.264237 0.843435 0.00904636 0.0065769 0.883796
0 0.452248 0.203884 0.00946832 0.00790259 0.883208
0 0.0851159 0.543428 0.00985077 0.00684601 0.882231
0 0.100224 0.711182 0.00947766 0.00757939 0.88126
0 0.47003 0.322238 0.00968619 0.00725117 0.88088
0 0.504099 0.778063 0.0103262 0.00857931 0.878962
0 0.159442 0.345189 0.0100686 0.0071964 0.876832
0 0.303183 0.875263 0.0101454 0.00779009 0.876775
0 0.1128 0.474112 0.010199 0.00750685 0.876675
0 0.479172 0.6617 0.0108368 0.00776291 0.876323
0 0.165927 0.287651 0.0112782 0.00769043 0.875127
0 0.403141 0.564448 0.00854623 0.00702649 0.871933
0 0.853558 0.850312 0.0102591 0.00670737 0.871259
0 0.111121 0.73877 0.0103434 0.0084365 0.869863
0 0.223735 0.576343 0.00993125 0.00699949 0.8692
0 0.607297 0.856023 0.00965381 0.00839913 0.868769
0 0.360066 0.817589 0.0110801 0.00754076 0.868344
0 0.494743 0.286023 0.0100764 0.00756735 0.867606
0 0.379905 0.271707 0.0101929 0.00904399 0.86739
0 0.100759 0.0799824 0.00965003 0.00842807 0.866737
0 0.397909 0.325164 0.00986421 0.00719589 0.86608
0 0.854781 0.46549 0.0106541 0.00825655 0.865895
0 0.445764 0.254522 0.0104345 0.00713247 0.865523
0 0.202621 0.529555 0.0107172 0.00771862 0.863945
0 0.102623 0.650198 0.0106651 0.00739646 0.863301
0 0.383916 0.429362 0.00898854 0.00803262 0.862556
0 0.703909 0.841251 0.0098873 0.00833261 0.861064
0 0.636075 0.796882 0.0103593 0.00676709 0.860912
0 0.318713 0.219951 0.0103929 0.00816564 0.859993
0 0.80592 0.407016 0.0106658 0.00744793 0.853313
0 0.415597 0.332554 0.00905005 0.00739476 0.852809
0 0.404579 0.494726 0.0076805 0.00716904 0.849992
0 0.302937 0.654667 0.0102773 0.00831044 0.8488
0 0.260285 0.371815 0.0105955 0.00721991 0.842538
0 0.543725 0.878282 0.0104984 0.00703138 0.839238
0 0.232507 0.269174 0.0105391 0.00715873 0.839077
0 0.390806 0.680255 0.010026 0.00706804 0.833324
0 0.128941 0.348349 0.0109225 0.00795689 0.828612
0 0.718067 0.227149 0.0109298 0.00789836 0.827278
0 0.46879 0.85421 0.00920085 0.00781375 0.818513
0 0.362682 0.312023 0.00952717 0.00793472 0.816911
0 0.170417 0.540543 0.00910322 0.00744432 0.816803
0 0.904684 0.772524 0.009962 0.00700313 0.811399
0 0.591465 0.245705 0.00989234 0.00808473 0.806122
0 0.273382 0.623219 0.0100096 0.00773537 0.804977
0 0.0506647 0.638958 0.00985117 0.00735557 0.797984
0 0.902717 0.076816 0.011416 0.00792437 0.794341
0 0.126829 0.263383 0.0114759 0.00955614 0.789751
0 0.205452 0.56151 0.00971244 0.00701791 0.786266
0 0.586299 0.26382 0.00919334 0.00772527 0.781555
0 0.395818 0.622567 0.00935121 0.00803208 0.780196
0 0.397082 0.613536 0.00833027 0.00691986 0.773386
0 0.2465 0.496965 0.00962851 0.00780874 0.772398
0 0.0716028 0.548167 0.00846324 0.00740051 0.767129
0 0.372789 0.4272 0.010796 0.00750083 0.752069
0 0.424126 0.378171 0.00804722 0.00713348 0.745695
0 0.429616 0.283447 0.0103749 0.00688124 0.736603
0 0.180732 0.281331 0.0107221 0.00749817 0.730753
0 0.370811 0.0900987 0.0107123 0.00763329 0.729723
0 0.0755145 0.604229 0.00834869 0.00706351 0.72818
0 0.397377 0.587196 0.00861494 0.00640172 0.724327
0 0.11632 0.432509 0.00954768 0.00826555 0.72055
0 0.191481 0.502485 0.00957278 0.00752243 0.719959
0 0.939581 0.313331 0.0100656 0.00690162 0.716967
0 0.0941745 0.770919 0.00900206 0.00648028 0.70828
0 0.0474402 0.23913 0.00919699 0.00747664 0.704263
0 0.300951 0.286145 0.0105102 0.00785479 0.703277
0 0.176924 0.528251 0.00923254 0.0083701 0.697374
0 0.151992 0.73953 0.0106191 0.00734729 0.690587
0 0.677414 0.829115 0.010145 0.00808388 0.686991
0 0.315618 0.303677 0.0103185 0.00791761 0.660907
0 0.328014 0.230402 0.00981661 0.00892378 0.657363
0 0.230913 0.367511 0.0101937 0.00748158 0.639052
0 0.402281 0.518158 0.00960958 0.00820082 0.637848
0 0.708427 0.76773 0.0100451 0.00787729 0.636056
0 0.199354 0.239968 0.0113792 0.00751971 0.635068
0 0.231333 0.204481 0.0104159 0.00798303 0.627517
0 0.103282 0.409602 0.00893798 0.00604492 0.601719
0 0.365789 0.638865 0.00846144 0.00659263 0.598613
0 0.215533 0.331665 0.01101 0.00759369 0.596303
0 0.344888 0.533342 0.0100727 0.00724679 0.594183
0 0.0608507 0.597994 0.0114877 0.00825125 0.558623
0 0.14074 0.245728 0.00997708 0.00828195 0.533412
0 0.333656 0.627118 0.0103902 0.00734884 0.533316
0 0.166285 0.266429 0.0095525 0.00693268 0.514828
0 0.130195 0.467 0.00973413 0.00780925 0.481508
0 0.0677656 0.8299 0.00937967 0.0074836 0.471771
0 0.34339 0.485857 0.00988444 0.00806865 0.453876
0 0.10794 0.354147 0.0113627 0.00832027 0.415674
0 0.11295 0.387718 0.0101685 0.00779718 0.403738
0 0.267686 0.673273 0.0102245 0.00775862 0.400263
0 0.317469 0.306193 0.0145329 0.0134119 0.394832
0 0.218063 0.318003 0.00950168 0.00862518 0.386919
0 0.108256 0.665114 0.0143221 0.011263 0.381125
0 0.0589441 0.33657 0.0117002 0.00864711 0.376874
0 0.141196 0.362873 0.0107171 0.0077689 0.365109
0 0.285738 0.664087 0.0107045 0.00870752 0.342786
0 0.242746 0.220655 0.0111955 0.00863579 0.33875
0 0.24829 0.454382 0.0120213 0.0089587 0.31418
0 0.109721 0.663224 0.0107843 0.00737691 0.30424
0 0.214882 0.294916 0.0111203 0.00839281 0.295456
0 0.0895583 0.341265 0.0118443 0.00846115 0.291597
0 0.0790097 0.582872 0.0097402 0.00814146 0.266819
0 0.132427 0.371369 0.0129714 0.012127 0.256726
0 0.319052 0.308439 0.0112241 0.00829989 0.255663
0 0.0855597 0.314418 0.00912552 0.00668797 0.252628
0 0.366039 0.284801 0.0103184 0.00803927 0.252277
0 0.0940404 0.580375 0.0112167 0.00895751 0.2515
0 0.105445 0.568889 0.0115476 0.00996947 0.249993
0 0.241813 0.501737 0.0105053 0.00772926 0.246091
0 0.423136 0.246701 0.00948985 0.00731866 0.236573
0 0.0772425 0.280062 0.0115396 0.00982472 0.222569
0 0.117489 0.337455 0.0123292 0.00928301 0.212565
0 0.0957698 0.799369 0.0092314 0.0079875 0.196881
0 0.0766867 0.489262 0.0119692 0.00892282 0.187231
0 0.105601 0.632377 0.00985022 0.00824058 0.184044
0 0.135373 0.255315 0.0123399 0.00957721 0.173771
0 0.0524982 0.214494 0.014184 0.0101652 0.171689
0 0.183333 0.756014 0.00923465 0.0078578 0.167309
0 0.0664742 0.567291 0.00943079 0.0086894 0.162263
0 0.15925 0.518346 0.0123328 0.0088765 0.160765
0 0.114518 0.283726 0.0121077 0.00922102 0.158403
0 0.0884074 0.361959 0.0110782 0.008679 0.131809
0 0.414326 0.318167 0.01352 0.00950888 0.128644
0 0.0869673 0.281793 0.0104957 0.00827685 0.127213
0 0.105271 0.27194 0.01322 0.0102623 0.124269
0 0.0641843 0.228617 0.0116197 0.00855255 0.122262
0 0.350607 0.176037 0.0161013 0.0120388 0.120652
0 0.0535066 0.325707 0.0095152 0.00973958 0.116553
0 0.135923 0.386622 0.0115122 0.00932929 0.111967
0 0.363965 0.0375737 0.00860643 0.00626145 0.730754
0 0.165788 0.43361 0.00590579 0.00463164 0.689078
0 0.0595782 0.152347 0.00755535 0.00500766 0.611032
0 0.461052 0.961919 0.00910767 0.00599339 0.577186
0 0.0931784 0.393068 0.00657305 0.00430042 0.573182
0 0.416801 0.196039 0.00660161 0.00384553 0.541281
0 0.0802821 0.318908 0.00821353 0.00523225 0.499009
0 0.0606371 0.758025 0.00627668 0.00435553 0.495134
0 0.226401 0.241029 0.0065755 0.00406193 0.42973
0 0.883713 0.247405 0.00714755 0.00430002 0.418944
0 0.375059 0.548327 0.00556084 0.00402594 0.405557
0 0.240978 0.253506 0.00693915 0.00405868 0.403383
0 0.303456 0.321807 0.00678639 0.00439802 0.393126
0 0.0629629 0.356106 0.00728665 0.00438959 0.391317
0 0.101183 0.415393 0.00761393 0.00494723 0.385787
0 0.0863166 0.767154 0.00689474 0.003975 0.362271
0 0.359277 0.693546 0.00644433 0.00434935 0.360633
0 0.00152614 0.23249 0.00302557 0.00630469 0.353323
0 0.178786 0.771491 0.00743127 0.00420942 0.352281
0 0.150797 0.491157 0.00743347 0.00432457 0.33196
0 0.152145 0.743455 0.00576129 0.00434967 0.323419
0 0.845374 0.267529 0.0147618 0.0091981 0.29531
0 0.0754203 0.772133 0.0077688 0.00538668 0.284117
0 0.180341 0.984276 0.00743206 0.00509197 0.283717
0 0.148128 0.441457 0.00833789 0.0050358 0.27994
0 0.305497 0.239836 0.00686793 0.00490239 0.279125
0 0.915537 0.16207 0.0132399 0.00779001 0.270188
0 0.302494 0.245597 0.00701141 0.00483512 0.26075
0 0.0919516 0.355855 0.00733905 0.00503765 0.258323
0 0.297445 0.0385224 0.00803908 0.00541266 0.250629
0 0.081305 0.422454 0.00869696 0.00598491 0.244448
0 0.330437 0.340313 0.01117 0.0058655 0.242622
0 0.0994026 0.439273 0.00878613 0.00488392 0.22997
0 0.641598 0.904507 0.00610753 0.00447179 0.229218
0 0.707482 0.262892 0.00653911 0.00445012 0.227089
0 0.25727 0.419775 0.00773696 0.00434766 0.223355
0 0.434784 0.970879 0.00708604 0.00437202 0.221285
0 0.304664 0.652448 0.00968921 0.00656226 0.217943
0 0.117674 0.361325 0.00986729 0.00573334 0.204194
0 0.337229 0.840798 0.00605237 0.00427029 0.201006
0 0.548529 0.66978 0.00810011 0.0048974 0.198003
0 0.499284 0.614071 0.00707877 0.00498232 0.191751
0 0.195229 0.151244 0.00672815 0.00478896 0.190927
0 0.296116 0.20005 0.00712818 0.0044229 0.183943
0 0.424915 0.778304 0.0087653 0.00499331 0.17139
0 0.0461115 0.339873 0.00805408 0.00479366 0.165614
0 0.0916344 0.416703 0.0107602 0.00734367 0.161657
0 0.359413 0.7867 0.00744311 0.00476301 0.153152
0 0.0735424 0.274322 0.00935944 0.0051863 0.149917
0 0.31921 0.233644 0.00703271 0.00460403 0.145961
0 0.562029 0.948301 0.00674792 0.00459418 0.144786
0 0.373412 0.821472 0.00738919 0.00449546 0.144715
0 0.463461 0.881716 0.00641632 0.00503405 0.144275
0 0.29768 0.390974 0.00664055 0.00442217 0.138853
0 0.821276 0.774724 0.00717894 0.00460649 0.137083
0 0.250493 0.791026 0.00744303 0.00419124 0.133681
0 0.705386 0.920319 0.0128027 0.0104062 0.129899
0 0.300125 0.928099 0.00694646 0.00485914 0.118421
0 0.160467 0.525181 0.0100039 0.00687689 0.117753
0 0.28886 0.393108 0.00768969 0.00454287 0.117153
0 0.051662 0.155354 0.00793791 0.00598117 0.110072
0 0.00192301 0.819245 0.00384602 0.00614579 0.109715
0 0.341614 0.634988 0.00615962 0.00472048 0.106144
0 0.766045 0.109326 0.0105597 0.00977146 0.203122
0 0.647076 0.641819 0.00991544 0.0130771 0.90481
0 0.410566 0.410585 0.00912515 0.012055 0.90334
0 0.553696 0.436292 0.00970369 0.0122185 0.902089
0 0.471998 0.623461 0.00971305 0.0129179 0.899674
0 0.64535 0.426782 0.00983041 0.0126248 0.890466
0 0.490238 0.537053 0.0100673 0.0127722 0.888799
0 0.549407 0.276535 0.010611 0.0110644 0.883202
0 0.551554 0.713882 0.010658 0.0136666 0.883168
0 0.309326 0.55309 0.0101149 0.0128089 0.873962
0 0.521032 0.442975 0.00946267 0.0114358 0.869966
0 0.940124 0.814417 0.010088 0.0117495 0.852619
0 0.389483 0.363161 0.00955021 0.0110233 0.84604
0 0.434791 0.125609 0.00906007 0.0106352 0.840935
0 0.36144 0.655326 0.0111617 0.0124719 0.840808
0 0.856769 0.346847 0.0104013 0.0122072 0.839626
0 0.561941 0.463025 0.0106786 0.0117409 0.837407
0 0.215734 0.876396 0.0106737 0.0129896 0.822459
0 0.873987 0.403704 0.010587 0.0113935 0.821127
0 0.721564 0.593165 0.00951387 0.0118496 0.785899
0 0.49284 0.72131 0.00993203 0.013403 0.78278
0 0.888631 0.13999 0.00980811 0.0116523 0.777469
0 0.293693 0.14648 0.0099816 0.0113462 0.774016
0 0.389552 0.634264 0.010675 0.0124358 0.764102
0 0.490911 0.148018 0.00906026 0.0114425 0.755851
0 0.171172 0.483928 0.0104714 0.0115909 0.752529
0 0.26007 0.131548 0.0096634 0.0112898 0.705156
0 0.269927 0.575329 0.0111352 0.0126195 0.647828
0 0.660616 0.362131 0.0103563 0.0107293 0.639034
0 0.207543 0.519067 0.0103164 0.0128496 0.635717
0 0.163964 0.555352 0.00932167 0.0128532 0.629173
0 0.351112 0.591707 0.0104354 0.0115253 0.568455
0 0.128272 0.501096 0.0107178 0.0117235 0.554236
0 0.315123 0.464899 0.0109037 0.0113496 0.543276
0 0.489487 0.0629167 0.00914021 0.0122645 0.539963
0 0.396674 0.0752174 0.00949802 0.0130019 0.525491
0 0.245535 0.609596 0.0111271 0.012606 0.510312
0 0.390766 0.168702 0.00864897 0.0120926 0.510289
0 0.174596 0.379109 0.0111771 0.0128363 0.496322
0 0.401187 0.295794 0.00934195 0.0123402 0.481675
0 0.324306 0.315932 0.011516 0.012972 0.479958
0 0.275672 0.68549 0.0104335 0.0133998 0.476023
0 0.422547 0.391219 0.00755795 0.0105314 0.475876
0 0.399227 0.62616 0.0094675 0.0119959 0.442457
0 0.708348 0.31682 0.0111169 0.0125636 0.436989
0 0.196071 0.77471 0.0100176 0.0138004 0.42766
0 0.391239 0.2931 0.0112901 0.0114791 0.421742
0 0.193578 0.119386 0.0090888 0.0133355 0.420681
0 0.310931 0.455862 0.0113981 0.0117847 0.400987
0 0.143271 0.868524 0.0102101 0.0143534 0.383105
0 0.48307 0.146295 0.00978032 0.0122177 0.381481
0 0.383596 0.609519 0.00795544 0.0099203 0.37092
0 0.221099 0.584548 0.0120295 0.0134527 0.370797
0 0.319234 0.635343 0.0105112 0.0131637 0.362926
0 0.499257 0.643364 0.0111531 0.0130246 0.360253
0 0.337438 0.241394 0.0111689 0.0117459 0.351767
0 0.128495 0.942312 0.0107445 0.0134713 0.344053
0 0.208321 0.606588 0.00849858 0.0123851 0.338981
0 0.668651 0.740009 0.0116475 0.0137848 0.337489
0 0.294293 0.050349 0.0102689 0.0113712 0.333101
0 0.0974818 0.466211 0.0106242 0.0117584 0.331405
0 0.347336 0.0192858 0.00956038 0.0133346 0.297094
0 0.148606 0.351448 0.0105905 0.0132074 0.287602
0 0.477018 0.133625 0.0110436 0.0131536 0.282402
0 0.209105 0.627203 0.00840248 0.0119695 0.281938
0 0.45921 0.0536235 0.0108063 0.0107527 0.277347
0 0.0836665 0.56008 0.008568 0.0115364 0.26403
0 0.192968 0.604709 0.0107589 0.013223 0.257968
0 0.392782 0.672001 0.011024 0.013153 0.255341
0 0.92237 0.133779 0.0129154 0.0139843 0.248949
0 0.264729 0.395187 0.0101489 0.0120904 0.245391
0 0.0889328 0.526489 0.0102001 0.0131007 0.232816
0 0.338661 0.00562046 0.00909339 0.0112409 0.217864
0 0.431009 0.159598 0.00933383 0.0117267 0.206691
0 0.165969 0.718767 0.0141652 0.0178058 0.204498
0 0.134527 0.325917 0.0102242 0.0125948 0.197737
0 0.203013 0.150257 0.0103111 0.0133308 0.191026
0 0.135695 0.301224 0.00954007 0.0140285 0.190056
0 0.206835 0.383866 0.0110405 0.0125444 0.18607
0 0.594349 0.0432427 0.00880581 0.0116455 0.177628
0 0.289046 0.586814 0.0112351 0.0139073 0.174487
0 0.590617 0.0678555 0.00907691 0.0122993 0.169234
0 0.252381 0.208012 0.0107965 0.0132745 0.156265
0 0.41422 0.149206 0.00967545 0.0120491 0.152776
0 0.232393 0.21501 0.0120838 0.0152727 0.151643
0 0.80464 0.265217 0.0108389 0.0135149 0.151484
0 0.353398 0.49972 0.0120337 0.0133943 0.149943
0 0.110474 0.554926 0.0119578 0.0139398 0.145666
0 0.152001 0.180718 0.0112432 0.0128305 0.145367
0 0.110592 0.620284 0.0113087 0.0135747 0.138269
0 0.105263 0.0848079 0.0095353 0.0131207 0.136206
0 0.383519 0.0931985 0.00984938 0.0122681 0.128319
0 0.444064 0.0927044 0.00988365 0.0121053 0.123378
0 0.12429 0.846441 0.00866055 0.011674 0.122128
0 0.856708 0.79305 0.0107235 0.0142175 0.116319
0 0.193743 0.442912 0.0104774 0.014416 0.115512
0 0.884283 0.900638 0.0118762 0.0147611 0.11309
0 0.255207 0.0712739 0.0114366 0.012689 0.10798
0 0.130266 0.187983 0.0118308 0.0146434 0.100579
0 0.674689 0.601338 0.0117019 0.00916803 0.932397
0 0.659179 0.419278 0.0104236 0.00838959 0.929949
0 0.823762 0.949594 0.0105673 0.00824189 0.928042
0 0.79255 0.926098 0.0118314 0.00847644 0.925486
0 0.732721 0.618134 0.0120789 0.0089004 0.923045
0 0.807617 0.360693 0.0114329 0.00879782 0.917273
0 0.787199 0.478158 0.0112385 0.00770107 0.916364
0 0.733104 0.761548 0.0111491 0.00780308 0.916151
0 0.861678 0.930869 0.0118616 0.00850755 0.915666
0 0.578898 0.470959 0.0107205 0.00704363 0.913805
0 0.642733 0.439336 0.0104886 0.00877413 0.913586
0 0.727049 0.585669 0.0116205 0.00813019 0.912183
0 0.600443 0.615522 0.0116683 0.00786513 0.911755
0 0.725813 0.830462 0.0121229 0.00852543 0.910916
0 0.732452 0.699376 0.0121248 0.00792837 0.910905
0 0.730844 0.248384 0.0115296 0.00822936 0.910809
0 0.642804 0.287058 0.0116289 0.0081585 0.91028
0 0.64306 0.582001 0.0104377 0.00891262 0.910229
0 0.674183 0.518053 0.0106981 0.00895298 0.908694
0 0.0898824 0.710905 0.0108057 0.00823241 0.908134
0 0.785981 0.596344 0.0104998 0.00857365 0.907317
0 0.869996 0.765772 0.0103805 0.0084902 0.906874
0 0.600917 0.446661 0.00987005 0.00827837 0.906686
0 0.730949 0.898992 0.0107259 0.00856245 0.90476
0 0.735607 0.824264 0.0106234 0.00858516 0.904631
0 0.653878 0.523621 0.0118237 0.008012 0.901496
0 0.735671 0.661442 0.0098141 0.00865233 0.90021
0 0.583041 0.72125 0.00991412 0.00787663 0.895163
0 0.608157 0.485108 0.0092568 0.00804639 0.894928
0 0.830485 0.671642 0.0102346 0.00827157 0.894016
0 0.843311 0.818181 0.0119302 0.00812221 0.891747
0 0.513788 0.659453 0.0112514 0.0093075 0.888496
0 0.891362 0.74674 0.0113353 0.00886184 0.883464
0 0.313123 0.499189 0.0111135 0.00808489 0.878524
0 0.820174 0.539544 0.0113303 0.00828439 0.877665
0 0.476643 0.8985 0.0105304 0.00798988 0.876619
0 0.904528 0.727229 0.0108183 0.00887024 0.875144
0 0.654992 0.904138 0.0112787 0.00848746 0.865605
0 0.86778 0.715474 0.0114874 0.00895071 0.86276
0 0.810377 0.66456 0.0089035 0.00802052 0.860571
0 0.840962 0.646691 0.0101533 0.00810015 0.840182
0 0.248348 0.564209 0.01057 0.00691628 0.839606
0 0.860718 0.612442 0.0112475 0.00773787 0.838112
0 0.782478 0.451274 0.0116113 0.00790989 0.830728
0 0.302153 0.883412 0.0116974 0.00833213 0.824063
0 0.83279 0.743961 0.0102701 0.00742435 0.808424
0 0.922935 0.505135 0.0102812 0.00840759 0.806583
0 0.821951 0.704486 0.0100752 0.00830078 0.78955
0 0.897744 0.904246 0.0103717 0.00747645 0.749407
0 0.740009 0.856152 0.0111732 0.00835764 0.746713
0 0.613157 0.903533 0.01071 0.00742519 0.735171
0 0.902748 0.421414 0.0114796 0.00890312 0.727207
0 0.913774 0.814655 0.0106028 0.00847125 0.721934
0 0.591895 0.735261 0.0111597 0.00795829 0.72052
0 0.783659 0.884035 0.0101154 0.00808585 0.680509
0 0.821824 0.65252 0.0113339 0.00832969 0.676134
0 0.896592 0.812109 0.0129099 0.00889784 0.616497
0 0.901355 0.796613 0.0100658 0.00862443 0.616172
0 0.807667 0.83616 0.0104697 0.00890124 0.586397
0 0.803062 0.889676 0.00953229 0.00794494 0.58355
0 0.856039 0.746646 0.0107182 0.00742847 0.560152
0 0.755617 0.892926 0.0109017 0.00801218 0.548824
0 0.702279 0.832171 0.0113256 0.00837576 0.545633
0 0.830319 0.738692 0.0109476 0.00695837 0.502925
0 0.894395 0.816809 0.0102639 0.00646341 0.48853
0 0.880476 0.658075 0.0117406 0.0078097 0.475894
0 0.590778 0.853795 0.0118101 0.008156 0.460268
0 0.8514 0.829747 0.0103989 0.0076893 0.454314
0 0.909485 0.853106 0.0123096 0.00910532 0.34084
0 0.873919 0.223226 0.01127 0.00900273 0.32066
0 0.835759 0.885382 0.0155013 0.0104877 0.290218
0 0.72066 0.785043 0.0097901 0.00815195 0.269453
0 0.811193 0.760724 0.0194518 0.0134672 0.198308
0 0.929949 0.545753 0.0116212 0.00841784 0.196982
0 0.819309 0.876926 0.0153335 0.0122366 0.187797
0 0.768217 0.873836 0.0118791 0.00954211 0.181287
0 0.785181 0.749766 0.0118475 0.0110097 0.175746
0 0.785407 0.776204 0.0124631 0.00972229 0.14794
0 0.806959 0.883147 0.0112705 0.00772905 0.128395
0 0.589813 0.907332 0.0118386 0.00821894 0.104694
0 0.79505 0.87295 0.00929435 0.0103438 0.101699
0 0.674689 0.601338 0.0117019 0.00916803 0.932397
0 0.659179 0.419278 0.0104236 0.00838959 0.929949
0 0.823762 0.949594 0.0105673 0.00824189 0.928042
0 0.79255 0.926098 0.0118314 0.00847644 0.925486
0 0.732721 0.618134 0.0120789 0.0089004 0.923045
0 0.807617 0.360693 0.0114329 0.00879782 0.917273
0 0.787199 0.478158 0.0112385 0.00770107 0.916364
0 0.733104 0.761548 0.0111491 0.00780308 0.916151
0 0.861678 0.930869 0.0118616 0.00850755 0.915666
0 0.578898 0.470959 0.0107205 0.00704363 0.913805
0 0.642733 0.439336 0.0104886 0.00877413 0.913586
0 0.727049 0.585669 0.0116205 0.00813019 0.912183
0 0.600443 0.615522 0.0116683 0.00786513 0.911755
0 0.725813 0.830462 0.0121229 0.00852543 0.910916
0 0.732452 0.699376 0.0121248 0.00792837 0.910905
0 0.730844 0.248384 0.0115296 0.00822936 0.910809
0 0.642804 0.287058 0.0116289 0.0081585 0.91028
0 0.64306 0.582001 0.0104377 0.00891262 0.910229
0 0.674183 0.518053 0.0106981 0.00895298 0.908694
0 0.0898824 0.710905 0.0108057 0.00823241 0.908134
0 0.785981 0.596344 0.0104998 0.00857365 0.907317
0 0.869996 0.765772 0.0103805 0.0084902 0.906874
0 0.600917 0.446661 0.00987005 0.00827837 0.906686
0 0.730949 0.898992 0.0107259 0.00856245 0.90476
0 0.735607 0.824264 0.0106234 0.00858516 0.904631
0 0.653878 0.523621 0.0118237 0.008012 0.901496
0 0.735671 0.661442 0.0098141 0.00865233 0.90021
0 0.583041 0.72125 0.00991412 0.00787663 0.895163
0 0.608157 0.485108 0.0092568 0.00804639 0.894928
0 0.830485 0.671642 0.0102346 0.00827157 0.894016
0 0.843311 0.818181 0.0119302 0.00812221 0.891747
0 0.513788 0.659453 0.0112514 0.0093075 0.888496
0 0.891362 0.74674 0.0113353 0.00886184 0.883464
0 0.313123 0.499189 0.0111135 0.00808489 0.878524
0 0.820174 0.539544 0.0113303 0.00828439 0.877665
0 0.476643 0.8985 0.0105304 0.00798988 0.876619
0 0.904528 0.727229 0.0108183 0.00887024 0.875144
0 0.654992 0.904138 0.0112787 0.00848746 0.865605
0 0.86778 0.715474 0.0114874 0.00895071 0.86276
0 0.810377 0.66456 0.0089035 0.00802052 0.860571
0 0.840962 0.646691 0.0101533 0.00810015 0.840182
0 0.248348 0.564209 0.01057 0.00691628 0.839606
0 0.860718 0.612442 0.0112475 0.00773787 0.838112
0 0.782478 0.451274 0.0116113 0.00790989 0.830728
0 0.302153 0.883412 0.0116974 0.00833213 0.824063
0 0.83279 0.743961 0.0102701 0.00742435 0.808424
0 0.922935 0.505135 0.0102812 0.00840759 0.806583
0 0.821951 0.704486 0.0100752 0.00830078 0.78955
0 0.897744 0.904246 0.0103717 0.00747645 0.749407
0 0.740009 0.856152 0.0111732 0.00835764 0.746713
0 0.613157 0.903533 0.01071 0.00742519 0.735171
0 0.902748 0.421414 0.0114796 0.00890312 0.727207
0 0.913774 0.814655 0.0106028 0.00847125 0.721934
0 0.591895 0.735261 0.0111597 0.00795829 0.72052
0 0.783659 0.884035 0.0101154 0.00808585 0.680509
0 0.821824 0.65252 0.0113339 0.00832969 0.676134
0 0.896592 0.812109 0.0129099 0.00889784 0.616497
0 0.901355 0.796613 0.0100658 0.00862443 0.616172
0 0.807667 0.83616 0.0104697 0.00890124 0.586397
0 0.803062 0.889676 0.00953229 0.00794494 0.58355
0 0.856039 0.746646 0.0107182 0.00742847 0.560152
0 0.755617 0.892926 0.0109017 0.00801218 0.548824
0 0.702279 0.832171 0.0113256 0.00837576 0.545633
0 0.830319 0.738692 0.0109476 0.00695837 0.502925
0 0.894395 0.816809 0.0102639 0.00646341 0.48853
0 0.880476 0.658075 0.0117406 0.0078097 0.475894
0 0.590778 0.853795 0.0118101 0.008156 0.460268
0 0.8514 0.829747 0.0103989 0.0076893 0.454314
0 0.909485 0.853106 0.0123096 0.00910532 0.34084
0 0.873919 0.223226 0.01127 0.00900273 0.32066
0 0.835759 0.885382 0.0155013 0.0104877 0.290218
0 0.72066 0.785043 0.0097901 0.00815195 0.269453
0 0.811193 0.760724 0.0194518 0.0134672 0.198308
0 0.929949 0.545753 0.0116212 0.00841784 0.196982
0 0.819309 0.876926 0.0153335 0.0122366 0.187797
0 0.768217 0.873836 0.0118791 0.00954211 0.181287
0 0.785181 0.749766 0.0118475 0.0110097 0.175746
0 0.785407 0.776204 0.0124631 0.00972229 0.14794
0 0.806959 0.883147 0.0112705 0.00772905 0.128395
0 0.589813 0.907332 0.0118386 0.00821894 0.104694
0 0.79505 0.87295 0.00929435 0.0103438 0.101699
0 0.547538 0.729247 0.0135756 0.0157261 0.881984
0 0.654088 0.671522 0.0127771 0.0165462 0.867511
0 0.435597 0.315452 0.0108901 0.014707 0.843093
0 0.916175 0.548138 0.0125787 0.0155169 0.818526
0 0.943605 0.621858 0.0132934 0.0148404 0.798181
0 0.361482 0.290812 0.0116269 0.0139922 0.767348
0 0.535575 0.693694 0.0133856 0.0167239 0.743123
0 0.492234 0.706263 0.0120499 0.016088 0.742053
0 0.343537 0.672875 0.0119749 0.0159714 0.73819
0 0.425552 0.313294 0.0113881 0.0133659 0.671579
0 0.519363 0.477906 0.0132811 0.0145727 0.646486
0 0.312905 0.609732 0.0126126 0.0155048 0.556659
0 0.672136 0.967791 0.0117417 0.0161123 0.524356
0 0.0404034 0.299407 0.0116799 0.0157595 0.447224
0 0.176025 0.328037 0.0132299 0.0159164 0.446881
0 0.130396 0.310765 0.0126073 0.0153695 0.446254
0 0.428998 0.206046 0.0114795 0.0156139 0.413914
0 0.456842 0.839092 0.0124817 0.0161956 0.412924
0 0.668632 0.583104 0.0134322 0.0149484 0.410507
0 0.311688 0.514826 0.01445 0.0157864 0.381396
0 0.216112 0.757877 0.0140511 0.0161303 0.370461
0 0.223132 0.551683 0.0144272 0.0161231 0.362022
0 0.0544065 0.339134 0.0137533 0.0164425 0.350528
0 0.0956598 0.42456 0.0123729 0.0154377 0.328323
0 0.209972 0.745639 0.0140315 0.0153624 0.273348
0 0.308964 0.228168 0.0115351 0.0157998 0.218149
0 0.325937 0.518537 0.011811 0.0157413 0.214369
0 0.0912332 0.936501 0.014308 0.0159361 0.211923
0 0.766033 0.892481 0.0117266 0.0160969 0.193212
0 0.483882 0.128539 0.0140043 0.017383 0.179433
0 0.367543 0.661987 0.0127963 0.0159738 0.161516
0 0.242038 0.158271 0.0121293 0.0153108 0.147298
0 0.229866 0.289192 0.0134732 0.015698 0.140419
0 0.158259 0.917952 0.0149603 0.0169116 0.136497
0 0.336066 0.322624 0.013246 0.0153104 0.13557
0 0.451786 0.248044 0.0130535 0.0149509 0.108344
0 0.176523 0.799039 0.0113525 0.0150862 0.108126
0 0.293369 0.428937 0.013772 0.015574 0.104515
0 0.290921 0.301337 0.013207 0.015726 0.103006
0 0.707371 0.147356 0.00870287 0.0109774 0.621256
0 0.77593 0.112121 0.00905529 0.0105578 0.493961
0 0.297557 0.0251264 0.00941905 0.0103086 0.483731
0 0.713505 0.0901011 0.00843263 0.0111526 0.350236
0 0.841601 0.053994 0.00972356 0.0150521 0.341264
0 0.65566 0.0478328 0.00923539 0.0117409 0.313484
0 0.742002 0.107824 0.00989324 0.0129008 0.307877
0 0.754787 0.20841 0.0100788 0.0119879 0.288015
0 0.768108 0.206738 0.00814965 0.0114453 0.22536
0 0.315453 0.0577249 0.00895351 0.0115438 0.183008
0 0.736429 0.10401 0.0091223 0.0098246 0.350552
0 0.843164 0.088552 0.0111944 0.0127345 0.166135
0 0.758689 0.013301 0.00958204 0.0123012 0.140345
0 0.693597 0.0464376 0.00864976 0.0111203 0.133873
0 0.726731 0.00945758 0.00982291 0.011809 0.119762
0 0.215546 0.696284 0.007919 0.00532113 0.862239
0 0.596378 0.448215 0.00702161 0.00608997 0.860142
0 0.464566 0.70938 0.00670424 0.00548568 0.853853
0 0.581441 0.50081 0.00619202 0.00433025 0.852936
0 0.455044 0.698692 0.00681291 0.00573649 0.852867
0 0.434318 0.585178 0.00591688 0.00498881 0.85278
0 0.915602 0.0713125 0.0066061 0.00496592 0.851891
0 0.154583 0.0694613 0.00666598 0.00510153 0.838729
0 0.320794 0.421753 0.00605978 0.00522996 0.838386
0 0.0330527 0.485969 0.00688656 0.00460426 0.835175
0 0.388246 0.415143 0.00601259 0.00531301 0.833961
0 0.408569 0.423312 0.00630204 0.00523975 0.833211
0 0.53358 0.743683 0.00612973 0.00525766 0.832207
0 0.387031 0.701031 0.00828368 0.00604248 0.831809
0 0.289044 0.0574581 0.00666765 0.00549523 0.83015
0 0.724673 0.483987 0.00670914 0.00449549 0.829737
0 0.760957 0.488356 0.00719673 0.00499125 0.82846
0 0.541522 0.426452 0.00601119 0.00520372 0.826269
0 0.346133 0.431198 0.00596298 0.00444544 0.826029
0 0.408888 0.28453 0.00750727 0.00560019 0.825111
0 0.473463 0.50463 0.00590377 0.00469112 0.824885
0 0.854231 0.794227 0.00702337 0.00535596 0.823924
0 0.049337 0.219061 0.00643465 0.00489581 0.821508
0 0.0556501 0.439082 0.00649102 0.00516636 0.820031
0 0.737907 0.590188 0.00684745 0.00499351 0.819721
0 0.351656 0.609231 0.00568738 0.00512323 0.819521
0 0.738885 0.489371 0.00675803 0.00489076 0.818116
0 0.607205 0.47537 0.00630218 0.00481353 0.818076
0 0.185806 0.528845 0.00629453 0.00515734 0.817642
0 0.69773 0.429849 0.00607485 0.0051302 0.816971
0 0.259259 0.491728 0.0059458 0.0049998 0.816664
0 0.372428 0.335509 0.0059205 0.00523644 0.816124
0 0.721388 0.448379 0.00647349 0.00459418 0.816009
0 0.486868 0.699732 0.00618575 0.00537793 0.815078
0 0.630281 0.48214 0.00615475 0.00455977 0.8139
0 0.308068 0.614141 0.00653954 0.00475702 0.810928
0 0.214703 0.61958 0.00723567 0.00543512 0.810297
0 0.437556 0.530645 0.00647178 0.00461294 0.810243
0 0.650834 0.346427 0.00676516 0.00448072 0.807247
0 0.628582 0.592528 0.00635347 0.00432345 0.806895
0 0.557661 0.505278 0.0058245 0.00487956 0.806842
0 0.259422 0.581609 0.00588015 0.00498578 0.806398
0 0.260607 0.0791914 0.00686882 0.00482522 0.804198
0 0.432672 0.410736 0.00628676 0.00423348 0.803612
0 0.261097 0.683346 0.00713222 0.00468124 0.803248
0 0.507668 0.744988 0.00651401 0.00530519 0.80266
0 0.191806 0.900286 0.00650966 0.00561523 0.800523
0 0.347492 0.654243 0.00624097 0.00504416 0.800487
0 0.569507 0.65838 0.00697203 0.00464209 0.800161
0 0.371926 0.652703 0.00664899 0.00485319 0.797561
0 0.749595 0.444547 0.00667426 0.00521949 0.796173
0 0.926338 0.129343 0.00602772 0.00501503 0.795671
0 0.623827 0.198844 0.00673689 0.0047261 0.794811
0 0.962456 0.455235 0.00734075 0.00518132 0.794118
0 0.00996787 0.380896 0.0065494 0.00491748 0.793963
0 0.648549 0.498009 0.00591716 0.00464936 0.792866
0 0.623564 0.656889 0.00704936 0.00456268 0.792134
0 0.856731 0.164268 0.00604812 0.00486599 0.79196
0 0.558076 0.633836 0.00619897 0.0044174 0.791411
0 0.522075 0.170358 0.00631358 0.00524963 0.79136
0 0.514934 0.531382 0.00645747 0.00435594 0.78937
0 0.178341 0.508494 0.00612651 0.0047825 0.789027
0 0.515766 0.495777 0.00600521 0.00494227 0.788705
0 0.743888 0.455454 0.00574055 0.00427652 0.787138
0 0.255617 0.453733 0.00651378 0.0051452 0.787067
0 0.730157 0.665087 0.00783108 0.00509075 0.786952
0 0.0130178 0.487361 0.00700853 0.00477942 0.786704
0 0.232513 0.620342 0.0067973 0.00466902 0.786517
0 0.243071 0.267972 0.00584915 0.00458056 0.785792
0 0.735205 0.462242 0.00585373 0.00412423 0.785635
0 0.760839 0.0752951 0.00672498 0.0045588 0.78397
0 0.671959 0.598516 0.00607764 0.00443992 0.781583
0 0.346747 0.449659 0.0062797 0.00443351 0.781456
0 0.37415 0.40359 0.00551707 0.00459029 0.780371
0 0.207975 0.596712 0.0065946 0.00512973 0.780238
0 0.557495 0.576616 0.00601627 0.00498086 0.780056
0 0.616947 0.583834 0.00619852 0.00481789 0.779548
0 0.441829 0.567275 0.00592474 0.00440774 0.779513
0 0.288722 0.265937 0.00674655 0.00487632 0.779061
0 0.810669 0.518406 0.00773089 0.00582347 0.778816
0 0.386092 0.506927 0.00642285 0.00407106 0.778375
0 0.547883 0.396623 0.00620592 0.00414569 0.778022
0 0.310889 0.741739 0.00686677 0.00494128 0.777707
0 0.729423 0.422487 0.00601381 0.00410641 0.776302
0 0.528261 0.470242 0.0059835 0.00409081 0.77506
0 0.254622 0.55592 0.00631799 0.00455913 0.771675
0 0.471387 0.217219 0.00714738 0.00497039 0.771655
0 0.702605 0.389129 0.0064283 0.00432401 0.771391
0 0.379786 0.44437 0.00534912 0.00510584 0.771228
0 0.579502 0.483672 0.00649851 0.00431426 0.771166
0 0.515246 0.439133 0.00656894 0.00474694 0.771036
0 0.196159 0.530891 0.00625922 0.00514807 0.770843
0 0.633633 0.522999 0.00611087 0.00419736 0.770707
0 0.490469 0.491955 0.00550114 0.00422686 0.770488
0 0.539998 0.659894 0.00632908 0.00439569 0.769879
0 0.229859 0.36401 0.00584866 0.00493226 0.76977
0 0.542889 0.596858 0.00558948 0.00484712 0.769306
0 0.594852 0.459819 0.00635843 0.00429618 0.768808
0 0.381714 0.409197 0.0061637 0.00424959 0.768053
0 0.247266 0.439423 0.0062769 0.00414633 0.767985
0 0.488201 0.380764 0.00584707 0.00406145 0.767874
0 0.610911 0.469485 0.00592656 0.00439855 0.767415
0 0.924445 0.0979573 0.00582364 0.0042881 0.767388
0 0.154529 0.589503 0.00612825 0.00534425 0.767165
0 0.479713 0.613199 0.00625981 0.00530446 0.76474
0 0.765968 0.356118 0.00667557 0.00495438 0.763855
0 0.508246 0.628724 0.00566345 0.00512533 0.76355
0 0.927632 0.147776 0.00698918 0.00454181 0.763524
0 0.197105 0.732265 0.00774984 0.0055324 0.763285
0 0.710319 0.869313 0.00672612 0.00502796 0.763226
0 0.374643 0.449414 0.00569824 0.0046008 0.762515
0 0.288088 0.536219 0.00593395 0.0051879 0.761923
0 0.283765 0.0885531 0.00590006 0.00448499 0.76121
0 0.996944 0.138996 0.00583464 0.00484065 0.76107
0 0.82406 0.443819 0.00681884 0.00447749 0.760826
0 0.619756 0.510627 0.00604561 0.00489187 0.760708
0 0.493172 0.597624 0.00645445 0.00435653 0.759686
0 0.30608 0.302475 0.00574802 0.00459837 0.758945
0 0.425565 0.424921 0.00647124 0.00440051 0.758944
0 0.402859 0.541166 0.00553992 0.00447348 0.758797
0 0.154829 0.581146 0.00630044 0.00471544 0.758531
0 0.173351 0.565655 0.007241 0.00471082 0.758302
0 0.843216 0.421697 0.00626035 0.00499082 0.758138
0 0.461081 0.68949 0.00666323 0.00480019 0.7576
0 0.643603 0.683401 0.00637216 0.00479532 0.756045
0 0.545765 0.564129 0.00608568 0.00502403 0.755049
0 0.591803 0.443223 0.00659915 0.00403854 0.754173
0 0.221957 0.57677 0.00595449 0.00511058 0.754064
0 0.907582 0.674952 0.00751809 0.00495731 0.752911
0 0.202602 0.304001 0.00644183 0.00456319 0.752754
0 0.250113 0.465046 0.00658026 0.00491119 0.752632
0 0.243974 0.559155 0.00621413 0.00460555 0.752264
0 0.502272 0.415226 0.00568408 0.00458187 0.751415
0 0.354615 0.3811 0.00638553 0.00449549 0.751332
0 0.340106 0.529693 0.00533057 0.00455785 0.75044
0 0.598813 0.415619 0.00586838 0.00478848 0.748593
0 0.42219 0.503573 0.00610599 0.00419591 0.748435
0 0.691809 0.397823 0.00536614 0.00400297 0.748049
0 0.373697 0.425076 0.00703115 0.00439021 0.74759
0 0.310009 0.675648 0.00624402 0.00553813 0.747316
0 0.262997 0.355197 0.00603727 0.00504547 0.746828
0 0.441802 0.320867 0.00620729 0.00415721 0.746405
0 0.349674 0.623892 0.00660727 0.00504245 0.746129
0 0.409792 0.199864 0.00644103 0.00502818 0.745944
0 0.514785 0.591191 0.00659795 0.00426652 0.745934
0 0.0743205 0.393831 0.00648741 0.00498753 0.745731
0 0.101536 0.21917 0.00637404 0.0046743 0.745586
0 0.356808 0.680916 0.00672957 0.00481921 0.745462
0 0.252377 0.613707 0.00703155 0.00462854 0.744675
0 0.379982 0.598915 0.00575149 0.00469624 0.744664
0 0.527777 0.604585 0.00656917 0.00444817 0.743712
0 0.475501 0.607031 0.00634643 0.00487379 0.743514
0 0.422953 0.699713 0.00635734 0.00452541 0.743509
0 0.201037 0.557033 0.00643223 0.00473899 0.743243
0 0.541384 0.56526 0.00516052 0.00431319 0.742877
0 0.239893 0.508474 0.00681034 0.00429208 0.741738
0 0.393793 0.668107 0.00645967 0.00464709 0.741627
0 0.855407 0.0601229 0.00641063 0.00443262 0.741538
0 0.48692 0.457543 0.00539275 0.00434858 0.740722
0 0.442998 0.741426 0.00660157 0.00445394 0.74063
0 0.0927349 0.109303 0.00568778 0.00419065 0.740306
0 0.380917 0.540472 0.00530442 0.00438385 0.740154
0 0.694727 0.0659595 0.00634754 0.00430396 0.73931
0 0.0666491 0.520432 0.0084887 0.00682812 0.73916
0 0.994832 0.256801 0.00593289 0.00514247 0.738878
0 0.324564 0.408981 0.00592668 0.00434388 0.738599
0 0.283006 0.338045 0.00668244 0.00493658 0.7378
0 0.68909 0.348467 0.00673028 0.00454663 0.73707
0 0.0315287 0.253274 0.0068878 0.00456011 0.736939
0 0.23774 0.320598 0.00612326 0.00497289 0.736502
0 0.573624 0.4349 0.0055819 0.00480831 0.735907
0 0.528095 0.544982 0.00493724 0.00403041 0.735608
0 0.149652 0.138424 0.0065682 0.00519091 0.735514
0 0.741206 0.430272 0.00605827 0.00442035 0.735089
0 0.533772 0.674876 0.00627266 0.00479788 0.735009
0 0.714413 0.410421 0.00537998 0.0041671 0.734086
0 0.410258 0.388853 0.00567322 0.0045393 0.733698
0 0.626657 0.550816 0.00586718 0.00395934 0.733434
0 0.323159 0.462787 0.00580709 0.00447343 0.732592
0 0.432439 0.365106 0.00565949 0.00481135 0.732515
0 0.101028 0.0787212 0.00605631 0.00497431 0.732381
0 0.462684 0.468996 0.00579757 0.00420771 0.732076
0 0.622275 0.392093 0.00615771 0.00430332 0.73165
0 0.943452 0.434556 0.00660656 0.00510648 0.730948
0 0.431008 0.416292 0.00608662 0.00454032 0.730415
0 0.455486 0.667837 0.00590263 0.00538092 0.730403
0 0.800888 0.429025 0.00595671 0.005132 0.730282
0 0.307341 0.497693 0.00580726 0.00477374 0.730057
0 0.347854 0.265789 0.00560572 0.00482443 0.72985
0 0.673622 0.765805 0.00682551 0.0056107 0.729642
0 0.862075 0.352477 0.00691886 0.00464476 0.728407
0 0.520587 0.610699 0.00538631 0.00472569 0.728065
0 0.255265 0.395023 0.005607 0.00476997 0.72791
0 0.181648 0.146216 0.00593262 0.00475756 0.727682
0 0.460204 0.518686 0.00633187 0.0045502 0.726818
0 0.43629 0.658679 0.00641855 0.00521056 0.726744
0 0.289179 0.667414 0.00673022 0.00527142 0.726729
0 0.112888 0.130521 0.00640558 0.00531779 0.726642
0 0.715483 0.585889 0.00757355 0.00595969 0.726219
0 0.234362 0.454661 0.00608501 0.00418805 0.726146
0 0.410626 0.59586 0.00629223 0.00451199 0.725865
0 0.610306 0.412449 0.00535337 0.00493491 0.725687
0 0.279165 0.416138 0.00627482 0.00424357 0.724959
0 0.521291 0.0657363 0.00641929 0.00432082 0.724864
0 0.211808 0.506 0.00593561 0.00469941 0.724576
0 0.602545 0.656825 0.0060202 0.00443155 0.724536
0 0.206841 0.490427 0.00576352 0.00449617 0.723919
0 0.652455 0.460171 0.00618666 0.00386278 0.722966
0 0.567209 0.434634 0.00565895 0.00500681 0.722827
0 0.603928 0.482118 0.00532858 0.00457969 0.722121
0 0.400333 0.249536 0.00627602 0.00459307 0.72192
0 0.561437 0.574852 0.00544091 0.00457635 0.721699
0 0.272886 0.45485 0.00647115 0.00451254 0.71993
0 0.538683 0.379825 0.00538648 0.00472484 0.719632
0 0.216551 0.441717 0.00669044 0.00439633 0.719421
0 0.42864 0.717292 0.00621658 0.00443381 0.71928
0 0.326296 0.278377 0.00636333 0.00454017 0.719089
0 0.590652 0.416929 0.00648711 0.00449485 0.719044
0 0.615035 0.484335 0.00573423 0.00401776 0.718998
0 0.347471 0.410757 0.00615238 0.00410167 0.718708
0 0.335487 0.495835 0.00632808 0.00498898 0.717841
0 0.479283 0.574967 0.00669312 0.00432123 0.715962
0 0.54404 0.64208 0.00533086 0.00487777 0.714367
0 0.269637 0.386057 0.00619983 0.00392313 0.714332
0 0.197379 0.145013 0.00702815 0.0045668 0.714131
0 0.323274 0.270424 0.00638071 0.00469877 0.713768
0 0.660044 0.844626 0.00709911 0.00539315 0.713634
0 0.331797 0.544131 0.00561674 0.00508118 0.713243
0 0.127245 0.535838 0.00684775 0.00454255 0.712957
0 0.397803 0.594585 0.00672999 0.00425182 0.712278
0 0.470808 0.478243 0.00437105 0.00236951 0.712214
0 0.306896 0.449084 0.00632232 0.00395493 0.711922
0 0.561221 0.361081 0.00654569 0.0045122 0.711279
0 0.410508 0.395635 0.00618475 0.00418347 0.710768
0 0.749063 0.663762 0.00621932 0.00429841 0.71075
0 0.340166 0.212535 0.00705723 0.00440411 0.709853
0 0.75074 0.469113 0.00599404 0.00438803 0.709434
0 0.504664 0.387214 0.00585744 0.0040944 0.709167
0 0.753939 0.499793 0.00578016 0.00503814 0.709159
0 0.298364 0.697097 0.00746983 0.00587493 0.708439
0 0.638339 0.376774 0.00629443 0.00414214 0.707717
0 0.804572 0.353677 0.0068299 0.00473533 0.707503
0 0.461204 0.733958 0.00610069 0.00490102 0.707113
0 0.613311 0.426093 0.0066697 0.00450472 0.707099
0 0.372795 0.281764 0.00686993 0.00448469 0.705861
0 0.213046 0.261605 0.00629288 0.00512435 0.705797
0 0.369643 0.472683 0.0060467 0.0044804 0.705396
0 0.603282 0.506201 0.00593773 0.00417082 0.705233
0 0.229872 0.433306 0.00723211 0.00493923 0.70471
0 0.275719 0.467876 0.0057768 0.00490068 0.704333
0 0.668302 0.519054 0.0068487 0.0044995 0.702658
0 0.168317 0.515557 0.00673804 0.00482015 0.70142
0 0.398807 0.623213 0.0069643 0.00441317 0.700734
0 0.49312 0.652762 0.00663853 0.00482746 0.700038
0 0.158791 0.0934497 0.00687876 0.00498046 0.699717
0 0.148245 0.852011 0.00724083 0.00507566 0.699638
0 0.346374 0.629886 0.00709242 0.0051367 0.699604
0 0.524885 0.589385 0.0066126 0.00530536 0.698918
0 0.28015 0.447623 0.00608143 0.0050039 0.698912
0 0.515976 0.601617 0.00681719 0.00411628 0.697635
0 0.669976 0.514273 0.00621447 0.00515277 0.697474
0 0.243859 0.289546 0.00617159 0.00502873 0.697072
0 0.411785 0.187021 0.00671766 0.00482445 0.696613
0 0.493823 0.385672 0.00566179 0.00433042 0.696442
0 0.377202 0.692449 0.00548547 0.00510362 0.695242
0 0.200107 0.451893 0.00717176 0.00404482 0.69418
0 0.256239 0.282851 0.00603339 0.00448397 0.694061
0 0.586117 0.373474 0.00571588 0.0047536 0.692725
0 0.642008 0.387363 0.00609548 0.00410825 0.69267
0 0.163242 0.465643 0.00787542 0.0045325 0.692614
0 0.554438 0.510243 0.00642362 0.0040741 0.69239
0 0.681064 0.391932 0.00560127 0.00460815 0.691576
0 0.304625 0.330365 0.00688096 0.00442133 0.691315
0 0.00370046 0.903403 0.00710302 0.00564319 0.690341
0 0.523141 0.641845 0.00616769 0.00458118 0.690286
0 0.154218 0.570084 0.0062373 0.00433123 0.689411
0 0.183308 0.546247 0.00616747 0.00433739 0.688923
0 0.354245 0.665328 0.00629879 0.00451677 0.687827
0 0.197796 0.174276 0.00669771 0.00472325 0.686804
0 0.509075 0.561969 0.00587755 0.00485311 0.68634
0 0.289855 0.426876 0.00674806 0.00411727 0.686277
0 0.115528 0.0673251 0.00612559 0.00430461 0.685435
0 0.411268 0.433701 0.0064681 0.00430589 0.685053
0 0.662901 0.404647 0.00577811 0.00510165 0.684382
0 0.0499004 0.385319 0.00865585 0.0076594 0.684097
0 0.491586 0.690434 0.00815358 0.00557694 0.683788
0 0.506298 0.488037 0.00595381 0.00497885 0.683541
0 0.630876 0.437641 0.00721634 0.00477446 0.68346
0 0.522805 0.296306 0.00566926 0.00503361 0.682338
0 0.359517 0.310745 0.00576737 0.00445813 0.682206
0 0.163312 0.564739 0.00619071 0.00516333 0.682009
0 0.627504 0.462337 0.00589967 0.00475335 0.681762
0 0.442936 0.651748 0.00690509 0.00474993 0.681378
0 0.638299 0.610058 0.00605285 0.00408384 0.680677
0 0.764812 0.433041 0.00661602 0.00422224 0.680446
0 0.56905 0.505575 0.00624354 0.00412257 0.680275
0 0.586237 0.406223 0.00522144 0.00467569 0.680088
0 0.347887 0.290751 0.00681115 0.00441547 0.679954
0 0.548638 0.537059 0.00608368 0.00472535 0.679769
0 0.27126 0.460011 0.0063048 0.00441684 0.679401
0 0.639882 0.579514 0.0058135 0.00484776 0.679281
0 0.3837 0.639823 0.00629528 0.00513623 0.679242
0 0.530824 0.365466 0.0063427 0.00424169 0.679224
0 0.610772 0.622514 0.00629745 0.00428481 0.678435
0 0.165993 0.132376 0.00589324 0.00461179 0.678212
0 0.532267 0.401489 0.00567086 0.00457486 0.678068
0 0.423325 0.325182 0.00545746 0.00478607 0.677963
0 0.263411 0.638013 0.00686577 0.00528027 0.677946
0 0.43081 0.485377 0.00551411 0.00484823 0.677564
0 0.107049 0.0678331 0.00614243 0.00433746 0.676782
0 0.220978 0.508916 0.00526643 0.00399917 0.676623
0 0.456895 0.58039 0.00548678 0.00447604 0.675969
0 0.252344 0.406027 0.00704828 0.00591002 0.675908
0 0.603516 0.684392 0.00622775 0.00455199 0.675801
0 0.103095 0.54999 0.00652556 0.0043741 0.675248
0 0.391497 0.859359 0.00801096 0.00557463 0.675239
0 0.226805 0.30594 0.00581273 0.00467983 0.674811
0 0.370849 0.462204 0.00549382 0.00457178 0.67371
0 0.157847 0.706901 0.0103593 0.00752942 0.67365
0 0.289357 0.483707 0.00661847 0.00441924 0.67347
0 0.605545 0.447759 0.00675114 0.00496154 0.673407
0 0.473777 0.462984 0.00619712 0.00397083 0.673021
0 0.369046 0.407084 0.00575862 0.00427733 0.672414
0 0.657063 0.281633 0.00674971 0.00479297 0.672298
0 0.372045 0.328648 0.00739602 0.00508 0.671346
0 0.794297 0.117675 0.00606345 0.00466368 0.670659
0 0.448887 0.414718 0.005849 0.00419924 0.670591
0 0.632686 0.501531 0.00578837 0.00403127 0.670393
0 0.731855 0.448879 0.0058661 0.00439274 0.669718
0 0.191104 0.569726 0.00648238 0.00470813 0.66966
0 0.0603607 0.395302 0.0073711 0.00477882 0.669594
0 0.500588 0.252653 0.00678476 0.00438455 0.669023
0 0.338321 0.69598 0.00643305 0.00539204 0.668831
0 0.544473 0.54552 0.00630936 0.00405931 0.668721
0 0.942429 0.142497 0.00596714 0.00523022 0.668481
0 0.0973212 0.661258 0.00725258 0.00511105 0.667749
0 0.323663 0.358208 0.00619749 0.00490895 0.667556
0 0.160766 0.193167 0.00725572 0.00548342 0.667028
0 0.258258 0.467404 0.00641314 0.0045066 0.665943
0 0.163674 0.645667 0.00718646 0.0045637 0.665819
0 0.39643 0.485591 0.00631668 0.0040108 0.665538
0 0.513146 0.457168 0.00650842 0.00532429 0.66501
0 0.682632 0.519875 0.00489512 0.00471804 0.664685
0 0.198198 0.0869746 0.00588275 0.00433392 0.664143
0 0.338899 0.442974 0.0066815 0.00424741 0.663741
0 0.826249 0.564169 0.00657892 0.00424032 0.663293
0 0.436376 0.48493 0.00593474 0.00409748 0.662651
0 0.363538 0.610401 0.00574867 0.00436303 0.662587
0 0.116415 0.54704 0.00871299 0.00640878 0.662171
0 0.213585 0.475723 0.00636722 0.00519342 0.661683
0 0.340964 0.417304 0.00613586 0.004193 0.660817
0 0.569874 0.454211 0.00614854 0.00498864 0.660759
0 0.527262 0.401144 0.00594509 0.00420954 0.660557
0 0.306741 0.272531 0.00598999 0.00493605 0.660302
0 0.497323 0.470984 0.00600766 0.00454126 0.659482
0 0.494738 0.72396 0.00672846 0.00441043 0.65946
0 0.691961 0.458137 0.00635837 0.00475155 0.65925
0 0.589053 0.438661 0.00564196 0.00467154 0.659088
0 0.163539 0.532585 0.00679879 0.00483571 0.658736
0 0.280198 0.737393 0.00648195 0.00486255 0.658625
0 0.349251 0.360613 0.00679502 0.00413885 0.658138
0 0.375318 0.425784 0.00631606 0.00406533 0.657711
0 0.274227 0.442005 0.00656453 0.00520684 0.657284
0 0.748208 0.434789 0.0063415 0.00404063 0.656827
0 0.535119 0.521232 0.00606607 0.00439928 0.65677
0 0.70277 0.395871 0.0060785 0.00484469 0.656398
0 0.496285 0.546407 0.00528578 0.00483896 0.65629
0 0.443149 0.627453 0.00692684 0.00422993 0.655451
0 0.176479 0.307839 0.00660047 0.00439949 0.655238
0 0.262621 0.459877 0.0057642 0.00421741 0.653099
0 0.34768 0.406729 0.00570246 0.00453139 0.653068
0 0.456634 0.120777 0.00666802 0.00484803 0.652428
0 0.672522 0.58652 0.00557574 0.00463713 0.651915
0 0.562963 0.336337 0.00623579 0.00512505 0.651522
0 0.58907 0.467087 0.00584724 0.00393553 0.651372
0 0.28663 0.527237 0.00609796 0.0043885 0.651023
0 0.412057 0.487034 0.00553525 0.00482627 0.650978
0 0.472419 0.499448 0.00594432 0.00407606 0.650771
0 0.205278 0.214049 0.00681481 0.00453064 0.650154
0 0.737455 0.471683 0.0058914 0.0045687 0.649992
0 0.212443 0.376524 0.0065707 0.00415834 0.649533
0 0.232344 0.547487 0.00561533 0.00441791 0.648842
0 0.385378 0.275809 0.00665827 0.00435653 0.648089
0 0.249922 0.484016 0.00583458 0.0037802 0.647988
0 0.884836 0.483963 0.00668446 0.00452203 0.646351
0 0.419659 0.452596 0.00560859 0.00379303 0.645929
0 0.31128 0.54414 0.00525637 0.00483541 0.644208
0 0.341268 0.329119 0.00622145 0.00449555 0.642839
0 0.296979 0.469933 0.00573671 0.0045658 0.642659
0 0.136629 0.512426 0.00617187 0.00479036 0.642631
0 0.064289 0.334601 0.00685347 0.00472811 0.642303
0 0.703428 0.402732 0.00662707 0.00406452 0.642214
0 0.370966 0.424163 0.0056003 0.00486371 0.642174
0 0.46912 0.476741 0.00497448 0.00443757 0.642023
0 0.368708 0.345817 0.00587559 0.00472755 0.641636
0 0.0889033 0.378203 0.00864326 0.00627363 0.641056
0 0.34589 0.477455 0.00522614 0.00444403 0.640674
0 0.239986 0.283486 0.00607793 0.00512729 0.64058
0 0.666459 0.44136 0.00593101 0.00473112 0.639768
0 0.808675 0.339284 0.00661043 0.00503978 0.639519
0 0.648068 0.471667 0.00620832 0.00439534 0.639296
0 0.207159 0.498201 0.00688556 0.00416069 0.638321
0 0.388489 0.530149 0.00607385 0.00450352 0.637765
0 0.497252 0.320254 0.00634162 0.00392012 0.637243
0 0.433094 0.0611656 0.00594908 0.00551388 0.63621
0 0.267755 0.443404 0.0060865 0.00430345 0.636115
0 0.434508 0.559202 0.00491669 0.00432131 0.635825
0 0.25783 0.531214 0.00653857 0.00413872 0.635567
0 0.286299 0.39713 0.00681103 0.00444907 0.634366
0 0.224857 0.446283 0.00750775 0.0064419 0.634061
0 0.45151 0.576745 0.00535747 0.00479763 0.633964
0 0.755571 0.268273 0.00685087 0.00544504 0.633696
0 0.181843 0.221134 0.00637896 0.00444349 0.63369
0 0.872519 0.470243 0.00686808 0.00440735 0.633648
0 0.120384 0.17496 0.00627504 0.0046187 0.633626
0 0.943595 0.166316 0.00583402 0.00459237 0.633159
0 0.527251 0.417185 0.00807174 0.00522774 0.633075
0 0.237279 0.382987 0.00601618 0.00485212 0.631947
0 0.177028 0.690075 0.00680283 0.00481255 0.631153
0 0.488168 0.277926 0.00703363 0.00462303 0.630826
0 0.157821 0.828519 0.00710347 0.00496428 0.630549
0 0.53123 0.655178 0.00740138 0.00459973 0.630519
0 0.0644173 0.144862 0.00591213 0.00479678 0.629139
0 0.280953 0.565678 0.00633227 0.00409927 0.629067
0 0.168604 0.525766 0.0063014 0.00408517 0.628449
0 0.262149 0.514886 0.00699907 0.00409307 0.627991
0 0.14904 0.531032 0.00627759 0.00479028 0.627921
0 0.670572 0.34439 0.00659049 0.00449354 0.627658
0 0.127929 0.14069 0.00651563 0.00400469 0.627147
0 0.462028 0.634891 0.00616261 0.0042089 0.627057
0 0.214474 0.361865 0.00620221 0.00502548 0.626841
0 0.369609 0.458003 0.00625491 0.00370626 0.626698
0 0.551157 0.494061 0.00548536 0.00384325 0.625991
0 0.636463 0.351044 0.00670674 0.0042628 0.625513
0 0.484854 0.669323 0.00996925 0.0068606 0.62532
0 0.608142 0.380672 0.00612437 0.0038577 0.624705
0 0.405237 0.725169 0.00738266 0.00550094 0.624431
0 0.465421 0.443557 0.0060455 0.0039501 0.623383
0 0.259636 0.428722 0.00578178 0.00476882 0.622345
0 0.472113 0.479659 0.0058596 0.00386599 0.621632
0 0.5537 0.60503 0.0054466 0.00460217 0.62156
0 0.517679 0.483872 0.00567302 0.00477015 0.62101
0 0.133259 0.0949428 0.00603302 0.00456414 0.620623
0 0.348832 0.374367 0.00533798 0.00451579 0.619711
0 0.671049 0.696829 0.00655869 0.00485229 0.619332
0 0.269697 0.368375 0.00707478 0.0042366 0.619271
0 0.555458 0.353043 0.00685167 0.00440199 0.619064
0 0.0224985 0.210959 0.00683365 0.00494819 0.618514
0 0.211522 0.386073 0.00612348 0.00474232 0.617824
0 0.804294 0.571417 0.00946586 0.00649353 0.617687
0 0.577507 0.269962 0.00685321 0.00456496 0.616825
0 0.609026 0.656358 0.0059786 0.00455494 0.616731
0 0.187662 0.550038 0.00813516 0.00514969 0.615996
0 0.670403 0.582614 0.00616478 0.00429169 0.615641
0 0.553944 0.562222 0.00546005 0.00403636 0.615473
0 0.564322 0.526308 0.00597711 0.00519855 0.615343
0 0.579896 0.38006 0.00598207 0.00424455 0.614963
0 0.354511 0.336798 0.00626898 0.00408213 0.614538
0 0.265685 0.451382 0.00969108 0.0047854 0.614312
0 0.440209 0.17243 0.00685195 0.00531538 0.613632
0 0.670795 0.476244 0.00546239 0.00483755 0.61343
0 0.220482 0.388068 0.00696039 0.00482943 0.613367
0 0.364961 0.257392 0.00632882 0.00483154 0.613365
0 0.648858 0.40331 0.00638966 0.00399101 0.613225
0 0.431129 0.441803 0.00686514 0.00544615 0.613204
0 0.331049 0.618357 0.00969214 0.00664424 0.612365
0 0.286757 0.382395 0.0065209 0.00425626 0.612344
0 0.302631 0.592894 0.00662773 0.00482421 0.612118
0 0.982394 0.745976 0.00651783 0.00458456 0.611752
0 0.52814 0.430314 0.00626001 0.00451019 0.611627
0 0.20924 0.250412 0.00632801 0.00428853 0.611413
0 0.60518 0.310031 0.00536739 0.00474848 0.611286
0 0.429702 0.354558 0.0061927 0.00400503 0.611273
0 0.306755 0.475148 0.00753357 0.00666108 0.611085
0 0.217309 0.661582 0.00643042 0.00455396 0.610809
0 0.522938 0.576 0.00690888 0.00450865 0.610668
0 0.914479 0.686626 0.00849301 0.00657235 0.609017
0 0.523946 0.652891 0.00605114 0.00560216 0.608902
0 0.486749 0.562589 0.00565484 0.00494094 0.608879
0 0.342128 0.601585 0.0097153 0.00701853 0.608774
0 0.303251 0.26636 0.00791833 0.00542993 0.608523
0 0.505783 0.239446 0.00655481 0.00492111 0.608133
0 0.292416 0.429334 0.00546849 0.0046765 0.606858
0 0.263317 0.451369 0.00625881 0.00546615 0.606148
0 0.74475 0.342091 0.00640858 0.00515339 0.606013
0 0.522146 0.806112 0.00617601 0.00532305 0.605782
0 0.597935 0.211967 0.00703853 0.00466895 0.60578
0 0.62097 0.48672 0.00523141 0.00475596 0.60567
0 0.832102 0.354662 0.00628639 0.00449955 0.605511
0 0.577439 0.463942 0.00555693 0.00497736 0.605483
0 0.349558 0.115655 0.00651441 0.00440654 0.605337
0 0.26458 0.621437 0.00544207 0.00417245 0.604987
0 0.473795 0.623713 0.00623359 0.00401678 0.60492
0 0.616128 0.673486 0.00607103 0.00523783 0.604581
0 0.247794 0.58902 0.0061743 0.00522658 0.603139
0 0.777419 0.106066 0.00650175 0.00426438 0.602448
0 0.59429 0.54207 0.00566242 0.0055065 0.602261
0 0.18143 0.335306 0.00586187 0.00507013 0.602012
0 0.167263 0.52235 0.00651842 0.00434957 0.602006
0 0.199965 0.359547 0.0065313 0.00434324 0.600875
0 0.859145 0.338617 0.00624228 0.00467708 0.600716
0 0.260632 0.655541 0.00763036 0.00567093 0.599501
0 0.291044 0.467722 0.00577147 0.00500232 0.599472
0 0.64635 0.578528 0.00631517 0.00433097 0.599431
0 0.4222 0.499266 0.00546088 0.00480118 0.598949
0 0.284824 0.551651 0.00637287 0.00458854 0.598512
0 0.405176 0.296821 0.00688255 0.00525565 0.598419
0 0.366713 0.248511 0.00631475 0.00493994 0.598392
0 0.20101 0.463253 0.00949457 0.0046394 0.597625
0 0.332116 0.231853 0.00695556 0.00445046 0.597314
0 0.060735 0.46338 0.00688017 0.00481494 0.597252
0 0.423692 0.448082 0.00615871 0.00438449 0.596869
0 0.340121 0.350449 0.00557141 0.00400421 0.596695
0 0.655718 0.514953 0.00540238 0.00465915 0.596547
0 0.385441 0.180501 0.00641869 0.00522 0.595661
0 0.135245 0.518875 0.00627574 0.00493786 0.595083
0 0.18764 0.449961 0.00727441 0.004738 0.594978
0 0.494428 0.394901 0.00595107 0.00509656 0.594829
0 0.661115 0.569137 0.00517802 0.00431012 0.594697
0 0.187816 0.583166 0.0103174 0.00611976 0.594261
0 0.469056 0.071502 0.00665836 0.0042975 0.594103
0 0.395261 0.346449 0.00524167 0.00414569 0.59391
0 0.366683 0.431254 0.00671974 0.00444591 0.593523
0 0.701594 0.724164 0.00667945 0.0055795 0.593023
0 0.235373 0.14186 0.00573309 0.00491642 0.593008
0 0.579093 0.431425 0.00602624 0.00397566 0.592776
0 0.263102 0.256297 0.00831936 0.00534789 0.592183
0 0.544808 0.514298 0.00592098 0.00429973 0.591771
0 0.274975 0.668385 0.00703397 0.00436307 0.590437
0 0.516443 0.403903 0.00580113 0.00389309 0.590019
0 0.327835 0.305738 0.00641465 0.00426402 0.588995
0 0.216732 0.517516 0.00725734 0.00444373 0.588882
0 0.452446 0.644268 0.00780062 0.00486238 0.588728
0 0.483398 0.485008 0.00514861 0.00384846 0.588443
0 0.365335 0.0743922 0.00624907 0.00453993 0.58624
0 0.677417 0.473246 0.00641747 0.00422074 0.585997
0 0.421757 0.344853 0.00592186 0.00455727 0.584712
0 0.232444 0.543083 0.00591132 0.0047972 0.583216
0 0.321812 0.415443 0.00521386 0.00401498 0.583031
0 0.182191 0.452654 0.00711057 0.00445296 0.582084
0 0.418874 0.313622 0.00606738 0.00417984 0.581912
0 0.622361 0.417537 0.00671216 0.0043267 0.581724
0 0.45477 0.469134 0.00665802 0.00464337 0.581338
0 0.602051 0.456236 0.00606345 0.00446728 0.581337
0 0.699384 0.513178 0.00672219 0.00459533 0.580474
0 0.691702 0.288199 0.00621043 0.00479735 0.579313
0 0.49313 0.579061 0.00636378 0.0041318 0.578476
0 0.55757 0.369552 0.0064063 0.00415355 0.578143
0 0.85523 0.560475 0.00670595 0.00469868 0.577545
0 0.22558 0.522174 0.00925775 0.00549145 0.577312
0 0.458197 0.551125 0.0056873 0.0045655 0.576395
0 0.333592 0.406181 0.0069098 0.00494983 0.575952
0 0.311777 0.661182 0.00760352 0.00525796 0.575414
0 0.823849 0.669566 0.00654906 0.00532074 0.574843
0 0.544403 0.357972 0.00611263 0.00519808 0.574842
0 0.45973 0.649326 0.0069961 0.00477874 0.574192
0 0.462841 0.624727 0.00612916 0.00435256 0.573975
0 0.293387 0.334003 0.00645101 0.00396929 0.57358
0 0.844439 0.133112 0.00506957 0.00449493 0.573396
0 0.425367 0.455955 0.00652945 0.00420373 0.573306
0 0.998035 0.0624904 0.00392939 0.00508693 0.572807
0 0.264257 0.63292 0.0058465 0.00481755 0.572716
0 0.416594 0.291118 0.00686289 0.00406741 0.572185
0 0.214607 0.126646 0.00678589 0.00419759 0.571965
0 0.304272 0.491828 0.00588701 0.00478053 0.571535
0 0.19824 0.621968 0.00657302 0.00525373 0.571105
0 0.478458 0.456478 0.00579076 0.00396455 0.571048
0 0.534115 0.661463 0.00687549 0.00499398 0.570911
0 0.651172 0.334353 0.00701768 0.00454678 0.570705
0 0.291974 0.162096 0.00692208 0.00475499 0.570393
0 0.508837 0.483255 0.00605137 0.0037517 0.570344
0 0.415646 0.630122 0.00879473 0.00523992 0.569777
0 0.975724 0.363115 0.00692336 0.00526834 0.569346
0 0.542816 0.353818 0.00624781 0.00425891 0.56906
0 0.398062 0.478881 0.00500634 0.00461076 0.568311
0 0.639519 0.459601 0.00566704 0.00357261 0.568208
0 0.460616 0.643562 0.00607377 0.00475472 0.56751
0 0.468222 0.486791 0.00590611 0.00464692 0.567385
0 0.214584 0.569888 0.00634895 0.00457131 0.567303
0 0.345024 0.504493 0.00557286 0.0039413 0.567228
0 0.535819 0.631258 0.00584251 0.00469415 0.567037
0 0.699844 0.825119 0.0069649 0.00474672 0.566981
0 0.0786404 0.459433 0.00701089 0.00469847 0.566703
0 0.13893 0.0950109 0.00638892 0.00456285 0.56635
0 0.288753 0.442187 0.00577042 0.00469808 0.565075
0 0.842242 0.571059 0.00620644 0.00497629 0.564888
0 0.70865 0.409996 0.00667164 0.00408478 0.564276
0 0.179601 0.399261 0.00688858 0.00423643 0.563719
0 0.351269 0.430111 0.00593836 0.0046974 0.563609
0 0.185574 0.398762 0.00697263 0.00409021 0.563429
0 0.388281 0.406999 0.00599811 0.00452532 0.563328
0 0.270505 0.286386 0.00604866 0.00508167 0.563114
0 0.568944 0.387251 0.00616541 0.00410333 0.56309
0 0.48397 0.462649 0.00569855 0.00484593 0.562186
0 0.0826338 0.103537 0.00676894 0.00476776 0.561907
0 0.387226 0.332505 0.00812169 0.00552994 0.561797
0 0.295099 0.646988 0.00633013 0.0046986 0.561472
0 0.189592 0.57889 0.00683994 0.00417428 0.561146
0 0.281904 0.641922 0.00573622 0.00454597 0.560956
0 0.583837 0.346327 0.00581219 0.00447504 0.560827
0 0.356889 0.429378 0.00576455 0.00505763 0.56073
0 0.205133 0.360184 0.0062298 0.00482259 0.560373
0 0.186472 0.597756 0.00668185 0.00483913 0.560231
0 0.782068 0.699828 0.00661681 0.00522128 0.560107
0 0.502524 0.662251 0.00589032 0.00469971 0.559713
0 0.349085 0.252967 0.00607365 0.00512039 0.55896
0 0.330257 0.71346 0.00620071 0.00423348 0.558729
0 0.477704 0.279257 0.00663662 0.00466391 0.558428
0 0.40077 0.0907856 0.00618099 0.00489324 0.558343
0 0.364068 0.7129 0.00638085 0.00462213 0.558313
0 0.148829 0.554787 0.00959161 0.00551347 0.557806
0 0.236084 0.325979 0.00581592 0.00476602 0.557719
0 0.195976 0.275222 0.00693923 0.00457804 0.557512
0 0.902695 0.137569 0.00660371 0.00489919 0.557241
0 0.513979 0.3788 0.00550884 0.00461952 0.557077
0 0.519446 0.500897 0.00515203 0.00410188 0.556971
0 0.217869 0.525688 0.00731724 0.00431422 0.556835
0 0.521887 0.727071 0.00681041 0.00516756 0.556669
0 0.492755 0.416139 0.00659818 0.00451489 0.556424
0 0.359575 0.0739973 0.00532425 0.0046091 0.556141
0 0.734711 0.38366 0.0054971 0.00445976 0.555007
0 0.764756 0.467458 0.00675986 0.0045119 0.554239
0 0.27152 0.489671 0.00578059 0.00495034 0.553846
0 0.225943 0.494703 0.00652643 0.00458396 0.553585
0 0.205116 0.52226 0.00652018 0.00406495 0.553548
0 0.137271 0.568129 0.00662157 0.00439859 0.553395
0 0.499182 0.531946 0.00626326 0.00465085 0.552968
0 0.609774 0.41733 0.00564327 0.00406405 0.552559
0 0.426966 0.73795 0.0110883 0.00805861 0.552534
0 0.462984 0.430264 0.00573773 0.00362817 0.552495
0 0.656796 0.425584 0.00548359 0.00441466 0.551988
0 0.391506 0.437236 0.00546005 0.00492453 0.55193
0 0.284411 0.365639 0.0067174 0.00433315 0.551718
0 0.553004 0.381843 0.00633597 0.00427853 0.551141
0 0.124808 0.297276 0.00627185 0.00493329 0.551125
0 0.561937 0.465007 0.00623089 0.00440086 0.550371
0 0.16268 0.29571 0.00653834 0.00504098 0.550123
0 0.141145 0.8565 0.00722617 0.00463671 0.549539
0 0.41887 0.642356 0.00560765 0.00469402 0.549161
0 0.169895 0.608356 0.00701579 0.0047227 0.548878
0 0.181197 0.314742 0.00701964 0.00419771 0.548847
0 0.705044 0.612997 0.00576888 0.00491966 0.548636
0 0.268758 0.46415 0.00598891 0.00454353 0.548481
0 0.36748 0.490258 0.0062351 0.00398207 0.547839
0 0.876202 0.250942 0.0112792 0.00845905 0.547754
0 0.644518 0.376674 0.0061605 0.00464641 0.547716
0 0.740272 0.173505 0.00627602 0.00473427 0.547428
0 0.657441 0.706037 0.00708572 0.00472112 0.547407
0 0.48057 0.564551 0.00586308 0.0048096 0.546873
0 0.406575 0.578733 0.00664953 0.00419796 0.546651
0 0.458688 0.564021 0.00515693 0.00427806 0.546546
0 0.473022 0.390462 0.00592582 0.00399113 0.546456
0 0.624668 0.149609 0.00654655 0.00465399 0.5463
0 0.647123 0.660173 0.00643474 0.00403371 0.546059
0 0.619813 0.324375 0.0057976 0.00445031 0.545471
0 0.524466 0.558253 0.00727766 0.00530433 0.545271
0 0.519786 0.551109 0.00589209 0.00432392 0.544705
0 0.515352 0.657804 0.00799561 0.00689727 0.544244
0 0.812754 0.123991 0.00601889 0.00508402 0.543399
0 0.85243 0.519168 0.0068405 0.00596324 0.54279
0 0.306261 0.208271 0.00704418 0.0045287 0.542715
0 0.231176 0.479393 0.00681873 0.0041801 0.542402
0 0.791753 0.488361 0.0067247 0.00398985 0.54239
0 0.404208 0.465084 0.00615526 0.00369686 0.541025
0 0.286559 0.286397 0.00655578 0.00507767 0.540232
0 0.238596 0.19283 0.00705697 0.00468558 0.539953
0 0.0571561 0.424303 0.00671379 0.00469159 0.539913
0 0.524878 0.206971 0.00638487 0.00519002 0.537762
0 0.148971 0.326201 0.00793866 0.00523539 0.537499
0 0.162226 0.352877 0.00656949 0.00522596 0.537319
0 0.413002 0.221125 0.00706737 0.0046928 0.537043
0 0.45215 0.634115 0.00630101 0.0040005 0.536318
0 0.382974 0.709326 0.00678388 0.00472112 0.536081
0 0.623782 0.80542 0.00657385 0.00590306 0.535428
0 0.689557 0.682601 0.00922218 0.00769304 0.535275
0 0.249105 0.277666 0.00676806 0.0041 0.534989
0 0.129963 0.548953 0.00756911 0.00565195 0.534881
0 0.450121 0.472066 0.00551436 0.00481725 0.534362
0 0.258442 0.502025 0.00580888 0.00448608 0.534344
0 0.383805 0.604259 0.00615392 0.00396857 0.533686
0 0.536894 0.611104 0.00630457 0.00393151 0.533622
0 0.731085 0.389683 0.00653293 0.00450703 0.533206
0 0.212969 0.0804331 0.00641976 0.00472211 0.532799
0 0.223246 0.555225 0.0069023 0.0048467 0.532662
0 0.485454 0.368464 0.00568237 0.00471548 0.531659
0 0.272111 0.691575 0.00685238 0.00459841 0.531413
0 0.841892 0.47382 0.00712077 0.00426793 0.531097
0 0.700801 0.280876 0.00673467 0.00510934 0.53007
0 0.502042 0.32545 0.00585915 0.00391405 0.529884
0 0.313669 0.47433 0.00555161 0.00447164 0.52959
0 0.430919 0.221078 0.00649298 0.0052383 0.529539
0 0.213967 0.347102 0.00765503 0.00528798 0.528482
0 0.369828 0.396117 0.00588696 0.00483323 0.52838
0 0.464698 0.456753 0.00606174 0.00473087 0.528243
0 0.241187 0.308861 0.00626431 0.00494968 0.52801
0 0.168629 0.534731 0.00634739 0.00457221 0.526986
0 0.157486 0.171051 0.00669331 0.00441779 0.52472
0 0.86219 0.156313 0.00669329 0.00514142 0.523907
0 0.335705 0.315517 0.00586978 0.00402249 0.523648
0 0.479597 0.469465 0.00481702 0.00436465 0.523637
0 0.371346 0.232547 0.0058084 0.00487837 0.523196
0 0.527305 0.422532 0.00642015 0.00484452 0.523136
0 0.288214 0.62502 0.00676493 0.00440932 0.523066
0 0.174658 0.535561 0.00649608 0.00525873 0.522856
0 0.0658927 0.219833 0.00598182 0.00399374 0.522126
0 0.425221 0.453406 0.00643197 0.0042637 0.52188
0 0.595096 0.676518 0.00597005 0.00530779 0.521581
0 0.417113 0.43755 0.0061146 0.00452682 0.520914
0 0.213392 0.283869 0.00688948 0.00534224 0.519604
0 0.0448988 0.518282 0.00685032 0.00523667 0.519158
0 0.356508 0.649831 0.00631671 0.00447809 0.519055
0 0.294645 0.521949 0.00555842 0.00433965 0.518323
0 0.509206 0.588849 0.00636846 0.00525484 0.5168
0 0.295805 0.50476 0.00590103 0.00382038 0.516598
0 0.144321 0.532937 0.00697992 0.00520812 0.515881
0 0.608786 0.320241 0.00533268 0.00461854 0.51562
0 0.156422 0.527992 0.00712674 0.00445232 0.515139
0 0.559898 0.126306 0.0066175 0.00461177 0.515068
0 0.234528 0.488647 0.00641389 0.00438333 0.515068
0 0.489584 0.746485 0.00659311 0.00563096 0.514472
0 0.410483 0.509489 0.00972146 0.00491235 0.513649
0 0.328125 0.651368 0.00597042 0.00442069 0.512671
0 0.638569 0.0551421 0.00660416 0.00465021 0.510226
0 0.890781 0.492405 0.00666058 0.00434828 0.510006
0 0.338226 0.646898 0.0065606 0.00414458 0.509542
0 0.129729 0.123305 0.00709287 0.00438244 0.509207
0 0.179664 0.583062 0.00618874 0.00501023 0.50886
0 0.22019 0.359848 0.00694074 0.00449064 0.508457
0 0.441603 0.0648486 0.00625556 0.00498772 0.508133
0 0.385474 0.22955 0.00586621 0.00496674 0.507973
0 0.291495 0.399123 0.00625833 0.00443753 0.507495
0 0.950131 0.141897 0.00644938 0.00389756 0.506895
0 0.269285 0.612706 0.00621416 0.00478848 0.505752
0 0.16383 0.45608 0.00870389 0.00526967 0.505632
0 0.377941 0.703245 0.00754727 0.00542952 0.50456
0 0.29992 0.46679 0.0061205 0.00447506 0.504012
0 0.440992 0.124201 0.00715798 0.00473497 0.503407
0 0.924049 0.512704 0.00806553 0.00551261 0.50335
0 0.342889 0.507355 0.00508085 0.00439846 0.503191
0 0.37322 0.494088 0.00593999 0.00460264 0.502529
0 0.225044 0.399501 0.00567844 0.00491948 0.502526
0 0.150323 0.567661 0.00754314 0.00432944 0.502076
0 0.604458 0.702948 0.00694017 0.00468966 0.501276
0 0.402873 0.483017 0.00565518 0.00507143 0.50127
0 0.616282 0.742765 0.00916696 0.00904979 0.50126
0 0.394372 0.470201 0.00601481 0.00394301 0.500813
0 0.17285 0.0814412 0.00641648 0.00407864 0.499975
0 0.389167 0.493374 0.00544609 0.00479498 0.499211
0 0.443346 0.415735 0.00588362 0.00396942 0.49881
0 0.237111 0.647045 0.00564044 0.00415898 0.498115
0 0.340706 0.345659 0.00595737 0.00533846 0.498092
0 0.154658 0.511945 0.00745236 0.00525261 0.497805
0 0.666161 0.658154 0.00751297 0.00629115 0.497789
0 0.308963 0.464394 0.00700918 0.00419698 0.497391
0 0.868044 0.378747 0.00712778 0.00452609 0.497084
0 0.4718 0.496087 0.00546265 0.00391796 0.49673
0 0.349925 0.533471 0.00675798 0.00458204 0.496044
0 0.400479 0.255476 0.00699579 0.00458599 0.495482
0 0.516159 0.335261 0.00550678 0.00472608 0.494753
0 0.196593 0.566129 0.00712038 0.004471 0.49381
0 0.178384 0.323724 0.0063094 0.00469986 0.493487
0 0.675698 0.539486 0.00635199 0.00415343 0.492854
0 0.176371 0.551001 0.00623744 0.00434982 0.492062
0 0.321777 0.336188 0.00651973 0.00419219 0.491634
0 0.282884 0.40136 0.00623858 0.00401375 0.490563
0 0.729425 0.310723 0.00616062 0.00495812 0.490366
0 0.27181 0.49458 0.00797623 0.00488234 0.490049
0 0.672328 0.605818 0.00595911 0.00503587 0.489127
0 0.773408 0.581083 0.00608921 0.00460038 0.488433
0 0.490409 0.368805 0.00660815 0.00463427 0.488224
0 0.124768 0.827438 0.0110136 0.00689885 0.48793
0 0.271158 0.543837 0.00660792 0.00434085 0.487665
0 0.178937 0.418108 0.00596305 0.00504335 0.486913
0 0.207855 0.561584 0.010849 0.0074583 0.486738
0 0.110343 0.362462 0.00699361 0.0045278 0.485402
0 0.0882214 0.51973 0.00716337 0.00450882 0.484874
0 0.240033 0.546556 0.00640191 0.0042469 0.484512
0 0.256988 0.271172 0.00668426 0.00468639 0.484252
0 0.591146 0.478521 0.00535331 0.0051193 0.484162
0 0.152242 0.365061 0.00529642 0.00444403 0.48413
0 0.370507 0.485599 0.00575634 0.00478622 0.483794
0 0.295634 0.389146 0.00631412 0.00410538 0.483602
0 0.384759 0.396137 0.00584444 0.00431465 0.483491
0 0.0522188 0.143298 0.00633928 0.00424766 0.483308
0 0.0973115 0.146212 0.00578006 0.00478566 0.482701
0 0.229379 0.338995 0.00547158 0.00439543 0.482557
0 0.284098 0.466212 0.00670905 0.00459208 0.482492
0 0.258821 0.615942 0.0069502 0.00462273 0.481244
0 0.108787 0.158582 0.00656799 0.00431 0.480427
0 0.678807 0.462333 0.00648489 0.0043603 0.480247
0 0.19269 0.374039 0.00936541 0.00506981 0.479994
0 0.500309 0.245897 0.00550473 0.00483947 0.47896
0 0.549414 0.526363 0.00623391 0.00404366 0.478517
0 0.574142 0.712468 0.00632019 0.0048596 0.477938
0 0.505716 0.667925 0.00608363 0.00502326 0.477876
0 0.890634 0.190211 0.00627397 0.00489151 0.477303
0 0.301802 0.290802 0.00793175 0.00434961 0.476892
0 0.262851 0.669704 0.00598438 0.00440654 0.476463
0 0.360245 0.396198 0.00673538 0.00466851 0.47512
0 0.354667 0.390525 0.00764894 0.00560151 0.474908
0 0.336809 0.347627 0.00483386 0.00428746 0.474806
0 0.299844 0.328875 0.00658108 0.00490198 0.474072
0 0.756062 0.464023 0.00671518 0.00429323 0.473909
0 0.178717 0.523857 0.00579575 0.00489085 0.473773
0 0.361829 0.541149 0.00551736 0.00445232 0.473671
0 0.438085 0.464372 0.00615768 0.00559416 0.47348
0 0.813202 0.503103 0.00645548 0.00509879 0.473139
0 0.482285 0.163204 0.0083103 0.00702846 0.471958
0 0.418927 0.230433 0.00578107 0.00444144 0.471882
0 0.755433 0.758967 0.00725236 0.00604633 0.471287
0 0.453587 0.465252 0.00733753 0.00439697 0.469934
0 0.677532 0.646774 0.00668161 0.0053363 0.46969
0 0.12131 0.19087 0.00616548 0.00490072 0.468907
0 0.55786 0.384156 0.00586912 0.00467958 0.467192
0 0.418938 0.348411 0.00637817 0.0045144 0.466786
0 0.298977 0.488763 0.00721201 0.00463436 0.46669
0 0.129424 0.597436 0.0078772 0.00504083 0.466403
0 0.181296 0.340172 0.0062881 0.0045185 0.466208
0 0.515935 0.759513 0.00750903 0.00475502 0.466033
0 0.593113 0.477927 0.00916684 0.00549628 0.465874
0 0.653595 0.474589 0.00527524 0.00496235 0.46446
0 0.63581 0.398522 0.00649264 0.00418172 0.464162
0 0.341167 0.394389 0.00648437 0.00430657 0.463718
0 0.212323 0.52235 0.00557135 0.00428494 0.463617
0 0.120363 0.0708403 0.0061524 0.0054269 0.463157
0 0.258365 0.42372 0.00739218 0.00430982 0.462668
0 0.238486 0.327253 0.00525703 0.00426231 0.462572
0 0.460142 0.657709 0.00711384 0.00484614 0.461817
0 0.399152 0.297633 0.00684286 0.00432781 0.461627
0 0.730243 0.553979 0.00637689 0.00417381 0.461341
0 0.137338 0.143654 0.00587535 0.00452021 0.461064
0 0.468146 0.638102 0.0084722 0.00668506 0.461035
0 0.181024 0.36411 0.00609009 0.00520406 0.460908
0 0.495829 0.781608 0.00766729 0.00626277 0.46088
0 0.430859 0.692826 0.00600638 0.00463867 0.460069
0 0.81417 0.339167 0.00679046 0.00605438 0.459799
0 0.0842989 0.219983 0.00667215 0.00449538 0.45937
0 0.33757 0.486991 0.00599874 0.00438201 0.458789
0 0.381928 0.529825 0.00655524 0.00424032 0.458264
0 0.31312 0.434542 0.00565592 0.00521556 0.458254
0 0.655252 0.518547 0.00623225 0.00359667 0.457201
0 0.647076 0.596677 0.00585071 0.00495812 0.457037
0 0.287073 0.18726 0.00709219 0.00500424 0.456802
0 0.371551 0.394382 0.00586835 0.00444458 0.4564
0 0.226892 0.202111 0.00592669 0.00509282 0.455372
0 0.472437 0.555873 0.00614193 0.00444099 0.454622
0 0.471601 0.604733 0.00633575 0.00547534 0.453975
0 0.517968 0.752659 0.00645588 0.0055948 0.453161
0 0.178003 0.51512 0.00709468 0.00496642 0.453128
0 0.591987 0.67009 0.00585265 0.00510896 0.452415
0 0.198079 0.368807 0.00668513 0.00431986 0.452262
0 0.380269 0.524873 0.00528949 0.00419074 0.452249
0 0.725718 0.496653 0.00559535 0.00469488 0.45106
0 0.760953 0.842172 0.00682551 0.0052374 0.45055
0 0.753216 0.282135 0.00691994 0.00457422 0.450519
0 0.61237 0.690314 0.00647805 0.00469988 0.450208
0 0.203686 0.827172 0.00755093 0.00597854 0.449941
0 0.178483 0.466312 0.00753793 0.00430559 0.449777
0 0.131848 0.276278 0.00757003 0.0055555 0.449103
0 0.501467 0.18368 0.00701232 0.00470043 0.448483
0 0.440525 0.549161 0.00680066 0.00442941 0.448091
0 0.192335 0.650181 0.00654376 0.00454007 0.447905
0 0.0792146 0.203459 0.00685055 0.00501288 0.447631
0 0.557104 0.656637 0.00740708 0.00526834 0.447248
0 0.264 0.412109 0.00697567 0.00458828 0.446754
0 0.420291 0.570877 0.00542714 0.00504369 0.446334
0 0.69408 0.545639 0.00559922 0.00458041 0.446
0 0.396027 0.369877 0.00595514 0.00460298 0.445472
0 0.383926 0.76017 0.00740819 0.00513567 0.445318
0 0.26258 0.298953 0.00678302 0.00419339 0.44528
0 0.421363 0.261414 0.00644722 0.00560534 0.445089
0 0.724238 0.384265 0.00658427 0.00504527 0.444903
0 0.41871 0.637062 0.00640014 0.00407158 0.444417
0 0.132666 0.705407 0.00830397 0.00661872 0.444207
0 0.380576 0.272754 0.00592614 0.00481671 0.443357
0 0.446312 0.221061 0.00697619 0.00549389 0.443246
0 0.162176 0.343991 0.00599291 0.0040137 0.44304
0 0.204005 0.571245 0.00822251 0.00573324 0.443019
0 0.407641 0.508715 0.00638077 0.00478887 0.443012
0 0.950014 0.589276 0.0075952 0.00513251 0.442866
0 0.691741 0.575988 0.00715257 0.00445104 0.441137
0 0.784343 0.462293 0.00605895 0.00505818 0.440747
0 0.314345 0.642105 0.0106186 0.00624623 0.44039
0 0.657116 0.500523 0.0103065 0.00577894 0.438722
0 0.594812 0.522101 0.00607491 0.00510815 0.438629
0 0.412484 0.510044 0.00605091 0.00431272 0.437351
0 0.485986 0.395057 0.00706902 0.00537648 0.436408
0 0.20229 0.37417 0.00846383 0.00545115 0.436348
0 0.192794 0.32087 0.0059704 0.00454654 0.43611
0 0.232007 0.410603 0.00890032 0.0055801 0.435215
0 0.21543 0.299993 0.00652092 0.00439413 0.434753
0 0.42232 0.566709 0.00652475 0.00406717 0.434373
0 0.0398271 0.420061 0.00788991 0.00477844 0.434099
0 0.567971 0.465261 0.00599182 0.00464795 0.433973
0 0.672634 0.462778 0.00590366 0.00458289 0.433534
0 0.415642 0.735699 0.00765763 0.00497077 0.433241
0 0.667764 0.579653 0.0089936 0.00575209 0.432872
0 0.865568 0.166488 0.00646722 0.00470445 0.432841
0 0.1707 0.450134 0.0056911 0.00429793 0.431865
0 0.475979 0.449957 0.00573126 0.00383393 0.431761
0 0.499815 0.613495 0.00564966 0.00435021 0.431562
0 0.4353 0.435917 0.00579937 0.00390407 0.431561
0 0.41301 0.638126 0.00692835 0.00476788 0.431515
0 0.409765 0.293171 0.0065364 0.0039853 0.43148
0 0.180174 0.211521 0.00556849 0.00459196 0.430593
0 0.672209 0.479868 0.00683964 0.0040108 0.430373
0 0.692162 0.406016 0.00593688 0.00507622 0.430149
0 0.280486 0.404599 0.0057462 0.00461854 0.430086
0 0.741747 0.499093 0.00613315 0.00465295 0.429708
0 0.372387 0.378023 0.00631797 0.00407811 0.4292
0 0.160522 0.25841 0.00758675 0.00511219 0.427889
0 0.11611 0.859109 0.00632336 0.00540469 0.42769
0 0.233893 0.259716 0.00636605 0.00485603 0.427595
0 0.544582 0.530734 0.00670384 0.00511054 0.427503
0 0.837583 0.47837 0.00600202 0.00509139 0.427289
0 0.272247 0.67293 0.00654666 0.00459469 0.427005
0 0.337338 0.461806 0.00610594 0.00499775 0.426628
0 0.499021 0.334837 0.00567353 0.00495806 0.426496
0 0.973354 0.223624 0.00618467 0.00522861 0.425968
0 0.502121 0.635627 0.00638316 0.00464453 0.424568
0 0.262621 0.50186 0.00610508 0.00444693 0.42452
0 0.426391 0.519211 0.00594922 0.00453348 0.423863
0 0.267656 0.451975 0.00674273 0.00388518 0.423632
0 0.557118 0.4686 0.00594497 0.00417505 0.42357
0 0.524168 0.622307 0.00646443 0.00435636 0.423457
0 0.267532 0.424384 0.00657242 0.00476651 0.423305
0 0.862802 0.458037 0.00658855 0.00466568 0.42191
0 0.393712 0.622513 0.00560982 0.00528394 0.421807
0 0.0700566 0.425068 0.00742446 0.00568845 0.421652
0 0.278171 0.495148 0.00621097 0.00467342 0.421498
0 0.170951 0.317354 0.00703463 0.00541978 0.420828
0 0.370451 0.228268 0.00604758 0.00479305 0.420131
0 0.37383 0.714949 0.00645143 0.00544645 0.420065
0 0.341731 0.262199 0.00588773 0.00511129 0.419387
0 0.224001 0.338485 0.00707234 0.00458234 0.419125
0 0.331683 0.271935 0.00677533 0.00429932 0.418911
0 0.156963 0.560514 0.00703902 0.00619562 0.418496
0 0.962973 0.200642 0.00796637 0.0070265 0.41776
0 0.192046 0.265098 0.00575094 0.00452135 0.417215
0 0.896654 0.45335 0.00736554 0.00539204 0.416584
0 0.577786 0.574268 0.0052986 0.00487948 0.415838
0 0.203448 0.462931 0.00582762 0.00457247 0.414957
0 0.223979 0.311461 0.00790589 0.00446467 0.414639
0 0.835349 0.36088 0.00731077 0.00464141 0.414415
0 0.473352 0.456925 0.00530963 0.00392224 0.414371
0 0.135127 0.187231 0.00720899 0.00427191 0.413336
0 0.356231 0.457369 0.00632586 0.00383872 0.412886
0 0.467956 0.491571 0.00551525 0.00417116 0.412401
0 0.348578 0.421326 0.00699955 0.00428639 0.41219
0 0.381421 0.714309 0.00869124 0.0069781 0.412058
0 0.443892 0.485641 0.00527738 0.00391689 0.411562
0 0.292711 0.540654 0.00607374 0.00409136 0.411199
0 0.467951 0.514352 0.00615632 0.00498505 0.410506
0 0.399571 0.519841 0.00523956 0.00447266 0.410156
0 0.181182 0.423545 0.00668959 0.00397327 0.409171
0 0.618518 0.803767 0.00708532 0.00493897 0.409077
0 0.359617 0.550654 0.00584581 0.00460944 0.408667
0 0.538915 0.724413 0.00641798 0.00542315 0.408531
0 0.267798 0.345116 0.00609001 0.00435534 0.407892
0 0.227029 0.393612 0.00517706 0.00445069 0.407354
0 0.38739 0.399831 0.00675886 0.00386483 0.407076
0 0.142587 0.280014 0.00629181 0.00510383 0.406473
0 0.829163 0.400365 0.0075002 0.00494051 0.405429
0 0.187735 0.369702 0.00629403 0.00503523 0.405378
0 0.191083 0.376166 0.00685667 0.00488623 0.404091
0 0.919494 0.768102 0.011511 0.0088136 0.402876
0 0.234973 0.518821 0.0061994 0.00468838 0.402638
0 0.433897 0.631385 0.00747421 0.00671451 0.402287
0 0.471342 0.546243 0.00745538 0.00658727 0.402234
0 0.592163 0.4856 0.00557472 0.00419194 0.401475
0 0.704284 0.315029 0.00696251 0.0053303 0.401433
0 0.17676 0.547113 0.00650556 0.0051099 0.401422
0 0.357258 0.389237 0.00571924 0.00444633 0.401252
0 0.158295 0.282515 0.00711094 0.00441449 0.400301
0 0.357737 0.480659 0.00534665 0.00427896 0.400239
0 0.33238 0.22608 0.00688797 0.00486755 0.399825
0 0.206093 0.619161 0.00614562 0.0046188 0.399602
0 0.135436 0.446995 0.00857241 0.00580223 0.398904
0 0.299675 0.463513 0.00713761 0.00326568 0.398428
0 0.258664 0.434454 0.0089302 0.00735401 0.398142
0 0.474751 0.451311 0.00772331 0.00594687 0.397642
0 0.230158 0.413541 0.0074572 0.00527005 0.397022
0 0.617551 0.374396 0.00572089 0.00489858 0.396411
0 0.54437 0.620835 0.00603878 0.00410414 0.396249
0 0.117234 0.81552 0.00763151 0.00532921 0.396162
0 0.24354 0.304179 0.00663867 0.00485732 0.395588
0 0.0540768 0.147713 0.00767085 0.00484008 0.395285
0 0.541657 0.530932 0.00565678 0.00482874 0.395189
0 0.161702 0.378293 0.0068295 0.00470351 0.394327
0 0.576678 0.454439 0.00544621 0.00515632 0.394243
0 0.546957 0.704688 0.00699243 0.00759272 0.39409
0 0.348853 0.512959 0.0056796 0.00487191 0.39381
0 0.421558 0.623544 0.00579087 0.0051664 0.393639
0 0.460167 0.564581 0.00439257 0.00353461 0.393434
0 0.677883 0.771323 0.00659824 0.00458601 0.393301
0 0.244196 0.521311 0.00561757 0.00475578 0.393264
0 0.840858 0.334492 0.00720038 0.00453295 0.392516
0 0.47396 0.452994 0.00840897 0.00454968 0.392347
0 0.394929 0.49339 0.00643314 0.00462799 0.391782
0 0.561169 0.349878 0.00683092 0.00456276 0.391712
0 0.377247 0.572427 0.00547322 0.00519756 0.390972
0 0.450892 0.275069 0.00720027 0.00425878 0.390818
0 0.226161 0.506662 0.00578844 0.00463752 0.390802
0 0.382573 0.284676 0.00578894 0.00728977 0.390677
0 0.308325 0.466976 0.00685699 0.00468616 0.390516
0 0.215458 0.21663 0.0063968 0.00534848 0.390427
0 0.935199 0.17031 0.00604596 0.005055 0.390181
0 0.0911145 0.343802 0.00687933 0.00486967 0.390168
0 0.346242 0.512281 0.00938719 0.00568024 0.389939
0 0.155129 0.36081 0.00600927 0.00504726 0.389911
0 0.2189 0.49546 0.00534912 0.00408269 0.389069
0 0.268292 0.439678 0.00669834 0.00320469 0.38787
0 0.528669 0.652109 0.00653532 0.00435081 0.387808
0 0.611032 0.313069 0.00633204 0.0050513 0.38708
0 0.173697 0.41336 0.00857258 0.00484939 0.386767
0 0.447914 0.879719 0.00726287 0.00546427 0.385732
0 0.196927 0.318009 0.00717174 0.00416824 0.38569
0 0.355296 0.739617 0.00878291 0.00678302 0.385562
0 0.443184 0.34399 0.00665676 0.00411727 0.385546
0 0.334378 0.628934 0.00835996 0.00682863 0.385414
0 0.988482 0.365611 0.00678556 0.00530001 0.385108
0 0.504376 0.750081 0.00679342 0.00571132 0.384858
0 0.881593 0.178416 0.00606043 0.00431377 0.384725
0 0.532426 0.638562 0.00817096 0.00537233 0.38448
0 0.36995 0.624136 0.00749034 0.00553428 0.384056
0 0.473833 0.396977 0.00537574 0.00401986 0.383739
0 0.281277 0.302195 0.00643391 0.0052668 0.383175
0 0.14329 0.583486 0.00845515 0.00649212 0.382331
0 0.530442 0.475112 0.00589266 0.00359069 0.382307
0 0.729451 0.705835 0.00627625 0.00530942 0.382169
0 0.48095 0.516806 0.00680271 0.0049942 0.381905
0 0.294831 0.540872 0.00702144 0.004302 0.381224
0 0.325916 0.0713273 0.00610477 0.00405642 0.381221
0 0.158415 0.478558 0.00601185 0.0050148 0.381128
0 0.376475 0.481188 0.00585011 0.00413107 0.381102
0 0.602863 0.533012 0.00626388 0.00426396 0.380703
0 0.276435 0.288174 0.00574785 0.00488984 0.380563
0 0.76271 0.414534 0.00685617 0.00412911 0.380308
0 0.105937 0.531098 0.00725347 0.00483315 0.379838
0 0.644135 0.657157 0.00582062 0.00518718 0.378941
0 0.184936 0.456012 0.00879647 0.00488217 0.378756
0 0.112508 0.774346 0.00657916 0.00537297 0.378613
0 0.615593 0.527714 0.00665562 0.00527531 0.378525
0 0.731467 0.681518 0.00708766 0.00475715 0.377942
0 0.414848 0.14257 0.00621088 0.00473814 0.377099
0 0.250228 0.144234 0.00713148 0.00465055 0.376774
0 0.522259 0.37881 0.00716186 0.00569495 0.375549
0 0.0331459 0.34883 0.00685056 0.00511785 0.375463
0 0.809685 0.390258 0.00645708 0.00501869 0.375362
0 0.530859 0.653095 0.0074439 0.00391249 0.3745
0 0.36721 0.327252 0.00605958 0.00483118 0.373981
0 0.340091 0.365276 0.00663032 0.00507494 0.373104
0 0.604196 0.699797 0.00791964 0.00467197 0.373045
0 0.444025 0.133406 0.00677165 0.00448713 0.372462
0 0.0771777 0.213558 0.00626308 0.00479021 0.372407
0 0.19202 0.513076 0.00592117 0.00479258 0.371809
0 0.319632 0.567356 0.00607787 0.00382085 0.371759
0 0.392554 0.160285 0.00671951 0.00489243 0.371048
0 0.222488 0.371219 0.00654829 0.00487734 0.370916
0 0.982615 0.596159 0.00659624 0.00538879 0.370829
0 0.323243 0.38647 0.00637578 0.0043941 0.370034
0 0.896948 0.476207 0.00692655 0.00452818 0.37001
0 0.41466 0.469842 0.0065323 0.00410966 0.36963
0 0.308923 0.538957 0.00883938 0.00681256 0.369452
0 0.096326 0.507589 0.010004 0.00584031 0.369133
0 0.290541 0.646614 0.00566681 0.0050987 0.369092
0 0.309811 0.225554 0.00867645 0.00532386 0.368753
0 0.320542 0.369516 0.00702121 0.0051511 0.367947
0 0.122517 0.434875 0.00985842 0.00589485 0.36763
0 0.161766 0.445156 0.00716825 0.00529724 0.367626
0 0.14558 0.304294 0.00636205 0.00432969 0.367563
0 0.404384 0.272008 0.00662251 0.00452919 0.367313
0 0.368173 0.286494 0.00638547 0.00470426 0.366655
0 0.33619 0.335969 0.00624396 0.00472309 0.366616
0 0.668145 0.675089 0.00745928 0.00567798 0.366433
0 0.39516 0.475532 0.00715334 0.0040744 0.366261
0 0.158797 0.472355 0.00579266 0.00412214 0.365754
0 0.09708 0.484202 0.0063758 0.00475407 0.365146
0 0.449624 0.461923 0.00521013 0.0040947 0.364909
0 0.271256 0.304748 0.00588548 0.00448555 0.364714
0 0.112872 0.102456 0.00807704 0.00540117 0.364597
0 0.467038 0.630116 0.00622319 0.00530502 0.364558
0 0.203117 0.635461 0.00718289 0.00474728 0.362792
0 0.37473 0.675121 0.00696342 0.0048932 0.361732
0 0.396496 0.478112 0.00688441 0.00548577 0.361265
0 0.414068 0.308736 0.00585955 0.00524302 0.361209
0 0.119811 0.501969 0.00768334 0.00541183 0.360854
0 0.480447 0.250792 0.00613056 0.00461775 0.36065
0 0.22153 0.419471 0.00546346 0.00440231 0.360384
0 0.333472 0.558411 0.00628816 0.00477959 0.360264
0 0.220694 0.507206 0.00633922 0.00632804 0.360178
0 0.307655 0.288748 0.00809397 0.00516713 0.360079
0 0.901385 0.544004 0.00769693 0.00510691 0.359322
0 0.327084 0.534649 0.00640593 0.00648127 0.358471
0 0.65894 0.493504 0.00689937 0.00450369 0.35833
0 0.49863 0.641939 0.00666799 0.00511007 0.357974
0 0.201434 0.316976 0.00630065 0.00511672 0.357758
0 0.568857 0.731445 0.00663442 0.00461858 0.357695
0 0.873683 0.781429 0.00892641 0.00670934 0.357675
0 0.437271 0.458444 0.00654971 0.00573568 0.357448
0 0.244039 0.403625 0.00684286 0.00414586 0.356617
0 0.284955 0.492883 0.00705876 0.00357859 0.356603
0 0.298429 0.575487 0.0066921 0.00396049 0.355895
0 0.229875 0.314915 0.00617202 0.00478444 0.355554
0 0.250756 0.42822 0.00991357 0.00600871 0.355217
0 0.108412 0.141778 0.00618319 0.00414185 0.354668
0 0.222685 0.482865 0.00615065 0.00493188 0.354656
0 0.466398 0.434581 0.00593209 0.00397677 0.354273
0 0.331851 0.69428 0.00734023 0.00557189 0.353623
0 0.651728 0.474933 0.00770126 0.00518068 0.352356
0 0.343199 0.460128 0.00669372 0.00644998 0.352176
0 0.161023 0.588633 0.00672096 0.00525197 0.351994
0 0.691517 0.479987 0.00634549 0.00352952 0.35114
0 0.12314 0.33704 0.00869675 0.00648296 0.351018
0 0.328933 0.312061 0.00720853 0.0048212 0.350899
0 0.142723 0.222443 0.00775208 0.00628408 0.350501
0 0.436847 0.607708 0.00828898 0.0058248 0.349673
0 0.555636 0.331224 0.00620131 0.00467421 0.349558
0 0.515017 0.683322 0.00709803 0.00599735 0.349308
0 0.0536527 0.518446 0.00705653 0.00459016 0.349206
0 0.416995 0.616522 0.00805983 0.00485409 0.348962
0 0.305537 0.323115 0.00698576 0.00447277 0.348486
0 0.223703 0.395994 0.00641443 0.00383855 0.348485
0 0.142591 0.558138 0.00781039 0.00588079 0.34819
0 0.507947 0.635189 0.0063154 0.00505113 0.346898
0 0.224918 0.397566 0.00639846 0.00279223 0.346303
0 0.656399 0.711331 0.00735431 0.00529416 0.346298
0 0.330727 0.487272 0.00732801 0.00484952 0.346185
0 0.88022 0.737856 0.00740754 0.00567687 0.346153
0 0.295456 0.478866 0.00636276 0.00469043 0.34602
0 0.177057 0.469025 0.00584034 0.00433593 0.345913
0 0.928637 0.27449 0.006655 0.00503175 0.345707
0 0.209728 0.453895 0.00632352 0.00391095 0.345559
0 0.203983 0.372442 0.00645398 0.0051355 0.345534
0 0.58692 0.620648 0.00713382 0.00412774 0.345332
0 0.318322 0.536024 0.00795984 0.00489854 0.345212
0 0.339885 0.613759 0.00858367 0.00686158 0.344914
0 0.865723 0.869035 0.00782031 0.00603111 0.344465
0 0.218666 0.2194 0.00619545 0.00487544 0.344227
0 0.280169 0.654773 0.00803196 0.00510456 0.342739
0 0.0567248 0.138861 0.00668998 0.00429319 0.342628
0 0.231038 0.603066 0.00742455 0.00583518 0.342604
0 0.535502 0.0645891 0.00634401 0.00461628 0.341821
0 0.426615 0.196827 0.00720252 0.00481105 0.341005
0 0.635134 0.275064 0.00692239 0.00481364 0.340913
0 0.181491 0.591606 0.00776528 0.00470377 0.340671
0 0.421724 0.281997 0.00640413 0.00434685 0.340667
0 0.699507 0.386592 0.0063166 0.00423805 0.340278
0 0.532468 0.63509 0.00778697 0.0048617 0.340141
0 0.130499 0.551802 0.00701728 0.00597683 0.339958
0 0.556171 0.349558 0.00633421 0.00444533 0.339946
0 0.18704 0.387399 0.00927326 0.00743714 0.339518
0 0.547282 0.404041 0.00716835 0.00457832 0.339232
0 0.747845 0.153163 0.00588189 0.00508698 0.33911
0 0.129892 0.213656 0.00700146 0.00513657 0.338898
0 0.360547 0.615939 0.0123618 0.00574897 0.338854
0 0.366619 0.509409 0.00572069 0.00477356 0.338708
0 0.527706 0.312682 0.00574272 0.00484629 0.338145
0 0.525741 0.337495 0.00735556 0.00471076 0.338068
0 0.541432 0.705013 0.00868734 0.00788362 0.337374
0 0.156919 0.658625 0.00691753 0.00512742 0.337146
0 0.300143 0.241776 0.00571277 0.00509052 0.337061
0 0.0744632 0.410325 0.00674005 0.00425686 0.337055
0 0.460159 0.515038 0.00669136 0.0041044 0.336999
0 0.137648 0.149341 0.00645363 0.00525665 0.335315
0 0.189692 0.328274 0.00840624 0.00444121 0.334222
0 0.413889 0.572596 0.00647847 0.00405931 0.334218
0 0.50354 0.37392 0.00664565 0.00393207 0.333972
0 0.400839 0.291477 0.00744478 0.00500943 0.33386
0 0.261231 0.644854 0.00588513 0.00495278 0.333566
0 0.116603 0.504916 0.0068691 0.0044642 0.333556
0 0.387547 0.838331 0.00768134 0.00598102 0.332473
0 0.711278 0.297387 0.00747684 0.00466214 0.332451
0 0.196229 0.687213 0.00882532 0.00790294 0.332249
0 0.24375 0.539292 0.00593437 0.00511464 0.331328
0 0.333499 0.440369 0.00641761 0.00417035 0.330332
0 0.406728 0.638109 0.00585895 0.00482729 0.329705
0 0.246064 0.393429 0.00634905 0.00482926 0.328486
0 0.279042 0.317716 0.00668953 0.00417916 0.327893
0 0.854732 0.330409 0.00684329 0.00446734 0.327637
0 0.536435 0.525497 0.0101747 0.00582172 0.326884
0 0.117532 0.532964 0.00768805 0.00480913 0.326553
0 0.138691 0.221653 0.00629498 0.00490995 0.326383
0 0.182444 0.381368 0.00610047 0.00504066 0.325731
0 0.325522 0.560915 0.00564316 0.00462487 0.325638
0 0.440414 0.558688 0.00525407 0.00518816 0.325634
0 0.903324 0.12053 0.0064577 0.00434446 0.325423
0 0.188418 0.618476 0.00705026 0.00566383 0.325036
0 0.313695 0.45955 0.00712271 0.00530745 0.325031
0 0.193329 0.27036 0.00722933 0.00462711 0.323855
0 0.27925 0.673352 0.00664038 0.00408256 0.323798
0 0.173485 0.540547 0.0102538 0.00729178 0.323057
0 0.226622 0.544195 0.00602873 0.00513294 0.323
0 0.0732329 0.261834 0.00670321 0.00476309 0.322393
0 0.765293 0.57728 0.00588793 0.00504109 0.322067
0 0.171496 0.438718 0.00827437 0.00584006 0.321644
0 0.475974 0.456623 0.00977449 0.00387005 0.32147
0 0.275918 0.368009 0.00543093 0.00415283 0.320917
0 0.479689 0.488456 0.00639083 0.00499578 0.320738
0 0.210336 0.592667 0.00658011 0.00475621 0.319979
0 0.263808 0.309943 0.00679103 0.00462523 0.319009
0 0.34687 0.466998 0.00581814 0.00429452 0.318444
0 0.537665 0.266054 0.00555568 0.0047557 0.317943
0 0.388409 0.287062 0.0072935 0.00471396 0.317836
0 0.439324 0.233404 0.00728624 0.00530478 0.317456
0 0.368611 0.605782 0.00616606 0.00508028 0.317033
0 0.504769 0.643286 0.00668093 0.0041009 0.317032
0 0.50558 0.468579 0.0057805 0.00385073 0.316695
0 0.55063 0.0811216 0.0113915 0.00700705 0.315449
0 0.416841 0.464011 0.00636678 0.00397904 0.315443
0 0.539238 0.525678 0.00672276 0.00596939 0.315374
0 0.351397 0.549734 0.00724079 0.00494863 0.315153
0 0.116766 0.516226 0.0094183 0.00681499 0.315101
0 0.140734 0.446669 0.0068339 0.0054974 0.3149
0 0.33526 0.604449 0.00631443 0.0050307 0.314888
0 0.197135 0.692689 0.00889847 0.00530164 0.314563
0 0.134343 0.257146 0.00862976 0.00493588 0.314486
0 0.84847 0.391577 0.00617236 0.00502715 0.313983
0 0.232333 0.342262 0.00681663 0.00476487 0.313694
0 0.745211 0.380772 0.00724825 0.00527322 0.313513
0 0.371503 0.61608 0.00567507 0.00392262 0.312801
0 0.646005 0.412068 0.00628639 0.00485524 0.312801
0 0.963009 0.242949 0.0056182 0.00505115 0.312517
0 0.359165 0.386504 0.00674094 0.00413376 0.312247
0 0.230982 0.447294 0.00590299 0.00451468 0.311117
0 0.454418 0.604958 0.0107665 0.0077333 0.311098
0 0.24164 0.388741 0.00700374 0.00523718 0.311035
0 0.433986 0.555653 0.00567302 0.0038297 0.310263
0 0.116394 0.498252 0.0114142 0.00636988 0.309538
0 0.24095 0.337993 0.00939601 0.00588966 0.309487
0 0.147312 0.274073 0.00644425 0.00504675 0.309459
0 0.802996 0.387777 0.00622006 0.00503459 0.309264
0 0.188527 0.458488 0.00810745 0.00645374 0.309246
0 0.530903 0.421845 0.00589938 0.00521299 0.308286
0 0.132795 0.145762 0.00531366 0.00483931 0.308086
0 0.696117 0.560885 0.00846092 0.00561532 0.307949
0 0.221591 0.210972 0.00853183 0.00568535 0.307887
0 0.120066 0.148376 0.00699014 0.00602933 0.307734
0 0.43023 0.569478 0.00600299 0.00383872 0.307656
0 0.238885 0.375468 0.00702138 0.00446676 0.307345
0 0.492968 0.309882 0.0067957 0.00533951 0.307249
0 0.33986 0.346671 0.00933297 0.00496656 0.307222
0 0.366037 0.518024 0.00584692 0.00506656 0.306527
0 0.294839 0.526115 0.0064646 0.00431751 0.306478
0 0.747362 0.00836852 0.00748447 0.00597337 0.306397
0 0.258786 0.535817 0.00619433 0.0045325 0.305423
0 0.572425 0.090707 0.00681041 0.00564987 0.305336
0 0.277064 0.511187 0.00560441 0.00250667 0.305082
0 0.188809 0.488644 0.00681759 0.00495569 0.305059
0 0.878586 0.112644 0.0068976 0.00552129 0.304862
0 0.332998 0.489047 0.00560375 0.00387167 0.304828
0 0.424297 0.349146 0.00563307 0.00460183 0.303631
0 0.112822 0.072746 0.00611607 0.00492587 0.303158
0 0.245887 0.540006 0.0089398 0.00655453 0.302987
0 0.0996348 0.543751 0.00665631 0.00500099 0.302957
0 0.128411 0.333598 0.00733701 0.00501196 0.301381
0 0.185369 0.536942 0.00973023 0.00660056 0.300958
0 0.1618 0.329983 0.00788019 0.00547335 0.300457
0 0.642269 0.455901 0.00536243 0.00414667 0.300444
0 0.693176 0.330434 0.00825924 0.00486294 0.300269
0 0.331747 0.576105 0.0085651 0.00612681 0.299399
0 0.422366 0.513937 0.00583518 0.0040423 0.299378
0 0.257028 0.43357 0.00594152 0.0055954 0.299137
0 0.191249 0.456165 0.00570451 0.00454037 0.297796
0 0.245854 0.384181 0.00831426 0.00582514 0.297403
0 0.519078 0.512644 0.00741643 0.00622542 0.297049
0 0.0706189 0.241941 0.00826712 0.00502899 0.296675
0 0.205913 0.399831 0.00930031 0.00645639 0.296373
0 0.406457 0.288187 0.00735021 0.004876 0.296134
0 0.202127 0.266138 0.00646249 0.00494812 0.295937
0 0.277365 0.552435 0.00832355 0.00618143 0.295412
0 0.869765 0.155497 0.00731231 0.00472341 0.295146
0 0.0888258 0.225584 0.00682292 0.00496511 0.294404
0 0.46196 0.567808 0.00518052 0.00450168 0.29355
0 0.869643 0.885429 0.00711872 0.0057462 0.293066
0 0.178702 0.594358 0.00653742 0.00488072 0.293052
0 0.173076 0.41842 0.00725773 0.00420493 0.292973
0 0.1107 0.522429 0.00606072 0.00481511 0.292886
0 0.113874 0.898114 0.00679625 0.0038235 0.292496
0 0.0984741 0.5418 0.00869256 0.00704828 0.292255
0 0.302486 0.384281 0.00862479 0.00454242 0.292006
0 0.501751 0.718895 0.00967011 0.00587775 0.291972
0 0.379619 0.278981 0.00616996 0.00486527 0.291839
0 0.111357 0.511506 0.00784711 0.00456533 0.291578
0 0.578307 0.158991 0.00648756 0.00542231 0.291551
0 0.61675 0.542587 0.00535229 0.00438786 0.290558
0 0.858134 0.389039 0.00926458 0.00625952 0.289059
0 0.467333 0.618698 0.00841883 0.00550129 0.288627
0 0.139571 0.38391 0.0100454 0.00745727 0.288414
0 0.220468 0.618141 0.0066657 0.00527531 0.288026
0 0.519096 0.0480142 0.00578312 0.00478789 0.287746
0 0.306129 0.686767 0.00710695 0.00592268 0.2877
0 0.339914 0.638887 0.0063694 0.00537644 0.287479
0 0.305431 0.647224 0.00890085 0.00694292 0.287405
0 0.362563 0.324484 0.00588568 0.0047532 0.287196
0 0.22992 0.255057 0.00559301 0.00489734 0.286409
0 0.187267 0.319799 0.00589506 0.00519258 0.285897
0 0.415822 0.623176 0.00780569 0.00612561 0.284973
0 0.45083 0.164998 0.00729572 0.00480242 0.28497
0 0.193867 0.101183 0.00675538 0.00462686 0.28482
0 0.53623 0.476676 0.00541429 0.0038503 0.284581
0 0.547961 0.666594 0.0111125 0.00840336 0.284274
0 0.294532 0.459707 0.0106207 0.00534699 0.283897
0 0.157046 0.378245 0.00676719 0.00507695 0.283842
0 0.196181 0.203485 0.00667836 0.00528166 0.28306
0 0.260555 0.502028 0.0115896 0.00515097 0.28253
0 0.453698 0.563097 0.00467936 0.00443411 0.282439
0 0.73531 0.421505 0.00670954 0.00570922 0.281207
0 0.91856 0.238465 0.00648357 0.00513572 0.281062
0 0.572529 0.575103 0.00562401 0.00468624 0.281021
0 0.739503 0.447085 0.00665283 0.00442522 0.280877
0 0.107462 0.294391 0.00852068 0.00591428 0.279924
0 0.243465 0.375912 0.00593979 0.00439265 0.279865
0 0.743933 0.578422 0.00645867 0.00542337 0.279632
0 0.272506 0.577242 0.00574574 0.0048084 0.278903
0 0.446242 0.496292 0.00705238 0.00510943 0.278859
0 0.194644 0.560393 0.00602194 0.00387436 0.278682
0 0.537726 0.607644 0.00519027 0.00452049 0.278602
0 0.105856 0.437428 0.007007 0.00462367 0.278317
0 0.799119 0.154145 0.00873942 0.00587008 0.27788
0 0.23266 0.518553 0.00741815 0.00495958 0.277277
0 0.247873 0.342694 0.0074097 0.00493553 0.276774
0 0.222477 0.152543 0.00626482 0.00542015 0.276151
0 0.0823264 0.284443 0.00982198 0.00701152 0.275967
0 0.19837 0.400439 0.00821534 0.00608941 0.275872
0 0.624995 0.469656 0.00656889 0.00382966 0.275372
0 0.410257 0.370329 0.00713829 0.00503916 0.275069
0 0.754621 0.128866 0.00802279 0.00580321 0.274635
0 0.136024 0.508584 0.00734965 0.00441047 0.274264
0 0.150207 0.543165 0.00776839 0.0051193 0.274152
0 0.260662 0.296594 0.00599897 0.00418163 0.274005
0 0.248997 0.401164 0.00665867 0.0048652 0.273548
0 0.301158 0.430317 0.00716613 0.00445142 0.273524
0 0.177011 0.528705 0.00595677 0.00457063 0.273198
0 0.629739 0.680489 0.00944962 0.00775689 0.272768
0 0.222768 0.294695 0.00788847 0.00730039 0.272448
0 0.571521 0.421303 0.00675541 0.00441141 0.272359
0 0.636938 0.720416 0.00715604 0.00579637 0.272354
0 0.0961953 0.308085 0.00718813 0.00530405 0.272341
0 0.32398 0.472947 0.0064575 0.00430738 0.27226
0 0.36492 0.331114 0.00700183 0.00454419 0.271588
0 0.157692 0.454435 0.00635665 0.0051773 0.270583
0 0.179819 0.302658 0.0117244 0.00804074 0.270393
0 0.522883 0.223315 0.0075487 0.00532318 0.270377
0 0.640261 0.403256 0.0050307 0.00489341 0.269751
0 0.225339 0.395079 0.0062088 0.0048169 0.269639
0 0.64541 0.581408 0.00682289 0.00414342 0.269597
0 0.183656 0.193555 0.00704972 0.00573722 0.269501
0 0.219268 0.393935 0.00901941 0.00603812 0.269338
0 0.828751 0.159409 0.00598902 0.00500292 0.26926
0 0.402079 0.393123 0.00800578 0.00484742 0.269247
0 0.988672 0.552471 0.00713593 0.00524868 0.268896
0 0.9658 0.551152 0.00745472 0.00564426 0.268558
0 0.494306 0.224443 0.00693379 0.00517758 0.26855
0 0.208881 0.446469 0.00630037 0.0048349 0.268503
0 0.225586 0.3414 0.00663086 0.0044929 0.268499
0 0.323241 0.526388 0.00569 0.00386479 0.268413
0 0.364788 0.326585 0.00964814 0.00472448 0.268387
0 0.133706 0.625062 0.00662719 0.00442244 0.268327
0 0.218696 0.451382 0.0056976 0.0040723 0.268041
0 0.719713 0.72816 0.00651765 0.00574107 0.267928
0 0.550107 0.345713 0.00628748 0.00528343 0.26748
0 0.265045 0.102048 0.00656507 0.00523556 0.267461
0 0.254295 0.567249 0.00715639 0.0062735 0.266764
0 0.210222 0.450418 0.00666761 0.00529886 0.266417
0 0.398356 0.701885 0.00576765 0.00500813 0.266218
0 0.375365 0.807712 0.00705999 0.0045814 0.266093
0 0.474272 0.628013 0.0058096 0.00461239 0.265863
0 0.578814 0.369578 0.00595027 0.0055386 0.265615
0 0.14683 0.417178 0.00774644 0.00539187 0.265474
0 0.87095 0.735568 0.0086336 0.00656778 0.265319
0 0.361366 0.489398 0.00602003 0.00394707 0.265227
0 0.223461 0.4542 0.00696039 0.00458366 0.265189
0 0.599879 0.727712 0.00775317 0.00571576 0.26359
0 0.237553 0.484427 0.00666067 0.00414462 0.263449
0 0.107727 0.37907 0.00901434 0.00601795 0.263273
0 0.319181 0.435538 0.00602709 0.00381218 0.262825
0 0.198299 0.491872 0.00621454 0.00504156 0.262668
0 0.346119 0.390001 0.00585581 0.00518666 0.262606
0 0.307438 0.38154 0.00664038 0.00429315 0.262225
0 0.362303 0.606181 0.00573434 0.00440748 0.262193
0 0.138009 0.352619 0.00656694 0.00500448 0.261134
0 0.453098 0.765556 0.00739751 0.00564797 0.260454
0 0.373127 0.276872 0.00686144 0.0046722 0.260065
0 0.663544 0.703496 0.00874079 0.00690898 0.259945
0 0.302568 0.373244 0.0104786 0.00574991 0.259909
0 0.167319 0.570548 0.00631979 0.00503027 0.259365
0 0.546321 0.558873 0.00648813 0.00433845 0.259227
0 0.37682 0.38979 0.00760965 0.00539067 0.258961
0 0.620322 0.773115 0.00706144 0.00481545 0.258756
0 0.251033 0.604041 0.00623445 0.00420574 0.25848
0 0.783118 0.681405 0.00737203 0.00510567 0.258445
0 0.417853 0.487539 0.00731587 0.005674 0.25759
0 0.278431 0.509331 0.00590212 0.00462991 0.25726
0 0.125306 0.336874 0.0137661 0.00947432 0.25715
0 0.846561 0.390569 0.00999119 0.00694925 0.257115
0 0.695441 0.689111 0.00707438 0.00529707 0.256672
0 0.236966 0.557134 0.00798771 0.00566426 0.256671
0 0.398063 0.681183 0.0068173 0.00475668 0.256608
0 0.653119 0.569672 0.00830768 0.00594152 0.256572
0 0.360171 0.347914 0.00880496 0.00438771 0.256098
0 0.314557 0.251683 0.00632495 0.00517918 0.256026
0 0.771147 0.662301 0.0062506 0.00512135 0.255996
0 0.2031 0.506129 0.00838314 0.00448673 0.255856
0 0.689479 0.479009 0.0076661 0.00535451 0.255455
0 0.563145 0.422584 0.00729664 0.00517628 0.254965
0 0.0707421 0.634043 0.00869757 0.00694258 0.254919
0 0.262823 0.49799 0.00783903 0.0042637 0.254601
0 0.200747 0.592425 0.00891363 0.0056528 0.254553
0 0.0678214 0.133632 0.00676097 0.004946 0.254521
0 0.536469 0.596193 0.00624821 0.00415655 0.254276
0 0.191757 0.387687 0.00723288 0.00729849 0.25412
0 0.18402 0.44119 0.00706596 0.00420835 0.254099
0 0.640822 0.563344 0.0078618 0.00651144 0.253783
0 0.353462 0.396025 0.00718115 0.00475621 0.253765
0 0.195412 0.39782 0.0072618 0.00539323 0.253082
0 0.317123 0.635161 0.0055687 0.00511131 0.252994
0 0.908263 0.212892 0.0138619 0.00976124 0.25297
0 0.981336 0.218953 0.00583464 0.004381 0.252337
0 0.326212 0.150989 0.00611272 0.00481642 0.25177
0 0.102082 0.50267 0.0103392 0.00704127 0.251718
0 0.231246 0.477461 0.00746453 0.00784806 0.251589
0 0.176086 0.385262 0.0065654 0.00493355 0.25143
0 0.556717 0.24653 0.0075124 0.00567392 0.250711
0 0.296184 0.550157 0.00637504 0.00442244 0.250517
0 0.0897481 0.42167 0.00712073 0.00549479 0.250497
0 0.681735 0.261033 0.00821832 0.00575996 0.249389
0 0.10772 0.348251 0.00676984 0.0051819 0.249312
0 0.400048 0.468436 0.00524934 0.00403482 0.249296
0 0.822134 0.407544 0.00702793 0.00429456 0.249284
0 0.395052 0.312811 0.00615877 0.00504339 0.249278
0 0.372529 0.524973 0.00694789 0.00410479 0.249267
0 0.271292 0.536179 0.00691814 0.00547047 0.248019
0 0.868033 0.380397 0.00728005 0.00474882 0.247863
0 0.125576 0.50129 0.0069168 0.00450938 0.24737
0 0.172568 0.45291 0.00550782 0.00417266 0.247029
0 0.367088 0.365635 0.00677986 0.00415834 0.246275
0 0.15911 0.378281 0.0128612 0.0058324 0.245501
0 0.581553 0.577946 0.00614119 0.00397622 0.245476
0 0.236324 0.479211 0.00642594 0.00450669 0.245359
0 0.409793 0.520691 0.00563871 0.00488867 0.24479
0 0.364814 0.344945 0.0053673 0.00550225 0.244722
0 0.418458 0.469369 0.00627742 0.00479263 0.24419
0 0.241197 0.486032 0.00649271 0.00745343 0.244128
0 0.196068 0.163836 0.011783 0.00771248 0.243725
0 0.253971 0.527891 0.00588952 0.00401858 0.243421
0 0.548662 0.496711 0.00679189 0.00393467 0.243167
0 0.314357 0.44379 0.00682502 0.00418031 0.243101
0 0.640379 0.463206 0.00604527 0.00397618 0.241746
0 0.487296 0.368745 0.0108615 0.00620904 0.2417
0 0.363956 0.38058 0.00594865 0.00507485 0.241532
0 0.205528 0.615158 0.00737349 0.00451092 0.241242
0 0.686671 0.367402 0.00964173 0.00630585 0.240559
0 0.485981 0.44143 0.00629409 0.00382927 0.23988
0 0.221433 0.623444 0.00790761 0.0047601 0.239783
0 0.17646 0.341045 0.00727766 0.0049363 0.23956
0 0.829123 0.494694 0.00695368 0.0051052 0.239173
0 0.152488 0.86399 0.00735122 0.00539417 0.239063
0 0.47293 0.386799 0.00691364 0.00502053 0.239013
0 0.564782 0.60523 0.00619122 0.00533194 0.238884
0 0.34035 0.713062 0.00894142 0.00709081 0.238845
0 0.594678 0.702165 0.0113521 0.00741774 0.238139
0 0.690989 0.652904 0.0069779 0.00634065 0.237805
0 0.607499 0.149695 0.005862 0.00462787 0.237493
0 0.499625 0.526999 0.00703876 0.0058245 0.237236
0 0.902508 0.24276 0.00938728 0.00596822 0.236511
0 0.28239 0.21362 0.00679892 0.00490373 0.23611
0 0.350404 0.071589 0.00583102 0.00493916 0.235522
0 0.151059 0.445519 0.00907151 0.00588925 0.235377
0 0.2839 0.506452 0.00635127 0.00416403 0.235238
0 0.501164 0.175698 0.00624787 0.00500712 0.235172
0 0.256306 0.447898 0.00618447 0.00510366 0.235109
0 0.09288 0.270502 0.00789954 0.00592941 0.234775
0 0.223692 0.54377 0.0123876 0.00616618 0.234718
0 0.282154 0.520117 0.00738617 0.00438774 0.234344
0 0.798186 0.60013 0.00986929 0.00761657 0.234319
0 0.301665 0.393479 0.00618555 0.00394553 0.23336
0 0.851601 0.41206 0.00837908 0.00527728 0.232887
0 0.22322 0.409015 0.00650003 0.00761871 0.232875
0 0.468969 0.804713 0.00810414 0.00647332 0.232474
0 0.0921085 0.443515 0.00929057 0.00583728 0.23221
0 0.358735 0.420185 0.00613574 0.00456793 0.232066
0 0.703603 0.316919 0.00917345 0.00831798 0.232041
0 0.19093 0.43003 0.00731822 0.00463008 0.231931
0 0.58363 0.465791 0.00524794 0.0042999 0.231565
0 0.0856376 0.457763 0.00697902 0.00553804 0.2314
0 0.0468354 0.200688 0.00824686 0.00497567 0.231335
0 0.550038 0.41793 0.00565969 0.00405281 0.231025
0 0.185335 0.742985 0.00788245 0.00516004 0.230822
0 0.37521 0.142428 0.00589229 0.00489558 0.230491
0 0.40729 0.382561 0.00608063 0.00421108 0.230421
0 0.198276 0.53423 0.0075202 0.00514042 0.230398
0 0.602635 0.8589 0.00617059 0.00560677 0.230283
0 0.965128 0.189216 0.0084852 0.0060213 0.230132
0 0.357324 0.348065 0.00577962 0.00520615 0.228972
0 0.34621 0.568668 0.00669027 0.00511281 0.228324
0 0.102558 0.153436 0.00687461 0.00460524 0.228027
0 0.415602 0.637615 0.00933869 0.00424083 0.22799
0 0.891545 0.221476 0.00774058 0.00600119 0.227724
0 0.078126 0.370217 0.00883846 0.00546201 0.227676
0 0.707324 0.511806 0.00668429 0.00644212 0.227674
0 0.10775 0.355427 0.00572165 0.00500277 0.226989
0 0.876959 0.366641 0.00664947 0.00495034 0.2269
0 0.322916 0.633206 0.00870734 0.00798116 0.226658
0 0.276489 0.2537 0.00606206 0.00467881 0.226328
0 0.173199 0.391328 0.00587366 0.00524334 0.22627
0 0.11842 0.52544 0.00686077 0.00471009 0.226102
0 0.145961 0.51218 0.00698236 0.00553732 0.225927
0 0.25628 0.660947 0.00940298 0.00658598 0.225907
0 0.373777 0.522291 0.00624388 0.00351914 0.225037
0 0.214066 0.812707 0.0109508 0.00890199 0.224331
0 0.48027 0.350255 0.00640197 0.00430388 0.224155
0 0.19419 0.444542 0.00644766 0.00458721 0.223786
0 0.091011 0.575367 0.0111746 0.00564592 0.223216
0 0.176984 0.661473 0.0103657 0.00892378 0.223035
0 0.178407 0.438969 0.00752518 0.0049041 0.222625
0 0.204024 0.420583 0.00748704 0.00447895 0.221981
0 0.121714 0.165785 0.00853867 0.00522671 0.221881
0 0.38597 0.397646 0.00620382 0.00352884 0.221863
0 0.615321 0.647604 0.00898191 0.00684876 0.221149
0 0.573438 0.29879 0.00754756 0.00504376 0.22113
0 0.37363 0.318996 0.00678074 0.00427334 0.220918
0 0.0141302 0.398703 0.00906759 0.00632231 0.220894
0 0.867331 0.726184 0.0108248 0.00769795 0.220812
0 0.310719 0.0743826 0.00550094 0.00440633 0.220745
0 0.253674 0.442313 0.00670483 0.00461538 0.220175
0 0.187579 0.393878 0.0105284 0.00604769 0.21988
0 0.391528 0.462004 0.0054729 0.00457576 0.219496
0 0.295736 0.488605 0.0105132 0.00461221 0.219205
0 0.181001 0.269425 0.00763128 0.00517711 0.219157
0 0.0660028 0.417776 0.00818331 0.00535224 0.218893
0 0.718479 0.546467 0.00774485 0.00671938 0.21885
0 0.111317 0.894631 0.00845065 0.00565464 0.218561
0 0.424134 0.631479 0.00675407 0.00498962 0.218417
0 0.80427 0.683866 0.00979309 0.00767744 0.21822
0 0.513208 0.681164 0.00609029 0.0056961 0.217794
0 0.309043 0.38108 0.00534736 0.00458931 0.217284
0 0.253753 0.52406 0.00635925 0.00509122 0.216537
0 0.158082 0.281981 0.00899099 0.00709339 0.21589
0 0.328283 0.472225 0.00694712 0.00466936 0.215887
0 0.748768 0.489317 0.00791098 0.00459439 0.215716
0 0.382626 0.286726 0.00635609 0.00516258 0.215351
0 0.35362 0.454465 0.00593286 0.00413714 0.215208
0 0.46384 0.16647 0.00593526 0.00530027 0.213447
0 0.306862 0.553097 0.00653797 0.00482665 0.213396
0 0.358033 0.456679 0.00567114 0.00354897 0.213379
0 0.104165 0.29048 0.00663175 0.00489709 0.212845
0 0.483287 0.474415 0.00555095 0.00471642 0.211816
0 0.0541524 0.354725 0.00688342 0.00503929 0.211118
0 0.0925061 0.142525 0.0104818 0.00614739 0.210897
0 0.611399 0.287782 0.00741654 0.00440492 0.210881
0 0.0535766 0.445815 0.00708739 0.00517854 0.210391
0 0.324195 0.287722 0.00550194 0.00495665 0.209624
0 0.562938 0.308117 0.00544706 0.00495336 0.209586
0 0.306126 0.381382 0.0105517 0.00627444 0.209509
0 0.137702 0.638844 0.0112345 0.00774181 0.209174
0 0.846716 0.268823 0.0066636 0.00500828 0.209142
0 0.138606 0.446937 0.0117141 0.00665706 0.208875
0 0.328332 0.360136 0.00600829 0.00459275 0.208306
0 0.275177 0.487173 0.00603225 0.00452716 0.208185
0 0.391071 0.274654 0.00981882 0.0057463 0.208081
0 0.304188 0.383182 0.0109185 0.00455225 0.208027
0 0.430468 0.536167 0.00717345 0.00555788 0.207806
0 0.530016 0.381087 0.00686278 0.00431029 0.207265
0 0.228759 0.543547 0.0119114 0.00622883 0.206759
0 0.423983 0.390537 0.00643097 0.00459991 0.206696
0 0.14681 0.360323 0.00686002 0.00478752 0.20605
0 0.440855 0.460976 0.00551066 0.00391369 0.205923
0 0.479919 0.730149 0.00733334 0.00476168 0.205745
0 0.648483 0.321684 0.00578945 0.00482169 0.205502
0 0.323792 0.89918 0.00739933 0.00517354 0.205402
0 0.376558 0.548391 0.00560657 0.0048187 0.204952
0 0.596724 0.319139 0.00713786 0.00466635 0.204711
0 0.0793611 0.222146 0.00683842 0.00486285 0.204443
0 0.178434 0.464602 0.00822946 0.00459029 0.20427
0 0.83679 0.45598 0.0101989 0.00701143 0.204197
0 0.558061 0.350048 0.0117557 0.00637127 0.203924
0 0.262165 0.0648676 0.00581965 0.00520319 0.203167
0 0.539355 0.748152 0.00711484 0.0060818 0.2029
0 0.829591 0.40407 0.00792967 0.00467534 0.202868
0 0.460219 0.446496 0.00686363 0.00384214 0.20284
0 0.15151 0.378922 0.00585531 0.0048461 0.202339
0 0.877685 0.794537 0.0098388 0.00758623 0.202175
0 0.4599 0.653195 0.0063299 0.00526356 0.202083
0 0.580756 0.370272 0.0078598 0.00499992 0.202029
0 0.0802513 0.37814 0.00711648 0.00547402 0.201517
0 0.501665 0.461323 0.0049125 0.00341425 0.20098
0 0.0266657 0.358683 0.00828973 0.0057204 0.200677
0 0.479031 0.158788 0.00753246 0.00559214 0.200611
0 0.449702 0.709089 0.00789855 0.00941531 0.200608
0 0.252575 0.167893 0.0106707 0.0080635 0.200177
0 0.584975 0.394525 0.0076205 0.00571918 0.199916
0 0.783213 0.483224 0.00630155 0.00552774 0.199064
0 0.374272 0.841294 0.00760515 0.00550761 0.19894
0 0.00144977 0.422386 0.00286317 0.00749489 0.198891
0 0.255938 0.663182 0.00928424 0.00561801 0.198846
0 0.206536 0.344625 0.00768442 0.00582253 0.198795
0 0.730199 0.360752 0.00895883 0.00731618 0.198246
0 0.564646 0.264737 0.00774822 0.004968 0.198203
0 0.994608 0.582933 0.00636111 0.00491495 0.197903
0 0.31903 0.469211 0.00665964 0.00480678 0.197893
0 0.398218 0.634409 0.00907948 0.00644823 0.197509
0 0.0720435 0.405129 0.00839923 0.00493303 0.197151
0 0.162099 0.37293 0.00606332 0.00514708 0.19709
0 0.324609 0.716702 0.00614885 0.00462914 0.197005
0 0.429313 0.738924 0.00692635 0.00598179 0.196545
0 0.32633 0.47256 0.0110837 0.00585775 0.196391
0 0.342812 0.420166 0.00696764 0.00348268 0.195969
0 0.123181 0.501488 0.00837329 0.00481579 0.195749
0 0.470592 0.323465 0.0082049 0.00746326 0.195406
0 0.101045 0.331929 0.0111654 0.00834795 0.195195
0 0.899082 0.509403 0.00634093 0.00496009 0.195101
0 0.364532 0.452859 0.00535713 0.0039793 0.194758
0 0.207626 0.407785 0.00571615 0.00486755 0.194478
0 0.247683 0.541076 0.00603852 0.00459072 0.19437
0 0.975364 0.493288 0.00624736 0.00534673 0.194222
0 0.321506 0.521666 0.00619561 0.00457178 0.194118
0 0.184153 0.332814 0.0129634 0.00697295 0.19402
0 0.357856 0.401002 0.00828001 0.00631449 0.193956
0 0.567692 0.638958 0.00808046 0.00625739 0.193673
0 0.425909 0.155474 0.00687928 0.00519846 0.193477
0 0.532771 0.549017 0.00649623 0.0043064 0.193166
0 0.149561 0.746139 0.00889901 0.00679713 0.193002
0 0.703622 0.319163 0.0070619 0.00457065 0.192908
0 0.945908 0.571547 0.00668532 0.0052698 0.192463
0 0.570891 0.221478 0.00655304 0.00495956 0.192332
0 0.16727 0.259138 0.00747245 0.00572228 0.191544
0 0.843944 0.689282 0.0113317 0.00902833 0.191461
0 0.179069 0.43357 0.00818623 0.00565421 0.191389
0 0.151445 0.373926 0.00898341 0.0058816 0.191038
0 0.248667 0.38495 0.0069808 0.00621195 0.190948
0 0.208909 0.173441 0.00694157 0.00557839 0.190821
0 0.361936 0.347346 0.00629525 0.0035535 0.190585
0 0.0499716 0.402114 0.00874822 0.0058748 0.190349
0 0.403823 0.705071 0.00540215 0.00555484 0.190331
0 0.493006 0.156153 0.00915117 0.00678004 0.190058
0 0.78013 0.400626 0.00795645 0.00626452 0.189955
0 0.265619 0.424455 0.0119067 0.00562331 0.18973
0 0.364903 0.344749 0.00815221 0.00753671 0.189548
0 0.803332 0.360745 0.0100931 0.00703308 0.18935
0 0.388877 0.46795 0.00538289 0.00450215 0.189131
0 0.193129 0.41289 0.00567215 0.00507241 0.189117
0 0.505446 0.459677 0.00604334 0.0036651 0.188932
0 0.645705 0.262259 0.0084616 0.00575735 0.188806
0 0.169154 0.178813 0.00588932 0.00476927 0.188731
0 0.0086906 0.613606 0.00707226 0.00495513 0.188699
0 0.0893283 0.308072 0.0079292 0.00605304 0.188438
0 0.166113 0.482556 0.00714288 0.00539482 0.188377
0 0.38125 0.47597 0.00765703 0.00481284 0.187694
0 0.672022 0.448807 0.00733111 0.00504698 0.187613
0 0.231156 0.476023 0.00605277 0.00448172 0.187447
0 0.341704 0.244525 0.0069086 0.00479498 0.187186
0 0.434679 0.270987 0.00565615 0.00364773 0.186967
0 0.382398 0.710577 0.0106431 0.00886972 0.186906
0 0.485195 0.589963 0.00756232 0.00523223 0.186743
0 0.327346 0.374509 0.00645642 0.00517081 0.186567
0 0.155272 0.427727 0.00641795 0.00514191 0.18579
0 0.503655 0.496297 0.00648283 0.00402815 0.185245
0 0.512444 0.408414 0.00597119 0.00369562 0.184941
0 0.103762 0.224604 0.00654882 0.00491951 0.184774
0 0.167345 0.261306 0.00779747 0.00526039 0.184493
0 0.26859 0.648926 0.00637926 0.00454678 0.184479
0 0.469592 0.448978 0.00755158 0.00497714 0.184424
0 0.672929 0.63595 0.00824208 0.00628111 0.184285
0 0.443298 0.561784 0.00675553 0.00531647 0.183831
0 0.316994 0.123675 0.00845705 0.00493634 0.183009
0 0.651626 0.446673 0.0085831 0.00560728 0.182972
0 0.314285 0.561185 0.00547989 0.00480669 0.182897
0 0.377399 0.188676 0.00978774 0.0063789 0.182693
0 0.270199 0.625528 0.00893569 0.00555809 0.182686
0 0.431292 0.200844 0.00745224 0.00563716 0.180002
0 0.381339 0.401197 0.00800415 0.0046609 0.179707
0 0.354911 0.487335 0.00712111 0.004539 0.179671
0 0.166527 0.251416 0.008657 0.00569822 0.179199
0 0.708707 0.280847 0.00699693 0.00512956 0.178637
0 0.0345996 0.17101 0.00688446 0.00621142 0.178502
0 0.62527 0.305276 0.00807932 0.00616284 0.178351
0 0.816326 0.101083 0.0110625 0.00894518 0.177877
0 0.414183 0.616937 0.0079719 0.00560946 0.177774
0 0.0756162 0.510424 0.00682079 0.00433367 0.177713
0 0.626533 0.748261 0.0086487 0.00629799 0.177408
0 0.592689 0.484025 0.00592486 0.00495359 0.176838
0 0.2695 0.483792 0.00662363 0.00428186 0.176551
0 0.278491 0.718938 0.00636897 0.00457276 0.176159
0 0.439693 0.461712 0.00658202 0.00413659 0.176156
0 0.548446 0.657311 0.00747495 0.00631252 0.175931
0 0.152612 0.400185 0.00792502 0.00578082 0.175244
0 0.588618 0.837285 0.00796443 0.0059181 0.175112
0 0.516441 0.684421 0.00718403 0.00510554 0.175018
0 0.420636 0.533998 0.00647229 0.00441116 0.174711
0 0.379395 0.304326 0.0058912 0.00503792 0.174343
0 0.19867 0.163152 0.00612965 0.00484455 0.174247
0 0.50541 0.22717 0.006189 0.00530251 0.174117
0 0.395424 0.622458 0.0112348 0.00625657 0.17406
0 0.288175 0.397776 0.0109521 0.00678555 0.173882
0 0.438971 0.350659 0.00549596 0.00415924 0.173873
0 0.312439 0.309537 0.00614463 0.00423842 0.173799
0 0.582326 0.408764 0.00597996 0.00401486 0.173783
0 0.157019 0.26607 0.0090302 0.00732747 0.173218
0 0.28236 0.280417 0.00727749 0.00524659 0.172874
0 0.19701 0.317855 0.0120202 0.00525794 0.172475
0 0.482208 0.50279 0.00576306 0.00415941 0.172452
0 0.088368 0.845935 0.00693374 0.00569687 0.172229
0 0.543161 0.614378 0.00591158 0.00470834 0.172163
0 0.232967 0.426947 0.00597164 0.00464192 0.171971
0 0.422236 0.574846 0.00636735 0.00499903 0.171822
0 0.397116 0.273797 0.00835424 0.00686182 0.171487
0 0.173521 0.460838 0.00826531 0.0053481 0.170618
0 0.260113 0.483734 0.00723731 0.00490132 0.170251
0 0.106945 0.441665 0.00608386 0.00433854 0.170145
0 0.390948 0.631163 0.00794115 0.00572888 0.169911
0 0.160235 0.158435 0.00748678 0.00450719 0.169694
0 0.122264 0.156101 0.0071106 0.00436628 0.169288
0 0.13288 0.528711 0.0114305 0.00798979 0.168542
0 0.617298 0.559032 0.00644722 0.00504147 0.168428
0 0.439303 0.678117 0.00934379 0.0076974 0.168296
0 0.244483 0.480042 0.00683004 0.00462286 0.168153
0 0.870981 0.212753 0.00571565 0.00478801 0.168084
0 0.224438 0.499974 0.00718417 0.00488029 0.168015
0 0.167994 0.62831 0.00693064 0.00433187 0.167244
0 0.814587 0.37815 0.00668685 0.00606958 0.166483
0 0.291752 0.416982 0.00715345 0.00421711 0.16596
0 0.276238 0.513136 0.00527615 0.00459948 0.165696
0 0.484426 0.299985 0.00601758 0.00423489 0.165676
0 0.348215 0.422835 0.00767647 0.00598533 0.165342
0 0.393575 0.274603 0.00654774 0.00507391 0.165278
0 0.486601 0.249944 0.00546324 0.00505395 0.165076
0 0.218536 0.49167 0.00571922 0.00433474 0.164656
0 0.269293 0.264465 0.00748843 0.00585587 0.164654
0 0.539132 0.729626 0.00699807 0.00554992 0.164318
0 0.290517 0.579092 0.00772756 0.00576846 0.164261
0 0.0728648 0.599862 0.0134664 0.0092864 0.164118
0 0.716187 0.287601 0.00761794 0.00523139 0.163686
0 0.315924 0.513854 0.00732963 0.00470407 0.163415
0 0.376898 0.470628 0.00645745 0.00444061 0.163214
0 0.119744 0.629663 0.0134464 0.00892673 0.163042
0 0.226261 0.453821 0.00683272 0.0050578 0.162944
0 0.31013 0.600133 0.0062298 0.00509357 0.162898
0 0.581261 0.594233 0.00761834 0.00590229 0.162232
0 0.401065 0.636368 0.0087435 0.00735264 0.162127
0 0.667526 0.582103 0.00920594 0.00482259 0.161893
0 0.201938 0.761753 0.0078066 0.00514379 0.161502
0 0.847401 0.210496 0.00839003 0.00573203 0.161439
0 0.671417 0.478862 0.00639786 0.0029841 0.161274
0 0.478494 0.212175 0.00732009 0.00474177 0.161188
0 0.850151 0.816726 0.0124704 0.00917348 0.160931
0 0.43233 0.641674 0.0085541 0.00714582 0.160791
0 0.258866 0.547601 0.0066063 0.00389732 0.160787
0 0.37797 0.464397 0.00526569 0.00461333 0.160729
0 0.492681 0.31531 0.00655304 0.00401836 0.160285
0 0.46925 0.632087 0.0064218 0.00505686 0.16021
0 0.349053 0.341423 0.00595423 0.00482601 0.159754
0 0.97159 0.239665 0.0063619 0.0057463 0.159629
0 0.377777 0.47607 0.00814893 0.00400186 0.159577
0 0.863022 0.449868 0.00757594 0.00632282 0.159568
0 0.148359 0.34358 0.00740762 0.00450769 0.159509
0 0.371867 0.130524 0.00984635 0.00635955 0.159435
0 0.895945 0.591901 0.0125061 0.00798522 0.159335
0 0.990456 0.426674 0.00836256 0.00600166 0.159186
0 0.121892 0.419195 0.0111289 0.0075687 0.158612
0 0.143829 0.0739526 0.00552308 0.00474664 0.158297
0 0.20069 0.53352 0.00993125 0.00541832 0.157963
0 0.437398 0.252143 0.00917465 0.00659643 0.157171
0 0.329103 0.402639 0.00867708 0.00415851 0.157048
0 0.17179 0.23435 0.0080722 0.00522233 0.156461
0 0.688018 0.477856 0.00639484 0.00414407 0.156248
0 0.650047 0.475763 0.00575355 0.00405448 0.156195
0 0.1239 0.462079 0.00848109 0.00604077 0.156135
0 0.199681 0.369486 0.0122121 0.00671989 0.155765
0 0.158914 0.365269 0.00583196 0.00482451 0.15558
0 0.53988 0.465219 0.00926737 0.00671079 0.155497
0 0.600536 0.804753 0.00862573 0.00743227 0.155476
0 0.112605 0.421111 0.00887672 0.00602658 0.155475
0 0.809423 0.430467 0.00602732 0.00497223 0.155053
0 0.253866 0.564596 0.00779745 0.00617036 0.154985
0 0.444181 0.254497 0.00758221 0.0047239 0.154825
0 0.735204 0.854434 0.00758939 0.00640963 0.154536
0 0.305942 0.383185 0.00647357 0.00370186 0.154062
0 0.3976 0.410012 0.00576566 0.00381812 0.153921
0 0.114504 0.720038 0.0112774 0.00928046 0.153775
0 0.21275 0.455427 0.00642918 0.00462098 0.153695
0 0.476419 0.803614 0.00839601 0.00675669 0.153532
0 0.141029 0.437321 0.0125533 0.00767607 0.153514
0 0.0963381 0.136208 0.00737245 0.00553671 0.153384
0 0.491406 0.476324 0.00572802 0.00364065 0.153284
0 0.271831 0.475073 0.00531903 0.00473591 0.153249
0 0.604312 0.700685 0.00963643 0.0077813 0.153241
0 0.585849 0.300771 0.0115773 0.00781906 0.152996
0 0.116892 0.396071 0.00701931 0.00545115 0.152344
0 0.552626 0.0808037 0.00737203 0.00530617 0.152051
0 0.640104 0.475746 0.00631153 0.00451912 0.152029
0 0.66562 0.581394 0.00547783 0.00590874 0.152026
0 0.656277 0.706887 0.0107599 0.00722634 0.152014
0 0.427901 0.404194 0.00656518 0.00470159 0.151628
0 0.0935562 0.140331 0.0108528 0.00540181 0.151406
0 0.872107 0.164472 0.00707444 0.00418318 0.151175
0 0.23905 0.600686 0.00945297 0.00596943 0.151029
0 0.248524 0.492735 0.00685529 0.00506105 0.150923
0 0.0746644 0.4356 0.00776271 0.00710769 0.150047
0 0.483252 0.0803319 0.00646015 0.00436858 0.149577
0 0.303241 0.190298 0.00655401 0.00496406 0.149478
0 0.727001 0.659016 0.0069498 0.00506686 0.148876
0 0.179175 0.34062 0.00808613 0.00505365 0.1488
0 0.324364 0.530549 0.00573844 0.00439209 0.148739
0 0.606717 0.614702 0.0091184 0.00812204 0.148662
0 0.337084 0.286119 0.00797654 0.00562156 0.148456
0 0.421602 0.543851 0.00879599 0.00517773 0.148431
0 0.188964 0.247261 0.00723677 0.00471789 0.147721
0 0.166962 0.369404 0.00847145 0.00663531 0.147667
0 0.0772597 0.0887225 0.00741839 0.00599027 0.146903
0 0.162823 0.459437 0.0111419 0.00510033 0.146742
0 0.932193 0.277748 0.00754106 0.00541809 0.146729
0 0.865839 0.782191 0.0100432 0.00801125 0.146391
0 0.512675 0.525252 0.00926515 0.00471569 0.145843
0 0.253056 0.203449 0.00687099 0.00524058 0.145605
0 0.454571 0.189192 0.00777745 0.00824291 0.14558
0 0.21303 0.636501 0.00869318 0.00700507 0.145074
0 0.504742 0.447301 0.00683514 0.00444843 0.144882
0 0.33607 0.386889 0.00607371 0.00495278 0.144691
0 0.133344 0.706433 0.0122322 0.00955264 0.144533
0 0.151811 0.460223 0.00599538 0.00480216 0.144433
0 0.509228 0.32717 0.0067851 0.00640021 0.144379
0 0.143956 0.37224 0.00825359 0.00642583 0.144337
0 0.230029 0.672651 0.00630209 0.00551099 0.14427
0 0.10037 0.323018 0.00799274 0.00560331 0.143662
0 0.254397 0.267323 0.00641827 0.0050291 0.142903
0 0.50626 0.695582 0.00684221 0.00497825 0.142335
0 0.281504 0.402522 0.00834569 0.00606864 0.142067
0 0.22236 0.543279 0.0074109 0.0045481 0.141949
0 0.356232 0.396209 0.0132751 0.00636048 0.141861
0 0.873058 0.781631 0.0142569 0.00909364 0.141319
0 0.167686 0.173379 0.00788647 0.0052306 0.141209
0 0.306983 0.379007 0.00941728 0.00418796 0.14113
0 0.235837 0.674366 0.00860854 0.00602855 0.140879
0 0.822366 0.782268 0.0152064 0.0111205 0.140772
0 0.194403 0.164759 0.00761062 0.005361 0.140772
0 0.139616 0.381865 0.0149921 0.00648768 0.140681
0 0.117538 0.379679 0.00725334 0.00619443 0.140606
0 0.235221 0.558719 0.00751966 0.00611048 0.140466
0 0.530652 0.401478 0.00943178 0.00557467 0.140447
0 0.128094 0.337505 0.00793134 0.00680089 0.140428
0 0.146262 0.465891 0.00974222 0.00743881 0.140102
0 0.258749 0.381914 0.00667956 0.004819 0.139753
0 0.172684 0.416947 0.0114886 0.00759926 0.139706
0 0.521834 0.380901 0.00620199 0.00412034 0.139442
0 0.378569 0.714751 0.0157347 0.00873324 0.139433
0 0.271502 0.569895 0.00634908 0.00608065 0.139258
0 0.232524 0.50417 0.010017 0.00450019 0.139241
0 0.306357 0.405228 0.00705996 0.00533246 0.138074
0 0.385507 0.472486 0.00749738 0.00569345 0.138
0 0.0880473 0.475532 0.00663959 0.00554116 0.137958
0 0.123831 0.43872 0.00673681 0.00469996 0.137858
0 0.576412 0.393731 0.0053373 0.00473138 0.137845
0 0.279467 0.119739 0.011686 0.00769928 0.137573
0 0.554207 0.324094 0.00713678 0.00547611 0.137553
0 0.0571867 0.417333 0.00874859 0.00631333 0.137294
0 0.176724 0.54816 0.00918979 0.00826342 0.137031
0 0.322524 0.406061 0.00611705 0.00403037 0.136552
0 0.791123 0.750903 0.00996252 0.00753921 0.135998
0 0.156928 0.275248 0.00898857 0.00499138 0.135899
0 0.510666 0.526312 0.00704611 0.00471368 0.135742
0 0.630654 0.401015 0.00616843 0.0044059 0.135687
0 0.922287 0.402269 0.00749393 0.00587993 0.135242
0 0.189677 0.0769863 0.00801156 0.00476419 0.135239
0 0.446827 0.296398 0.00598489 0.00472065 0.135073
0 0.432258 0.273242 0.00915191 0.0051327 0.134889
0 0.870254 0.594083 0.0121919 0.00726417 0.134165
0 0.114161 0.461446 0.00832161 0.00743047 0.133828
0 0.294721 0.660211 0.00819461 0.00550385 0.133727
0 0.227322 0.261659 0.00735214 0.00425996 0.133585
0 0.207167 0.468423 0.00616817 0.00499206 0.13339
0 0.427507 0.49825 0.00570895 0.00403836 0.133326
0 0.101635 0.299449 0.0125581 0.00800576 0.133061
0 0.175637 0.41809 0.0143178 0.00598521 0.133048
0 0.233537 0.479198 0.012203 0.00481635 0.133033
0 0.137348 0.253681 0.00823234 0.00641933 0.13271
0 0.0266571 0.464173 0.00821292 0.00661855 0.132597
0 0.154488 0.522845 0.00763897 0.00610929 0.132274
0 0.292595 0.190925 0.0062363 0.00490136 0.132103
0 0.782846 0.533307 0.0117761 0.0101249 0.131547
0 0.346292 0.458078 0.0109844 0.00465483 0.131476
0 0.319174 0.608571 0.0085472 0.00621422 0.131439
0 0.993816 0.644335 0.00826009 0.00622255 0.130615
0 0.149553 0.155177 0.00796606 0.00546025 0.130606
0 0.577451 0.403899 0.00590896 0.00397737 0.130598
0 0.375528 0.412755 0.0069673 0.00535601 0.130213
0 0.406656 0.293583 0.0127692 0.00577421 0.12965
0 0.526921 0.140965 0.00876524 0.00592394 0.129619
0 0.172795 0.318538 0.00901229 0.00748602 0.12956
0 0.225315 0.43749 0.00628364 0.00546192 0.129317
0 0.397533 0.561275 0.00599438 0.0042175 0.129289
0 0.082358 0.154954 0.00895688 0.00608607 0.129276
0 0.460767 0.652121 0.010224 0.0055842 0.129127
0 0.309104 0.39932 0.00664839 0.00446963 0.128397
0 0.62196 0.577961 0.0106172 0.00483657 0.128378
0 0.762446 0.513695 0.00885226 0.00559091 0.128259
0 0.723825 0.563991 0.00774411 0.00470894 0.127903
0 0.459637 0.187487 0.00692185 0.00476425 0.127879
0 0.516329 0.76005 0.0103165 0.00748655 0.127479
0 0.803412 0.536831 0.00645143 0.00522244 0.127122
0 0.443552 0.44174 0.00587197 0.0043146 0.126692
0 0.466114 0.439448 0.00475014 0.00425092 0.126219
0 0.344741 0.511737 0.0057662 0.00458123 0.12617
0 0.248659 0.495909 0.00723634 0.00540828 0.126033
0 0.234891 0.215161 0.0068551 0.00553358 0.125791
0 0.168852 0.488333 0.00710713 0.0051155 0.125689
0 0.97455 0.724108 0.0136705 0.00994326 0.125306
0 0.197478 0.26311 0.00655062 0.00541982 0.125213
0 0.0686656 0.362796 0.012225 0.00783156 0.125048
0 0.0659522 0.375138 0.0102113 0.00691159 0.124679
0 0.33945 0.607238 0.00770428 0.00482362 0.124316
0 0.621983 0.152829 0.00614101 0.00479244 0.124247
0 0.325905 0.373263 0.00741067 0.00597465 0.123878
0 0.12839 0.457355 0.0110929 0.00743954 0.123715
0 0.100192 0.366641 0.0080456 0.008137 0.123412
0 0.457179 0.187399 0.0120293 0.00613801 0.12336
0 0.407706 0.448129 0.00688181 0.00544205 0.123265
0 0.522212 0.773762 0.00939571 0.00739517 0.123242
0 0.374846 0.392525 0.0129311 0.00615365 0.122998
0 0.222041 0.403153 0.00756894 0.00446446 0.122945
0 0.218156 0.455142 0.00603415 0.00421523 0.122811
0 0.195326 0.295213 0.0065233 0.00444509 0.122806
0 0.260869 0.535345 0.00918135 0.00459679 0.122497
0 0.228177 0.426431 0.00571868 0.00445001 0.122374
0 0.730245 0.359712 0.00667819 0.00466904 0.122256
0 0.348263 0.22097 0.0079411 0.00604316 0.122129
0 0.0900197 0.1726 0.00782522 0.00527069 0.122111
0 0.261109 0.372081 0.0065529 0.00445685 0.121697
0 0.341258 0.467581 0.00542119 0.0045263 0.121593
0 0.525882 0.453993 0.00679912 0.00396143 0.12141
0 0.868199 0.382518 0.00699095 0.00435589 0.121158
0 0.164478 0.266967 0.00814916 0.00738006 0.121031
0 0.63188 0.585601 0.00636259 0.00519872 0.120919
0 0.284074 0.496124 0.00550798 0.00432777 0.120576
0 0.166231 0.617751 0.00684226 0.00465508 0.120012
0 0.222056 0.422649 0.00511973 0.00397327 0.119734
0 0.375895 0.307997 0.00666127 0.00526088 0.119578
0 0.741077 0.399371 0.00654279 0.00435688 0.119334
0 0.666118 0.277314 0.0069196 0.00493094 0.119249
0 0.191932 0.477692 0.00713076 0.00590383 0.119022
0 0.229037 0.253748 0.00677889 0.00655953 0.118946
0 0.234254 0.248374 0.00650815 0.00475104 0.118918
0 0.444668 0.272603 0.00683141 0.00440802 0.118803
0 0.115766 0.100537 0.00599572 0.00518796 0.118743
0 0.245899 0.348743 0.0067088 0.00475839 0.118585
0 0.163869 0.453917 0.0106615 0.00622883 0.118565
0 0.25254 0.412738 0.00701557 0.00623067 0.118362
0 0.0715446 0.418303 0.00863707 0.00603633 0.118032
0 0.10855 0.402763 0.011738 0.00705281 0.117959
0 0.123182 0.437471 0.0100676 0.00632184 0.11793
0 0.0741733 0.246059 0.00788097 0.00436857 0.117373
0 0.560263 0.441706 0.00734684 0.00465419 0.117373
0 0.172055 0.411129 0.00998009 0.00612138 0.117098
0 0.116459 0.441984 0.00858453 0.0052268 0.116962
0 0.486207 0.642308 0.00727641 0.00561703 0.116959
0 0.804618 0.415822 0.00788641 0.00621648 0.11688
0 0.1575 0.278184 0.00946635 0.00531859 0.116723
0 0.30246 0.288869 0.0117608 0.00907289 0.116521
0 0.560407 0.422117 0.00638823 0.00434713 0.116395
0 0.227222 0.791762 0.00889661 0.00705118 0.116367
0 0.273175 0.473866 0.00790613 0.00652897 0.116348
0 0.33164 0.522322 0.00763695 0.00528638 0.116102
0 0.613828 0.559909 0.00722466 0.00431708 0.116059
0 0.370301 0.29918 0.00575722 0.00507549 0.115813
0 0.862437 0.717842 0.00975993 0.0072145 0.115677
0 0.420218 0.623304 0.0102256 0.00721553 0.115629
0 0.082575 0.535543 0.00861891 0.00552125 0.115551
0 0.275134 0.556071 0.00570975 0.00477211 0.115425
0 0.424924 0.498468 0.0119943 0.00545696 0.115343
0 0.0732995 0.261874 0.00961847 0.0069726 0.115334
0 0.454715 0.563479 0.00850087 0.00548684 0.115305
0 0.492111 0.586561 0.0110893 0.00850564 0.115137
0 0.136157 0.379645 0.0121315 0.00737534 0.115122
0 0.158515 0.441104 0.0106179 0.0072669 0.114923
0 0.33537 0.734109 0.00714254 0.00584159 0.114815
0 0.448189 0.259051 0.00692532 0.00575814 0.114196
0 0.301643 0.48491 0.00732516 0.00414975 0.113824
0 0.474859 0.569116 0.00717747 0.00465564 0.113778
0 0.0602327 0.4036 0.00946944 0.00586942 0.113731
0 0.23583 0.372178 0.00748708 0.00480831 0.113622
0 0.274819 0.503112 0.00561338 0.00509203 0.113595
0 0.221149 0.221665 0.00662907 0.003426 0.113529
0 0.272567 0.51803 0.00518927 0.00518012 0.113467
0 0.337553 0.643438 0.00744076 0.00464064 0.11345
0 0.286394 0.57301 0.00680348 0.00481041 0.113239
0 0.149479 0.566472 0.00858491 0.00741398 0.113199
0 0.553472 0.482126 0.00707096 0.00526544 0.113164
0 0.42503 0.688123 0.00646993 0.00584215 0.112742
0 0.429023 0.0674193 0.00623727 0.00497583 0.112448
0 0.117977 0.504133 0.0109457 0.00517893 0.112408
0 0.975101 0.393882 0.00996075 0.00738825 0.112202
0 0.370851 0.394425 0.00968262 0.00594704 0.112054
0 0.887475 0.326304 0.00856054 0.00587609 0.111781
0 0.171158 0.117053 0.00907855 0.00781302 0.111287
0 0.295363 0.342021 0.011272 0.00670004 0.111285
0 0.176874 0.481033 0.00649543 0.00479677 0.111084
0 0.224653 0.512482 0.0101631 0.00597422 0.110994
0 0.0238821 0.399302 0.00722583 0.00546427 0.110989
0 0.62173 0.805188 0.0116748 0.00783293 0.110527
0 0.526022 0.652462 0.0128588 0.00665382 0.110427
0 0.696453 0.678064 0.00619801 0.00414257 0.611333
0 0.906728 0.606979 0.00637309 0.00416867 0.606638
0 0.43805 0.0516605 0.00690222 0.00459099 0.602557
0 0.539204 0.037997 0.00880285 0.00596798 0.601239
0 0.636076 0.96243 0.00864502 0.00595862 0.579984
0 0.899078 0.584636 0.00721264 0.00419483 0.577928
0 0.833945 0.566351 0.00629489 0.00473215 0.56172
0 0.154791 0.732402 0.0142239 0.00881316 0.550553
0 0.575162 0.221595 0.00873073 0.00499838 0.537641
0 0.358346 0.0954878 0.00624231 0.00435065 0.524042
0 0.583271 0.803787 0.00673997 0.00385568 0.507476
0 0.918595 0.577236 0.00868161 0.00592506 0.498249
0 0.61662 0.0570543 0.00966855 0.00620378 0.482332
0 0.771565 0.777969 0.00857862 0.00597854 0.454567
0 0.900774 0.560832 0.00764378 0.0048045 0.448339
0 0.69435 0.760165 0.00741069 0.00493751 0.434866
0 0.773618 0.758819 0.00682815 0.0043977 0.427896
0 0.940457 0.847569 0.00777022 0.00517499 0.412178
0 0.819578 0.0157038 0.0074695 0.0051849 0.412061
0 0.55706 0.219637 0.00872366 0.00512045 0.405072
0 0.565169 0.029015 0.00707066 0.00418 0.402785
0 0.640861 0.306717 0.00635485 0.00423587 0.389978
0 0.500674 0.385965 0.00720946 0.00495698 0.346176
0 0.63128 0.166413 0.00616284 0.00434167 0.342685
0 0.402561 0.774791 0.00638529 0.00383798 0.340776
0 0.309109 0.179358 0.00882874 0.00549692 0.32989
0 0.699668 0.0721432 0.0059549 0.00436765 0.319595
0 0.724923 0.77243 0.00857592 0.00546563 0.275812
0 0.591527 0.0761266 0.00631495 0.00467321 0.275406
0 0.854446 0.721771 0.00769138 0.00510132 0.249083
0 0.765599 0.721658 0.0067265 0.00456184 0.243922
0 0.703638 0.799939 0.00675344 0.00440621 0.238287
0 0.624724 0.4517 0.00703855 0.00468628 0.23353
0 0.737859 0.462005 0.0130227 0.00851485 0.230154
0 0.907915 0.64438 0.00730427 0.00539656 0.223861
0 0.502389 0.012541 0.00702294 0.00524325 0.223831
0 0.116234 0.752483 0.00710575 0.00424445 0.215711
0 0.513655 0.696323 0.00685008 0.00446946 0.215147
0 0.497276 0.0316672 0.00993943 0.00518448 0.210507
0 0.798687 0.679099 0.00726263 0.00444806 0.209231
0 0.763756 0.0779295 0.00686892 0.00523736 0.201105
0 0.953349 0.660538 0.00733701 0.00452363 0.189374
0 0.566626 0.0935775 0.00671132 0.00433385 0.183848
0 0.924416 0.228235 0.00794411 0.00557029 0.178859
0 0.847492 0.256634 0.00714207 0.00508278 0.175968
0 0.276957 0.673988 0.0085094 0.00543086 0.167366
0 0.942646 0.379879 0.00744836 0.00445699 0.164378
0 0.605256 0.662399 0.00787449 0.00494464 0.157861
0 0.772957 0.0391916 0.0118603 0.00724726 0.152002
0 0.806862 0.0117137 0.00863592 0.00552895 0.150751
0 0.937016 0.64391 0.00700816 0.00405855 0.147662
0 0.947796 0.606409 0.0105031 0.00551261 0.14305
0 0.847896 0.921924 0.0118291 0.00846143 0.138534
0 0.832598 0.51956 0.00951449 0.00545649 0.136713
0 0.290967 0.260985 0.0101647 0.00542647 0.132382
0 0.576408 0.0750189 0.00912011 0.00491445 0.131675
0 0.461818 0.467418 0.00722984 0.00460253 0.131419
0 0.101758 0.563175 0.0111368 0.00810272 0.131058
0 0.924048 0.258532 0.00765745 0.00469886 0.128256
0 0.55936 0.0428879 0.0065254 0.0040064 0.127061
0 0.826636 0.670666 0.00779247 0.00454287 0.126467
0 0.668777 0.659782 0.012562 0.00697893 0.12566
0 0.913208 0.232779 0.00811466 0.00455499 0.124401
0 0.851821 0.558579 0.00741355 0.0049189 0.122683
0 0.925623 0.725907 0.00924341 0.00537469 0.12054
0 0.626431 0.178495 0.006791 0.00421526 0.118395
0 0.0848353 0.837911 0.0135183 0.00780669 0.115231
0 0.998422 0.767711 0.0031565 0.00740845 0.112801
0 0.969444 0.153474 0.0080297 0.00559842 0.111971
0 0.568179 0.0780476 0.0119945 0.00732209 0.10244
0 0.154484 0.239118 0.00589746 0.00466018 0.101332
0 0.367815 0.0686949 0.00692189 0.0054724 0.100589
0 0.696453 0.678064 0.00619801 0.00414257 0.611333
0 0.906728 0.606979 0.00637309 0.00416867 0.606638
0 0.43805 0.0516605 0.00690222 0.00459099 0.602557
0 0.539204 0.037997 0.00880285 0.00596798 0.601239
0 0.636076 0.96243 0.00864502 0.00595862 0.579984
0 0.899078 0.584636 0.00721264 0.00419483 0.577928
0 0.833945 0.566351 0.00629489 0.00473215 0.56172
0 0.154791 0.732402 0.0142239 0.00881316 0.550553
0 0.575162 0.221595 0.00873073 0.00499838 0.537641
0 0.358346 0.0954878 0.00624231 0.00435065 0.524042
0 0.583271 0.803787 0.00673997 0.00385568 0.507476
0 0.918595 0.577236 0.00868161 0.00592506 0.498249
0 0.61662 0.0570543 0.00966855 0.00620378 0.482332
0 0.771565 0.777969 0.00857862 0.00597854 0.454567
0 0.900774 0.560832 0.00764378 0.0048045 0.448339
0 0.69435 0.760165 0.00741069 0.00493751 0.434866
0 0.773618 0.758819 0.00682815 0.0043977 0.427896
0 0.940457 0.847569 0.00777022 0.00517499 0.412178
0 0.819578 0.0157038 0.0074695 0.0051849 0.412061
0 0.55706 0.219637 0.00872366 0.00512045 0.405072
0 0.565169 0.029015 0.00707066 0.00418 0.402785
0 0.640861 0.306717 0.00635485 0.00423587 0.389978
0 0.500674 0.385965 0.00720946 0.00495698 0.346176
0 0.63128 0.166413 0.00616284 0.00434167 0.342685
0 0.402561 0.774791 0.00638529 0.00383798 0.340776
0 0.309109 0.179358 0.00882874 0.00549692 0.32989
0 0.699668 0.0721432 0.0059549 0.00436765 0.319595
0 0.724923 0.77243 0.00857592 0.00546563 0.275812
0 0.591527 0.0761266 0.00631495 0.00467321 0.275406
0 0.854446 0.721771 0.00769138 0.00510132 0.249083
0 0.765599 0.721658 0.0067265 0.00456184 0.243922
0 0.703638 0.799939 0.00675344 0.00440621 0.238287
0 0.624724 0.4517 0.00703855 0.00468628 0.23353
0 0.737859 0.462005 0.0130227 0.00851485 0.230154
0 0.907915 0.64438 0.00730427 0.00539656 0.223861
0 0.502389 0.012541 0.00702294 0.00524325 0.223831
0 0.116234 0.752483 0.00710575 0.00424445 0.215711
0 0.513655 0.696323 0.00685008 0.00446946 0.215147
0 0.497276 0.0316672 0.00993943 0.00518448 0.210507
0 0.798687 0.679099 0.00726263 0.00444806 0.209231
0 0.763756 0.0779295 0.00686892 0.00523736 0.201105
0 0.953349 0.660538 0.00733701 0.00452363 0.189374
0 0.566626 0.0935775 0.00671132 0.00433385 0.183848
0 0.924416 0.228235 0.00794411 0.00557029 0.178859
0 0.847492 0.256634 0.00714207 0.00508278 0.175968
0 0.276957 0.673988 0.0085094 0.00543086 0.167366
0 0.942646 0.379879 0.00744836 0.00445699 0.164378
0 0.605256 0.662399 0.00787449 0.00494464 0.157861
0 0.772957 0.0391916 0.0118603 0.00724726 0.152002
0 0.806862 0.0117137 0.00863592 0.00552895 0.150751
0 0.937016 0.64391 0.00700816 0.00405855 0.147662
0 0.947796 0.606409 0.0105031 0.00551261 0.14305
0 0.847896 0.921924 0.0118291 0.00846143 0.138534
0 0.832598 0.51956 0.00951449 0.00545649 0.136713
0 0.290967 0.260985 0.0101647 0.00542647 0.132382
0 0.576408 0.0750189 0.00912011 0.00491445 0.131675
0 0.461818 0.467418 0.00722984 0.00460253 0.131419
0 0.101758 0.563175 0.0111368 0.00810272 0.131058
0 0.924048 0.258532 0.00765745 0.00469886 0.128256
0 0.55936 0.0428879 0.0065254 0.0040064 0.127061
0 0.826636 0.670666 0.00779247 0.00454287 0.126467
0 0.668777 0.659782 0.012562 0.00697893 0.12566
0 0.913208 0.232779 0.00811466 0.00455499 0.124401
0 0.851821 0.558579 0.00741355 0.0049189 0.122683
0 0.925623 0.725907 0.00924341 0.00537469 0.12054
0 0.626431 0.178495 0.006791 0.00421526 0.118395
0 0.0848353 0.837911 0.0135183 0.00780669 0.115231
0 0.998422 0.767711 0.0031565 0.00740845 0.112801
0 0.969444 0.153474 0.0080297 0.00559842 0.111971
0 0.568179 0.0780476 0.0119945 0.00732209 0.10244
0 0.154484 0.239118 0.00589746 0.00466018 0.101332
0 0.367815 0.0686949 0.00692189 0.0054724 0.100589
0 0.696453 0.678064 0.00619801 0.00414257 0.611333
0 0.906728 0.606979 0.00637309 0.00416867 0.606638
0 0.43805 0.0516605 0.00690222 0.00459099 0.602557
0 0.539204 0.037997 0.00880285 0.00596798 0.601239
0 0.636076 0.96243 0.00864502 0.00595862 0.579984
0 0.899078 0.584636 0.00721264 0.00419483 0.577928
0 0.833945 0.566351 0.00629489 0.00473215 0.56172
0 0.154791 0.732402 0.0142239 0.00881316 0.550553
0 0.575162 0.221595 0.00873073 0.00499838 0.537641
0 0.358346 0.0954878 0.00624231 0.00435065 0.524042
0 0.583271 0.803787 0.00673997 0.00385568 0.507476
0 0.918595 0.577236 0.00868161 0.00592506 0.498249
0 0.61662 0.0570543 0.00966855 0.00620378 0.482332
0 0.771565 0.777969 0.00857862 0.00597854 0.454567
0 0.900774 0.560832 0.00764378 0.0048045 0.448339
0 0.69435 0.760165 0.00741069 0.00493751 0.434866
0 0.773618 0.758819 0.00682815 0.0043977 0.427896
0 0.940457 0.847569 0.00777022 0.00517499 0.412178
0 0.819578 0.0157038 0.0074695 0.0051849 0.412061
0 0.55706 0.219637 0.00872366 0.00512045 0.405072
0 0.565169 0.029015 0.00707066 0.00418 0.402785
0 0.640861 0.306717 0.00635485 0.00423587 0.389978
0 0.500674 0.385965 0.00720946 0.00495698 0.346176
0 0.63128 0.166413 0.00616284 0.00434167 0.342685
0 0.402561 0.774791 0.00638529 0.00383798 0.340776
0 0.309109 0.179358 0.00882874 0.00549692 0.32989
0 0.699668 0.0721432 0.0059549 0.00436765 0.319595
0 0.724923 0.77243 0.00857592 0.00546563 0.275812
0 0.591527 0.0761266 0.00631495 0.00467321 0.275406
0 0.854446 0.721771 0.00769138 0.00510132 0.249083
0 0.765599 0.721658 0.0067265 0.00456184 0.243922
0 0.703638 0.799939 0.00675344 0.00440621 0.238287
0 0.624724 0.4517 0.00703855 0.00468628 0.23353
0 0.737859 0.462005 0.0130227 0.00851485 0.230154
0 0.907915 0.64438 0.00730427 0.00539656 0.223861
0 0.502389 0.012541 0.00702294 0.00524325 0.223831
0 0.116234 0.752483 0.00710575 0.00424445 0.215711
0 0.513655 0.696323 0.00685008 0.00446946 0.215147
0 0.497276 0.0316672 0.00993943 0.00518448 0.210507
0 0.798687 0.679099 0.00726263 0.00444806 0.209231
0 0.763756 0.0779295 0.00686892 0.00523736 0.201105
0 0.953349 0.660538 0.00733701 0.00452363 0.189374
0 0.566626 0.0935775 0.00671132 0.00433385 0.183848
0 0.924416 0.228235 0.00794411 0.00557029 0.178859
0 0.847492 0.256634 0.00714207 0.00508278 0.175968
0 0.276957 0.673988 0.0085094 0.00543086 0.167366
0 0.942646 0.379879 0.00744836 0.00445699 0.164378
0 0.605256 0.662399 0.00787449 0.00494464 0.157861
0 0.772957 0.0391916 0.0118603 0.00724726 0.152002
0 0.806862 0.0117137 0.00863592 0.00552895 0.150751
0 0.937016 0.64391 0.00700816 0.00405855 0.147662
0 0.947796 0.606409 0.0105031 0.00551261 0.14305
0 0.847896 0.921924 0.0118291 0.00846143 0.138534
0 0.832598 0.51956 0.00951449 0.00545649 0.136713
0 0.290967 0.260985 0.0101647 0.00542647 0.132382
0 0.576408 0.0750189 0.00912011 0.00491445 0.131675
0 0.461818 0.467418 0.00722984 0.00460253 0.131419
0 0.101758 0.563175 0.0111368 0.00810272 0.131058
0 0.924048 0.258532 0.00765745 0.00469886 0.128256
0 0.55936 0.0428879 0.0065254 0.0040064 0.127061
0 0.826636 0.670666 0.00779247 0.00454287 0.126467
0 0.668777 0.659782 0.012562 0.00697893 0.12566
0 0.913208 0.232779 0.00811466 0.00455499 0.124401
0 0.851821 0.558579 0.00741355 0.0049189 0.122683
0 0.925623 0.725907 0.00924341 0.00537469 0.12054
0 0.626431 0.178495 0.006791 0.00421526 0.118395
0 0.0848353 0.837911 0.0135183 0.00780669 0.115231
0 0.998422 0.767711 0.0031565 0.00740845 0.112801
0 0.969444 0.153474 0.0080297 0.00559842 0.111971
0 0.568179 0.0780476 0.0119945 0.00732209 0.10244
0 0.154484 0.239118 0.00589746 0.00466018 0.101332
0 0.367815 0.0686949 0.00692189 0.0054724 0.100589
0 0.696453 0.678064 0.00619801 0.00414257 0.611333
0 0.906728 0.606979 0.00637309 0.00416867 0.606638
0 0.43805 0.0516605 0.00690222 0.00459099 0.602557
0 0.539204 0.037997 0.00880285 0.00596798 0.601239
0 0.636076 0.96243 0.00864502 0.00595862 0.579984
0 0.899078 0.584636 0.00721264 0.00419483 0.577928
0 0.833945 0.566351 0.00629489 0.00473215 0.56172
0 0.154791 0.732402 0.0142239 0.00881316 0.550553
0 0.575162 0.221595 0.00873073 0.00499838 0.537641
0 0.358346 0.0954878 0.00624231 0.00435065 0.524042
0 0.583271 0.803787 0.00673997 0.00385568 0.507476
0 0.918595 0.577236 0.00868161 0.00592506 0.498249
0 0.61662 0.0570543 0.00966855 0.00620378 0.482332
0 0.771565 0.777969 0.00857862 0.00597854 0.454567
0 0.900774 0.560832 0.00764378 0.0048045 0.448339
0 0.69435 0.760165 0.00741069 0.00493751 0.434866
0 0.773618 0.758819 0.00682815 0.0043977 0.427896
0 0.940457 0.847569 0.00777022 0.00517499 0.412178
0 0.819578 0.0157038 0.0074695 0.0051849 0.412061
0 0.55706 0.219637 0.00872366 0.00512045 0.405072
0 0.565169 0.029015 0.00707066 0.00418 0.402785
0 0.640861 0.306717 0.00635485 0.00423587 0.389978
0 0.500674 0.385965 0.00720946 0.00495698 0.346176
0 0.63128 0.166413 0.00616284 0.00434167 0.342685
0 0.402561 0.774791 0.00638529 0.00383798 0.340776
0 0.309109 0.179358 0.00882874 0.00549692 0.32989
0 0.699668 0.0721432 0.0059549 0.00436765 0.319595
0 0.724923 0.77243 0.00857592 0.00546563 0.275812
0 0.591527 0.0761266 0.00631495 0.00467321 0.275406
0 0.854446 0.721771 0.00769138 0.00510132 0.249083
0 0.765599 0.721658 0.0067265 0.00456184 0.243922
0 0.703638 0.799939 0.00675344 0.00440621 0.238287
0 0.624724 0.4517 0.00703855 0.00468628 0.23353
0 0.737859 0.462005 0.0130227 0.00851485 0.230154
0 0.907915 0.64438 0.00730427 0.00539656 0.223861
0 0.502389 0.012541 0.00702294 0.00524325 0.223831
0 0.116234 0.752483 0.00710575 0.00424445 0.215711
0 0.513655 0.696323 0.00685008 0.00446946 0.215147
0 0.497276 0.0316672 0.00993943 0.00518448 0.210507
0 0.798687 0.679099 0.00726263 0.00444806 0.209231
0 0.763756 0.0779295 0.00686892 0.00523736 0.201105
0 0.953349 0.660538 0.00733701 0.00452363 0.189374
0 0.566626 0.0935775 0.00671132 0.00433385 0.183848
0 0.924416 0.228235 0.00794411 0.00557029 0.178859
0 0.847492 0.256634 0.00714207 0.00508278 0.175968
0 0.276957 0.673988 0.0085094 0.00543086 0.167366
0 0.942646 0.379879 0.00744836 0.00445699 0.164378
0 0.605256 0.662399 0.00787449 0.00494464 0.157861
0 0.772957 0.0391916 0.0118603 0.00724726 0.152002
0 0.806862 0.0117137 0.00863592 0.00552895 0.150751
0 0.937016 0.64391 0.00700816 0.00405855 0.147662
0 0.947796 0.606409 0.0105031 0.00551261 0.14305
0 0.847896 0.921924 0.0118291 0.00846143 0.138534
0 0.832598 0.51956 0.00951449 0.00545649 0.136713
0 0.290967 0.260985 0.0101647 0.00542647 0.132382
0 0.576408 0.0750189 0.00912011 0.00491445 0.131675
0 0.461818 0.467418 0.00722984 0.00460253 0.131419
0 0.101758 0.563175 0.0111368 0.00810272 0.131058
0 0.924048 0.258532 0.00765745 0.00469886 0.128256
0 0.55936 0.0428879 0.0065254 0.0040064 0.127061
0 0.826636 0.670666 0.00779247 0.00454287 0.126467
0 0.668777 0.659782 0.012562 0.00697893 0.12566
0 0.913208 0.232779 0.00811466 0.00455499 0.124401
0 0.851821 0.558579 0.00741355 0.0049189 0.122683
0 0.925623 0.725907 0.00924341 0.00537469 0.12054
0 0.626431 0.178495 0.006791 0.00421526 0.118395
0 0.0848353 0.837911 0.0135183 0.00780669 0.115231
0 0.998422 0.767711 0.0031565 0.00740845 0.112801
0 0.969444 0.153474 0.0080297 0.00559842 0.111971
0 0.568179 0.0780476 0.0119945 0.00732209 0.10244
0 0.154484 0.239118 0.00589746 0.00466018 0.101332
0 0.367815 0.0686949 0.00692189 0.0054724 0.100589
0 0.696453 0.678064 0.00619801 0.00414257 0.611333
0 0.906728 0.606979 0.00637309 0.00416867 0.606638
0 0.43805 0.0516605 0.00690222 0.00459099 0.602557
0 0.539204 0.037997 0.00880285 0.00596798 0.601239
0 0.636076 0.96243 0.00864502 0.00595862 0.579984
0 0.899078 0.584636 0.00721264 0.00419483 0.577928
0 0.833945 0.566351 0.00629489 0.00473215 0.56172
0 0.154791 0.732402 0.0142239 0.00881316 0.550553
0 0.575162 0.221595 0.00873073 0.00499838 0.537641
0 0.358346 0.0954878 0.00624231 0.00435065 0.524042
0 0.583271 0.803787 0.00673997 0.00385568 0.507476
0 0.918595 0.577236 0.00868161 0.00592506 0.498249
0 0.61662 0.0570543 0.00966855 0.00620378 0.482332
0 0.771565 0.777969 0.00857862 0.00597854 0.454567
0 0.900774 0.560832 0.00764378 0.0048045 0.448339
0 0.69435 0.760165 0.00741069 0.00493751 0.434866
0 0.773618 0.758819 0.00682815 0.0043977 0.427896
0 0.940457 0.847569 0.00777022 0.00517499 0.412178
0 0.819578 0.0157038 0.0074695 0.0051849 0.412061
0 0.55706 0.219637 0.00872366 0.00512045 0.405072
0 0.565169 0.029015 0.00707066 0.00418 0.402785
0 0.640861 0.306717 0.00635485 0.00423587 0.389978
0 0.500674 0.385965 0.00720946 0.00495698 0.346176
0 0.63128 0.166413 0.00616284 0.00434167 0.342685
0 0.402561 0.774791 0.00638529 0.00383798 0.340776
0 0.309109 0.179358 0.00882874 0.00549692 0.32989
0 0.699668 0.0721432 0.0059549 0.00436765 0.319595
0 0.724923 0.77243 0.00857592 0.00546563 0.275812
0 0.591527 0.0761266 0.00631495 0.00467321 0.275406
0 0.854446 0.721771 0.00769138 0.00510132 0.249083
0 0.765599 0.721658 0.0067265 0.00456184 0.243922
0 0.703638 0.799939 0.00675344 0.00440621 0.238287
0 0.624724 0.4517 0.00703855 0.00468628 0.23353
0 0.737859 0.462005 0.0130227 0.00851485 0.230154
0 0.907915 0.64438 0.00730427 0.00539656 0.223861
0 0.502389 0.012541 0.00702294 0.00524325 0.223831
0 0.116234 0.752483 0.00710575 0.00424445 0.215711
0 0.513655 0.696323 0.00685008 0.00446946 0.215147
0 0.497276 0.0316672 0.00993943 0.00518448 0.210507
0 0.798687 0.679099 0.00726263 0.00444806 0.209231
0 0.763756 0.0779295 0.00686892 0.00523736 0.201105
0 0.953349 0.660538 0.00733701 0.00452363 0.189374
0 0.566626 0.0935775 0.00671132 0.00433385 0.183848
0 0.924416 0.228235 0.00794411 0.00557029 0.178859
0 0.847492 0.256634 0.00714207 0.00508278 0.175968
0 0.276957 0.673988 0.0085094 0.00543086 0.167366
0 0.942646 0.379879 0.00744836 0.00445699 0.164378
0 0.605256 0.662399 0.00787449 0.00494464 0.157861
0 0.772957 0.0391916 0.0118603 0.00724726 0.152002
0 0.806862 0.0117137 0.00863592 0.00552895 0.150751
0 0.937016 0.64391 0.00700816 0.00405855 0.147662
0 0.947796 0.606409 0.0105031 0.00551261 0.14305
0 0.847896 0.921924 0.0118291 0.00846143 0.138534
0 0.832598 0.51956 0.00951449 0.00545649 0.136713
0 0.290967 0.260985 0.0101647 0.00542647 0.132382
0 0.576408 0.0750189 0.00912011 0.00491445 0.131675
0 0.461818 0.467418 0.00722984 0.00460253 0.131419
0 0.101758 0.563175 0.0111368 0.00810272 0.131058
0 0.924048 0.258532 0.00765745 0.00469886 0.128256
0 0.55936 0.0428879 0.0065254 0.0040064 0.127061
0 0.826636 0.670666 0.00779247 0.00454287 0.126467
0 0.668777 0.659782 0.012562 0.00697893 0.12566
0 0.913208 0.232779 0.00811466 0.00455499 0.124401
0 0.851821 0.558579 0.00741355 0.0049189 0.122683
0 0.925623 0.725907 0.00924341 0.00537469 0.12054
0 0.626431 0.178495 0.006791 0.00421526 0.118395
0 0.0848353 0.837911 0.0135183 0.00780669 0.115231
0 0.998422 0.767711 0.0031565 0.00740845 0.112801
0 0.969444 0.153474 0.0080297 0.00559842 0.111971
0 0.568179 0.0780476 0.0119945 0.00732209 0.10244
0 0.154484 0.239118 0.00589746 0.00466018 0.101332
0 0.367815 0.0686949 0.00692189 0.0054724 0.100589
0 0.696453 0.678064 0.00619801 0.00414257 0.611333
0 0.906728 0.606979 0.00637309 0.00416867 0.606638
0 0.43805 0.0516605 0.00690222 0.00459099 0.602557
0 0.539204 0.037997 0.00880285 0.00596798 0.601239
0 0.636076 0.96243 0.00864502 0.00595862 0.579984
0 0.899078 0.584636 0.00721264 0.00419483 0.577928
0 0.833945 0.566351 0.00629489 0.00473215 0.56172
0 0.154791 0.732402 0.0142239 0.00881316 0.550553
0 0.575162 0.221595 0.00873073 0.00499838 0.537641
0 0.358346 0.0954878 0.00624231 0.00435065 0.524042
0 0.583271 0.803787 0.00673997 0.00385568 0.507476
0 0.918595 0.577236 0.00868161 0.00592506 0.498249
0 0.61662 0.0570543 0.00966855 0.00620378 0.482332
0 0.771565 0.777969 0.00857862 0.00597854 0.454567
0 0.900774 0.560832 0.00764378 0.0048045 0.448339
0 0.69435 0.760165 0.00741069 0.00493751 0.434866
0 0.773618 0.758819 0.00682815 0.0043977 0.427896
0 0.940457 0.847569 0.00777022 0.00517499 0.412178
0 0.819578 0.0157038 0.0074695 0.0051849 0.412061
0 0.55706 0.219637 0.00872366 0.00512045 0.405072
0 0.565169 0.029015 0.00707066 0.00418 0.402785
0 0.640861 0.306717 0.00635485 0.00423587 0.389978
0 0.500674 0.385965 0.00720946 0.00495698 0.346176
0 0.63128 0.166413 0.00616284 0.00434167 0.342685
0 0.402561 0.774791 0.00638529 0.00383798 0.340776
0 0.309109 0.179358 0.00882874 0.00549692 0.32989
0 0.699668 0.0721432 0.0059549 0.00436765 0.319595
0 0.724923 0.77243 0.00857592 0.00546563 0.275812
0 0.591527 0.0761266 0.00631495 0.00467321 0.275406
0 0.854446 0.721771 0.00769138 0.00510132 0.249083
0 0.765599 0.721658 0.0067265 0.00456184 0.243922
0 0.703638 0.799939 0.00675344 0.00440621 0.238287
0 0.624724 0.4517 0.00703855 0.00468628 0.23353
0 0.737859 0.462005 0.0130227 0.00851485 0.230154
0 0.907915 0.64438 0.00730427 0.00539656 0.223861
0 0.502389 0.012541 0.00702294 0.00524325 0.223831
0 0.116234 0.752483 0.00710575 0.00424445 0.215711
0 0.513655 0.696323 0.00685008 0.00446946 0.215147
0 0.497276 0.0316672 0.00993943 0.00518448 0.210507
0 0.798687 0.679099 0.00726263 0.00444806 0.209231
0 0.763756 0.0779295 0.00686892 0.00523736 0.201105
0 0.953349 0.660538 0.00733701 0.00452363 0.189374
0 0.566626 0.0935775 0.00671132 0.00433385 0.183848
0 0.924416 0.228235 0.00794411 0.00557029 0.178859
0 0.847492 0.256634 0.00714207 0.00508278 0.175968
0 0.276957 0.673988 0.0085094 0.00543086 0.167366
0 0.942646 0.379879 0.00744836 0.00445699 0.164378
0 0.605256 0.662399 0.00787449 0.00494464 0.157861
0 0.772957 0.0391916 0.0118603 0.00724726 0.152002
0 0.806862 0.0117137 0.00863592 0.00552895 0.150751
0 0.937016 0.64391 0.00700816 0.00405855 0.147662
0 0.947796 0.606409 0.0105031 0.00551261 0.14305
0 0.847896 0.921924 0.0118291 0.00846143 0.138534
0 0.832598 0.51956 0.00951449 0.00545649 0.136713
0 0.290967 0.260985 0.0101647 0.00542647 0.132382
0 0.576408 0.0750189 0.00912011 0.00491445 0.131675
0 0.461818 0.467418 0.00722984 0.00460253 0.131419
0 0.101758 0.563175 0.0111368 0.00810272 0.131058
0 0.924048 0.258532 0.00765745 0.00469886 0.128256
0 0.55936 0.0428879 0.0065254 0.0040064 0.127061
0 0.826636 0.670666 0.00779247 0.00454287 0.126467
0 0.668777 0.659782 0.012562 0.00697893 0.12566
0 0.913208 0.232779 0.00811466 0.00455499 0.124401
0 0.851821 0.558579 0.00741355 0.0049189 0.122683
0 0.925623 0.725907 0.00924341 0.00537469 0.12054
0 0.626431 0.178495 0.006791 0.00421526 0.118395
0 0.0848353 0.837911 0.0135183 0.00780669 0.115231
0 0.998422 0.767711 0.0031565 0.00740845 0.112801
0 0.969444 0.153474 0.0080297 0.00559842 0.111971
0 0.568179 0.0780476 0.0119945 0.00732209 0.10244
0 0.154484 0.239118 0.00589746 0.00466018 0.101332
0 0.367815 0.0686949 0.00692189 0.0054724 0.100589
0 0.696453 0.678064 0.00619801 0.00414257 0.611333
0 0.906728 0.606979 0.00637309 0.00416867 0.606638
0 0.43805 0.0516605 0.00690222 0.00459099 0.602557
0 0.539204 0.037997 0.00880285 0.00596798 0.601239
0 0.636076 0.96243 0.00864502 0.00595862 0.579984
0 0.899078 0.584636 0.00721264 0.00419483 0.577928
0 0.833945 0.566351 0.00629489 0.00473215 0.56172
0 0.154791 0.732402 0.0142239 0.00881316 0.550553
0 0.575162 0.221595 0.00873073 0.00499838 0.537641
0 0.358346 0.0954878 0.00624231 0.00435065 0.524042
0 0.583271 0.803787 0.00673997 0.00385568 0.507476
0 0.918595 0.577236 0.00868161 0.00592506 0.498249
0 0.61662 0.0570543 0.00966855 0.00620378 0.482332
0 0.771565 0.777969 0.00857862 0.00597854 0.454567
0 0.900774 0.560832 0.00764378 0.0048045 0.448339
0 0.69435 0.760165 0.00741069 0.00493751 0.434866
0 0.773618 0.758819 0.00682815 0.0043977 0.427896
0 0.940457 0.847569 0.00777022 0.00517499 0.412178
0 0.819578 0.0157038 0.0074695 0.0051849 0.412061
0 0.55706 0.219637 0.00872366 0.00512045 0.405072
0 0.565169 0.029015 0.00707066 0.00418 0.402785
0 0.640861 0.306717 0.00635485 0.00423587 0.389978
0 0.500674 0.385965 0.00720946 0.00495698 0.346176
0 0.63128 0.166413 0.00616284 0.00434167 0.342685
0 0.402561 0.774791 0.00638529 0.00383798 0.340776
0 0.309109 0.179358 0.00882874 0.00549692 0.32989
0 0.699668 0.0721432 0.0059549 0.00436765 0.319595
0 0.724923 0.77243 0.00857592 0.00546563 0.275812
0 0.591527 0.0761266 0.00631495 0.00467321 0.275406
0 0.854446 0.721771 0.00769138 0.00510132 0.249083
0 0.765599 0.721658 0.0067265 0.00456184 0.243922
0 0.703638 0.799939 0.00675344 0.00440621 0.238287
0 0.624724 0.4517 0.00703855 0.00468628 0.23353
0 0.737859 0.462005 0.0130227 0.00851485 0.230154
0 0.907915 0.64438 0.00730427 0.00539656 0.223861
0 0.502389 0.012541 0.00702294 0.00524325 0.223831
0 0.116234 0.752483 0.00710575 0.00424445 0.215711
0 0.513655 0.696323 0.00685008 0.00446946 0.215147
0 0.497276 0.0316672 0.00993943 0.00518448 0.210507
0 0.798687 0.679099 0.00726263 0.00444806 0.209231
0 0.763756 0.0779295 0.00686892 0.00523736 0.201105
0 0.953349 0.660538 0.00733701 0.00452363 0.189374
0 0.566626 0.0935775 0.00671132 0.00433385 0.183848
0 0.924416 0.228235 0.00794411 0.00557029 0.178859
0 0.847492 0.256634 0.00714207 0.00508278 0.175968
0 0.276957 0.673988 0.0085094 0.00543086 0.167366
0 0.942646 0.379879 0.00744836 0.00445699 0.164378
0 0.605256 0.662399 0.00787449 0.00494464 0.157861
0 0.772957 0.0391916 0.0118603 0.00724726 0.152002
0 0.806862 0.0117137 0.00863592 0.00552895 0.150751
0 0.937016 0.64391 0.00700816 0.00405855 0.147662
0 0.947796 0.606409 0.0105031 0.00551261 0.14305
0 0.847896 0.921924 0.0118291 0.00846143 0.138534
0 0.832598 0.51956 0.00951449 0.00545649 0.136713
0 0.290967 0.260985 0.0101647 0.00542647 0.132382
0 0.576408 0.0750189 0.00912011 0.00491445 0.131675
0 0.461818 0.467418 0.00722984 0.00460253 0.131419
0 0.101758 0.563175 0.0111368 0.00810272 0.131058
0 0.924048 0.258532 0.00765745 0.00469886 0.128256
0 0.55936 0.0428879 0.0065254 0.0040064 0.127061
0 0.826636 0.670666 0.00779247 0.00454287 0.126467
0 0.668777 0.659782 0.012562 0.00697893 0.12566
0 0.913208 0.232779 0.00811466 0.00455499 0.124401
0 0.851821 0.558579 0.00741355 0.0049189 0.122683
0 0.925623 0.725907 0.00924341 0.00537469 0.12054
0 0.626431 0.178495 0.006791 0.00421526 0.118395
0 0.0848353 0.837911 0.0135183 0.00780669 0.115231
0 0.998422 0.767711 0.0031565 0.00740845 0.112801
0 0.969444 0.153474 0.0080297 0.00559842 0.111971
0 0.568179 0.0780476 0.0119945 0.00732209 0.10244
0 0.154484 0.239118 0.00589746 0.00466018 0.101332
0 0.367815 0.0686949 0.00692189 0.0054724 0.100589
0 0.696453 0.678064 0.00619801 0.00414257 0.611333
0 0.906728 0.606979 0.00637309 0.00416867 0.606638
0 0.43805 0.0516605 0.00690222 0.00459099 0.602557
0 0.539204 0.037997 0.00880285 0.00596798 0.601239
0 0.636076 0.96243 0.00864502 0.00595862 0.579984
0 0.899078 0.584636 0.00721264 0.00419483 0.577928
0 0.833945 0.566351 0.00629489 0.00473215 0.56172
0 0.154791 0.732402 0.0142239 0.00881316 0.550553
0 0.575162 0.221595 0.00873073 0.00499838 0.537641
0 0.358346 0.0954878 0.00624231 0.00435065 0.524042
0 0.583271 0.803787 0.00673997 0.00385568 0.507476
0 0.918595 0.577236 0.00868161 0.00592506 0.498249
0 0.61662 0.0570543 0.00966855 0.00620378 0.482332
0 0.771565 0.777969 0.00857862 0.00597854 0.454567
0 0.900774 0.560832 0.00764378 0.0048045 0.448339
0 0.69435 0.760165 0.00741069 0.00493751 0.434866
0 0.773618 0.758819 0.00682815 0.0043977 0.427896
0 0.940457 0.847569 0.00777022 0.00517499 0.412178
0 0.819578 0.0157038 0.0074695 0.0051849 0.412061
0 0.55706 0.219637 0.00872366 0.00512045 0.405072
0 0.565169 0.029015 0.00707066 0.00418 0.402785
0 0.640861 0.306717 0.00635485 0.00423587 0.389978
0 0.500674 0.385965 0.00720946 0.00495698 0.346176
0 0.63128 0.166413 0.00616284 0.00434167 0.342685
0 0.402561 0.774791 0.00638529 0.00383798 0.340776
0 0.309109 0.179358 0.00882874 0.00549692 0.32989
0 0.699668 0.0721432 0.0059549 0.00436765 0.319595
0 0.724923 0.77243 0.00857592 0.00546563 0.275812
0 0.591527 0.0761266 0.00631495 0.00467321 0.275406
0 0.854446 0.721771 0.00769138 0.00510132 0.249083
0 0.765599 0.721658 0.0067265 0.00456184 0.243922
0 0.703638 0.799939 0.00675344 0.00440621 0.238287
0 0.624724 0.4517 0.00703855 0.00468628 0.23353
0 0.737859 0.462005 0.0130227 0.00851485 0.230154
0 0.907915 0.64438 0.00730427 0.00539656 0.223861
0 0.502389 0.012541 0.00702294 0.00524325 0.223831
0 0.116234 0.752483 0.00710575 0.00424445 0.215711
0 0.513655 0.696323 0.00685008 0.00446946 0.215147
0 0.497276 0.0316672 0.00993943 0.00518448 0.210507
0 0.798687 0.679099 0.00726263 0.00444806 0.209231
0 0.763756 0.0779295 0.00686892 0.00523736 0.201105
0 0.953349 0.660538 0.00733701 0.00452363 0.189374
0 0.566626 0.0935775 0.00671132 0.00433385 0.183848
0 0.924416 0.228235 0.00794411 0.00557029 0.178859
0 0.847492 0.256634 0.00714207 0.00508278 0.175968
0 0.276957 0.673988 0.0085094 0.00543086 0.167366
0 0.942646 0.379879 0.00744836 0.00445699 0.164378
0 0.605256 0.662399 0.00787449 0.00494464 0.157861
0 0.772957 0.0391916 0.0118603 0.00724726 0.152002
0 0.806862 0.0117137 0.00863592 0.00552895 0.150751
0 0.937016 0.64391 0.00700816 0.00405855 0.147662
0 0.947796 0.606409 0.0105031 0.00551261 0.14305
0 0.847896 0.921924 0.0118291 0.00846143 0.138534
0 0.832598 0.51956 0.00951449 0.00545649 0.136713
0 0.290967 0.260985 0.0101647 0.00542647 0.132382
0 0.576408 0.0750189 0.00912011 0.00491445 0.131675
0 0.461818 0.467418 0.00722984 0.00460253 0.131419
0 0.101758 0.563175 0.0111368 0.00810272 0.131058
0 0.924048 0.258532 0.00765745 0.00469886 0.128256
0 0.55936 0.0428879 0.0065254 0.0040064 0.127061
0 0.826636 0.670666 0.00779247 0.00454287 0.126467
0 0.668777 0.659782 0.012562 0.00697893 0.12566
0 0.913208 0.232779 0.00811466 0.00455499 0.124401
0 0.851821 0.558579 0.00741355 0.0049189 0.122683
0 0.925623 0.725907 0.00924341 0.00537469 0.12054
0 0.626431 0.178495 0.006791 0.00421526 0.118395
0 0.0848353 0.837911 0.0135183 0.00780669 0.115231
0 0.998422 0.767711 0.0031565 0.00740845 0.112801
0 0.969444 0.153474 0.0080297 0.00559842 0.111971
0 0.568179 0.0780476 0.0119945 0.00732209 0.10244
0 0.154484 0.239118 0.00589746 0.00466018 0.101332
0 0.367815 0.0686949 0.00692189 0.0054724 0.100589
0 0.696453 0.678064 0.00619801 0.00414257 0.611333
0 0.906728 0.606979 0.00637309 0.00416867 0.606638
0 0.43805 0.0516605 0.00690222 0.00459099 0.602557
0 0.539204 0.037997 0.00880285 0.00596798 0.601239
0 0.636076 0.96243 0.00864502 0.00595862 0.579984
0 0.899078 0.584636 0.00721264 0.00419483 0.577928
0 0.833945 0.566351 0.00629489 0.00473215 0.56172
0 0.154791 0.732402 0.0142239 0.00881316 0.550553
0 0.575162 0.221595 0.00873073 0.00499838 0.537641
0 0.358346 0.0954878 0.00624231 0.00435065 0.524042
0 0.583271 0.803787 0.00673997 0.00385568 0.507476
0 0.918595 0.577236 0.00868161 0.00592506 0.498249
0 0.61662 0.0570543 0.00966855 0.00620378 0.482332
0 0.771565 0.777969 0.00857862 0.00597854 0.454567
0 0.900774 0.560832 0.00764378 0.0048045 0.448339
0 0.69435 0.760165 0.00741069 0.00493751 0.434866
0 0.773618 0.758819 0.00682815 0.0043977 0.427896
0 0.940457 0.847569 0.00777022 0.00517499 0.412178
0 0.819578 0.0157038 0.0074695 0.0051849 0.412061
0 0.55706 0.219637 0.00872366 0.00512045 0.405072
0 0.565169 0.029015 0.00707066 0.00418 0.402785
0 0.640861 0.306717 0.00635485 0.00423587 0.389978
0 0.500674 0.385965 0.00720946 0.00495698 0.346176
0 0.63128 0.166413 0.00616284 0.00434167 0.342685
0 0.402561 0.774791 0.00638529 0.00383798 0.340776
0 0.309109 0.179358 0.00882874 0.00549692 0.32989
0 0.699668 0.0721432 0.0059549 0.00436765 0.319595
0 0.724923 0.77243 0.00857592 0.00546563 0.275812
0 0.591527 0.0761266 0.00631495 0.00467321 0.275406
0 0.854446 0.721771 0.00769138 0.00510132 0.249083
0 0.765599 0.721658 0.0067265 0.00456184 0.243922
0 0.703638 0.799939 0.00675344 0.00440621 0.238287
0 0.624724 0.4517 0.00703855 0.00468628 0.23353
0 0.737859 0.462005 0.0130227 0.00851485 0.230154
0 0.907915 0.64438 0.00730427 0.00539656 0.223861
0 0.502389 0.012541 0.00702294 0.00524325 0.223831
0 0.116234 0.752483 0.00710575 0.00424445 0.215711
0 0.513655 0.696323 0.00685008 0.00446946 0.215147
0 0.497276 0.0316672 0.00993943 0.00518448 0.210507
0 0.798687 0.679099 0.00726263 0.00444806 0.209231
0 0.763756 0.0779295 0.00686892 0.00523736 0.201105
0 0.953349 0.660538 0.00733701 0.00452363 0.189374
0 0.566626 0.0935775 0.00671132 0.00433385 0.183848
0 0.924416 0.228235 0.00794411 0.00557029 0.178859
0 0.847492 0.256634 0.00714207 0.00508278 0.175968
0 0.276957 0.673988 0.0085094 0.00543086 0.167366
0 0.942646 0.379879 0.00744836 0.00445699 0.164378
0 0.605256 0.662399 0.00787449 0.00494464 0.157861
0 0.772957 0.0391916 0.0118603 0.00724726 0.152002
0 0.806862 0.0117137 0.00863592 0.00552895 0.150751
0 0.937016 0.64391 0.00700816 0.00405855 0.147662
0 0.947796 0.606409 0.0105031 0.00551261 0.14305
0 0.847896 0.921924 0.0118291 0.00846143 0.138534
0 0.832598 0.51956 0.00951449 0.00545649 0.136713
0 0.290967 0.260985 0.0101647 0.00542647 0.132382
0 0.576408 0.0750189 0.00912011 0.00491445 0.131675
0 0.461818 0.467418 0.00722984 0.00460253 0.131419
0 0.101758 0.563175 0.0111368 0.00810272 0.131058
0 0.924048 0.258532 0.00765745 0.00469886 0.128256
0 0.55936 0.0428879 0.0065254 0.0040064 0.127061
0 0.826636 0.670666 0.00779247 0.00454287 0.126467
0 0.668777 0.659782 0.012562 0.00697893 0.12566
0 0.913208 0.232779 0.00811466 0.00455499 0.124401
0 0.851821 0.558579 0.00741355 0.0049189 0.122683
0 0.925623 0.725907 0.00924341 0.00537469 0.12054
0 0.626431 0.178495 0.006791 0.00421526 0.118395
0 0.0848353 0.837911 0.0135183 0.00780669 0.115231
0 0.998422 0.767711 0.0031565 0.00740845 0.112801
0 0.969444 0.153474 0.0080297 0.00559842 0.111971
0 0.568179 0.0780476 0.0119945 0.00732209 0.10244
0 0.154484 0.239118 0.00589746 0.00466018 0.101332
0 0.367815 0.0686949 0.00692189 0.0054724 0.100589
0 0.215546 0.696284 0.007919 0.00532113 0.862239
0 0.596378 0.448215 0.00702161 0.00608997 0.860142
0 0.464566 0.70938 0.00670424 0.00548568 0.853853
0 0.581441 0.50081 0.00619202 0.00433025 0.852936
0 0.455044 0.698692 0.00681291 0.00573649 0.852867
0 0.434318 0.585178 0.00591688 0.00498881 0.85278
0 0.915602 0.0713125 0.0066061 0.00496592 0.851891
0 0.154583 0.0694613 0.00666598 0.00510153 0.838729
0 0.320794 0.421753 0.00605978 0.00522996 0.838386
0 0.0330527 0.485969 0.00688656 0.00460426 0.835175
0 0.388246 0.415143 0.00601259 0.00531301 0.833961
0 0.408569 0.423312 0.00630204 0.00523975 0.833211
0 0.53358 0.743683 0.00612973 0.00525766 0.832207
0 0.387031 0.701031 0.00828368 0.00604248 0.831809
0 0.289044 0.0574581 0.00666765 0.00549523 0.83015
0 0.724673 0.483987 0.00670914 0.00449549 0.829737
0 0.760957 0.488356 0.00719673 0.00499125 0.82846
0 0.541522 0.426452 0.00601119 0.00520372 0.826269
0 0.346133 0.431198 0.00596298 0.00444544 0.826029
0 0.408888 0.28453 0.00750727 0.00560019 0.825111
0 0.473463 0.50463 0.00590377 0.00469112 0.824885
0 0.854231 0.794227 0.00702337 0.00535596 0.823924
0 0.049337 0.219061 0.00643465 0.00489581 0.821508
0 0.0556501 0.439082 0.00649102 0.00516636 0.820031
0 0.737907 0.590188 0.00684745 0.00499351 0.819721
0 0.351656 0.609231 0.00568738 0.00512323 0.819521
0 0.738885 0.489371 0.00675803 0.00489076 0.818116
0 0.607205 0.47537 0.00630218 0.00481353 0.818076
0 0.185806 0.528845 0.00629453 0.00515734 0.817642
0 0.69773 0.429849 0.00607485 0.0051302 0.816971
0 0.259259 0.491728 0.0059458 0.0049998 0.816664
0 0.372428 0.335509 0.0059205 0.00523644 0.816124
0 0.721388 0.448379 0.00647349 0.00459418 0.816009
0 0.486868 0.699732 0.00618575 0.00537793 0.815078
0 0.630281 0.48214 0.00615475 0.00455977 0.8139
0 0.308068 0.614141 0.00653954 0.00475702 0.810928
0 0.214703 0.61958 0.00723567 0.00543512 0.810297
0 0.437556 0.530645 0.00647178 0.00461294 0.810243
0 0.650834 0.346427 0.00676516 0.00448072 0.807247
0 0.628582 0.592528 0.00635347 0.00432345 0.806895
0 0.557661 0.505278 0.0058245 0.00487956 0.806842
0 0.259422 0.581609 0.00588015 0.00498578 0.806398
0 0.260607 0.0791914 0.00686882 0.00482522 0.804198
0 0.432672 0.410736 0.00628676 0.00423348 0.803612
0 0.261097 0.683346 0.00713222 0.00468124 0.803248
0 0.507668 0.744988 0.00651401 0.00530519 0.80266
0 0.191806 0.900286 0.00650966 0.00561523 0.800523
0 0.347492 0.654243 0.00624097 0.00504416 0.800487
0 0.569507 0.65838 0.00697203 0.00464209 0.800161
0 0.371926 0.652703 0.00664899 0.00485319 0.797561
0 0.749595 0.444547 0.00667426 0.00521949 0.796173
0 0.926338 0.129343 0.00602772 0.00501503 0.795671
0 0.623827 0.198844 0.00673689 0.0047261 0.794811
0 0.962456 0.455235 0.00734075 0.00518132 0.794118
0 0.00996787 0.380896 0.0065494 0.00491748 0.793963
0 0.648549 0.498009 0.00591716 0.00464936 0.792866
0 0.623564 0.656889 0.00704936 0.00456268 0.792134
0 0.856731 0.164268 0.00604812 0.00486599 0.79196
0 0.558076 0.633836 0.00619897 0.0044174 0.791411
0 0.522075 0.170358 0.00631358 0.00524963 0.79136
0 0.514934 0.531382 0.00645747 0.00435594 0.78937
0 0.178341 0.508494 0.00612651 0.0047825 0.789027
0 0.515766 0.495777 0.00600521 0.00494227 0.788705
0 0.743888 0.455454 0.00574055 0.00427652 0.787138
0 0.255617 0.453733 0.00651378 0.0051452 0.787067
0 0.730157 0.665087 0.00783108 0.00509075 0.786952
0 0.0130178 0.487361 0.00700853 0.00477942 0.786704
0 0.232513 0.620342 0.0067973 0.00466902 0.786517
0 0.243071 0.267972 0.00584915 0.00458056 0.785792
0 0.735205 0.462242 0.00585373 0.00412423 0.785635
0 0.760839 0.0752951 0.00672498 0.0045588 0.78397
0 0.671959 0.598516 0.00607764 0.00443992 0.781583
0 0.346747 0.449659 0.0062797 0.00443351 0.781456
0 0.37415 0.40359 0.00551707 0.00459029 0.780371
0 0.207975 0.596712 0.0065946 0.00512973 0.780238
0 0.557495 0.576616 0.00601627 0.00498086 0.780056
0 0.616947 0.583834 0.00619852 0.00481789 0.779548
0 0.441829 0.567275 0.00592474 0.00440774 0.779513
0 0.288722 0.265937 0.00674655 0.00487632 0.779061
0 0.810669 0.518406 0.00773089 0.00582347 0.778816
0 0.386092 0.506927 0.00642285 0.00407106 0.778375
0 0.547883 0.396623 0.00620592 0.00414569 0.778022
0 0.310889 0.741739 0.00686677 0.00494128 0.777707
0 0.729423 0.422487 0.00601381 0.00410641 0.776302
0 0.528261 0.470242 0.0059835 0.00409081 0.77506
0 0.254622 0.55592 0.00631799 0.00455913 0.771675
0 0.471387 0.217219 0.00714738 0.00497039 0.771655
0 0.702605 0.389129 0.0064283 0.00432401 0.771391
0 0.379786 0.44437 0.00534912 0.00510584 0.771228
0 0.579502 0.483672 0.00649851 0.00431426 0.771166
0 0.515246 0.439133 0.00656894 0.00474694 0.771036
0 0.196159 0.530891 0.00625922 0.00514807 0.770843
0 0.633633 0.522999 0.00611087 0.00419736 0.770707
0 0.490469 0.491955 0.00550114 0.00422686 0.770488
0 0.539998 0.659894 0.00632908 0.00439569 0.769879
0 0.229859 0.36401 0.00584866 0.00493226 0.76977
0 0.542889 0.596858 0.00558948 0.00484712 0.769306
0 0.594852 0.459819 0.00635843 0.00429618 0.768808
0 0.381714 0.409197 0.0061637 0.00424959 0.768053
0 0.247266 0.439423 0.0062769 0.00414633 0.767985
0 0.488201 0.380764 0.00584707 0.00406145 0.767874
0 0.610911 0.469485 0.00592656 0.00439855 0.767415
0 0.924445 0.0979573 0.00582364 0.0042881 0.767388
0 0.154529 0.589503 0.00612825 0.00534425 0.767165
0 0.479713 0.613199 0.00625981 0.00530446 0.76474
0 0.765968 0.356118 0.00667557 0.00495438 0.763855
0 0.508246 0.628724 0.00566345 0.00512533 0.76355
0 0.927632 0.147776 0.00698918 0.00454181 0.763524
0 0.197105 0.732265 0.00774984 0.0055324 0.763285
0 0.710319 0.869313 0.00672612 0.00502796 0.763226
0 0.374643 0.449414 0.00569824 0.0046008 0.762515
0 0.288088 0.536219 0.00593395 0.0051879 0.761923
0 0.283765 0.0885531 0.00590006 0.00448499 0.76121
0 0.996944 0.138996 0.00583464 0.00484065 0.76107
0 0.82406 0.443819 0.00681884 0.00447749 0.760826
0 0.619756 0.510627 0.00604561 0.00489187 0.760708
0 0.493172 0.597624 0.00645445 0.00435653 0.759686
0 0.30608 0.302475 0.00574802 0.00459837 0.758945
0 0.425565 0.424921 0.00647124 0.00440051 0.758944
0 0.402859 0.541166 0.00553992 0.00447348 0.758797
0 0.154829 0.581146 0.00630044 0.00471544 0.758531
0 0.173351 0.565655 0.007241 0.00471082 0.758302
0 0.843216 0.421697 0.00626035 0.00499082 0.758138
0 0.461081 0.68949 0.00666323 0.00480019 0.7576
0 0.643603 0.683401 0.00637216 0.00479532 0.756045
0 0.545765 0.564129 0.00608568 0.00502403 0.755049
0 0.591803 0.443223 0.00659915 0.00403854 0.754173
0 0.221957 0.57677 0.00595449 0.00511058 0.754064
0 0.907582 0.674952 0.00751809 0.00495731 0.752911
0 0.202602 0.304001 0.00644183 0.00456319 0.752754
0 0.250113 0.465046 0.00658026 0.00491119 0.752632
0 0.243974 0.559155 0.00621413 0.00460555 0.752264
0 0.502272 0.415226 0.00568408 0.00458187 0.751415
0 0.354615 0.3811 0.00638553 0.00449549 0.751332
0 0.340106 0.529693 0.00533057 0.00455785 0.75044
0 0.598813 0.415619 0.00586838 0.00478848 0.748593
0 0.42219 0.503573 0.00610599 0.00419591 0.748435
0 0.691809 0.397823 0.00536614 0.00400297 0.748049
0 0.373697 0.425076 0.00703115 0.00439021 0.74759
0 0.310009 0.675648 0.00624402 0.00553813 0.747316
0 0.262997 0.355197 0.00603727 0.00504547 0.746828
0 0.441802 0.320867 0.00620729 0.00415721 0.746405
0 0.349674 0.623892 0.00660727 0.00504245 0.746129
0 0.409792 0.199864 0.00644103 0.00502818 0.745944
0 0.514785 0.591191 0.00659795 0.00426652 0.745934
0 0.0743205 0.393831 0.00648741 0.00498753 0.745731
0 0.101536 0.21917 0.00637404 0.0046743 0.745586
0 0.356808 0.680916 0.00672957 0.00481921 0.745462
0 0.252377 0.613707 0.00703155 0.00462854 0.744675
0 0.379982 0.598915 0.00575149 0.00469624 0.744664
0 0.527777 0.604585 0.00656917 0.00444817 0.743712
0 0.475501 0.607031 0.00634643 0.00487379 0.743514
0 0.422953 0.699713 0.00635734 0.00452541 0.743509
0 0.201037 0.557033 0.00643223 0.00473899 0.743243
0 0.541384 0.56526 0.00516052 0.00431319 0.742877
0 0.239893 0.508474 0.00681034 0.00429208 0.741738
0 0.393793 0.668107 0.00645967 0.00464709 0.741627
0 0.855407 0.0601229 0.00641063 0.00443262 0.741538
0 0.48692 0.457543 0.00539275 0.00434858 0.740722
0 0.442998 0.741426 0.00660157 0.00445394 0.74063
0 0.0927349 0.109303 0.00568778 0.00419065 0.740306
0 0.380917 0.540472 0.00530442 0.00438385 0.740154
0 0.694727 0.0659595 0.00634754 0.00430396 0.73931
0 0.0666491 0.520432 0.0084887 0.00682812 0.73916
0 0.994832 0.256801 0.00593289 0.00514247 0.738878
0 0.324564 0.408981 0.00592668 0.00434388 0.738599
0 0.283006 0.338045 0.00668244 0.00493658 0.7378
0 0.68909 0.348467 0.00673028 0.00454663 0.73707
0 0.0315287 0.253274 0.0068878 0.00456011 0.736939
0 0.23774 0.320598 0.00612326 0.00497289 0.736502
0 0.573624 0.4349 0.0055819 0.00480831 0.735907
0 0.528095 0.544982 0.00493724 0.00403041 0.735608
0 0.149652 0.138424 0.0065682 0.00519091 0.735514
0 0.741206 0.430272 0.00605827 0.00442035 0.735089
0 0.533772 0.674876 0.00627266 0.00479788 0.735009
0 0.714413 0.410421 0.00537998 0.0041671 0.734086
0 0.410258 0.388853 0.00567322 0.0045393 0.733698
0 0.626657 0.550816 0.00586718 0.00395934 0.733434
0 0.323159 0.462787 0.00580709 0.00447343 0.732592
0 0.432439 0.365106 0.00565949 0.00481135 0.732515
0 0.101028 0.0787212 0.00605631 0.00497431 0.732381
0 0.462684 0.468996 0.00579757 0.00420771 0.732076
0 0.622275 0.392093 0.00615771 0.00430332 0.73165
0 0.943452 0.434556 0.00660656 0.00510648 0.730948
0 0.431008 0.416292 0.00608662 0.00454032 0.730415
0 0.455486 0.667837 0.00590263 0.00538092 0.730403
0 0.800888 0.429025 0.00595671 0.005132 0.730282
0 0.307341 0.497693 0.00580726 0.00477374 0.730057
0 0.347854 0.265789 0.00560572 0.00482443 0.72985
0 0.673622 0.765805 0.00682551 0.0056107 0.729642
0 0.862075 0.352477 0.00691886 0.00464476 0.728407
0 0.520587 0.610699 0.00538631 0.00472569 0.728065
0 0.255265 0.395023 0.005607 0.00476997 0.72791
0 0.181648 0.146216 0.00593262 0.00475756 0.727682
0 0.460204 0.518686 0.00633187 0.0045502 0.726818
0 0.43629 0.658679 0.00641855 0.00521056 0.726744
0 0.289179 0.667414 0.00673022 0.00527142 0.726729
0 0.112888 0.130521 0.00640558 0.00531779 0.726642
0 0.715483 0.585889 0.00757355 0.00595969 0.726219
0 0.234362 0.454661 0.00608501 0.00418805 0.726146
0 0.410626 0.59586 0.00629223 0.00451199 0.725865
0 0.610306 0.412449 0.00535337 0.00493491 0.725687
0 0.279165 0.416138 0.00627482 0.00424357 0.724959
0 0.521291 0.0657363 0.00641929 0.00432082 0.724864
0 0.211808 0.506 0.00593561 0.00469941 0.724576
0 0.602545 0.656825 0.0060202 0.00443155 0.724536
0 0.206841 0.490427 0.00576352 0.00449617 0.723919
0 0.652455 0.460171 0.00618666 0.00386278 0.722966
0 0.567209 0.434634 0.00565895 0.00500681 0.722827
0 0.603928 0.482118 0.00532858 0.00457969 0.722121
0 0.400333 0.249536 0.00627602 0.00459307 0.72192
0 0.561437 0.574852 0.00544091 0.00457635 0.721699
0 0.272886 0.45485 0.00647115 0.00451254 0.71993
0 0.538683 0.379825 0.00538648 0.00472484 0.719632
0 0.216551 0.441717 0.00669044 0.00439633 0.719421
0 0.42864 0.717292 0.00621658 0.00443381 0.71928
0 0.326296 0.278377 0.00636333 0.00454017 0.719089
0 0.590652 0.416929 0.00648711 0.00449485 0.719044
0 0.615035 0.484335 0.00573423 0.00401776 0.718998
0 0.347471 0.410757 0.00615238 0.00410167 0.718708
0 0.335487 0.495835 0.00632808 0.00498898 0.717841
0 0.479283 0.574967 0.00669312 0.00432123 0.715962
0 0.54404 0.64208 0.00533086 0.00487777 0.714367
0 0.269637 0.386057 0.00619983 0.00392313 0.714332
0 0.197379 0.145013 0.00702815 0.0045668 0.714131
0 0.323274 0.270424 0.00638071 0.00469877 0.713768
0 0.660044 0.844626 0.00709911 0.00539315 0.713634
0 0.331797 0.544131 0.00561674 0.00508118 0.713243
0 0.127245 0.535838 0.00684775 0.00454255 0.712957
0 0.397803 0.594585 0.00672999 0.00425182 0.712278
0 0.470808 0.478243 0.00437105 0.00236951 0.712214
0 0.306896 0.449084 0.00632232 0.00395493 0.711922
0 0.561221 0.361081 0.00654569 0.0045122 0.711279
0 0.410508 0.395635 0.00618475 0.00418347 0.710768
0 0.749063 0.663762 0.00621932 0.00429841 0.71075
0 0.340166 0.212535 0.00705723 0.00440411 0.709853
0 0.75074 0.469113 0.00599404 0.00438803 0.709434
0 0.504664 0.387214 0.00585744 0.0040944 0.709167
0 0.753939 0.499793 0.00578016 0.00503814 0.709159
0 0.298364 0.697097 0.00746983 0.00587493 0.708439
0 0.638339 0.376774 0.00629443 0.00414214 0.707717
0 0.804572 0.353677 0.0068299 0.00473533 0.707503
0 0.461204 0.733958 0.00610069 0.00490102 0.707113
0 0.613311 0.426093 0.0066697 0.00450472 0.707099
0 0.372795 0.281764 0.00686993 0.00448469 0.705861
0 0.213046 0.261605 0.00629288 0.00512435 0.705797
0 0.369643 0.472683 0.0060467 0.0044804 0.705396
0 0.603282 0.506201 0.00593773 0.00417082 0.705233
0 0.229872 0.433306 0.00723211 0.00493923 0.70471
0 0.275719 0.467876 0.0057768 0.00490068 0.704333
0 0.668302 0.519054 0.0068487 0.0044995 0.702658
0 0.168317 0.515557 0.00673804 0.00482015 0.70142
0 0.398807 0.623213 0.0069643 0.00441317 0.700734
0 0.49312 0.652762 0.00663853 0.00482746 0.700038
0 0.158791 0.0934497 0.00687876 0.00498046 0.699717
0 0.148245 0.852011 0.00724083 0.00507566 0.699638
0 0.346374 0.629886 0.00709242 0.0051367 0.699604
0 0.524885 0.589385 0.0066126 0.00530536 0.698918
0 0.28015 0.447623 0.00608143 0.0050039 0.698912
0 0.515976 0.601617 0.00681719 0.00411628 0.697635
0 0.669976 0.514273 0.00621447 0.00515277 0.697474
0 0.243859 0.289546 0.00617159 0.00502873 0.697072
0 0.411785 0.187021 0.00671766 0.00482445 0.696613
0 0.493823 0.385672 0.00566179 0.00433042 0.696442
0 0.377202 0.692449 0.00548547 0.00510362 0.695242
0 0.200107 0.451893 0.00717176 0.00404482 0.69418
0 0.256239 0.282851 0.00603339 0.00448397 0.694061
0 0.586117 0.373474 0.00571588 0.0047536 0.692725
0 0.642008 0.387363 0.00609548 0.00410825 0.69267
0 0.163242 0.465643 0.00787542 0.0045325 0.692614
0 0.554438 0.510243 0.00642362 0.0040741 0.69239
0 0.681064 0.391932 0.00560127 0.00460815 0.691576
0 0.304625 0.330365 0.00688096 0.00442133 0.691315
0 0.00370046 0.903403 0.00710302 0.00564319 0.690341
0 0.523141 0.641845 0.00616769 0.00458118 0.690286
0 0.154218 0.570084 0.0062373 0.00433123 0.689411
0 0.183308 0.546247 0.00616747 0.00433739 0.688923
0 0.354245 0.665328 0.00629879 0.00451677 0.687827
0 0.197796 0.174276 0.00669771 0.00472325 0.686804
0 0.509075 0.561969 0.00587755 0.00485311 0.68634
0 0.289855 0.426876 0.00674806 0.00411727 0.686277
0 0.115528 0.0673251 0.00612559 0.00430461 0.685435
0 0.411268 0.433701 0.0064681 0.00430589 0.685053
0 0.662901 0.404647 0.00577811 0.00510165 0.684382
0 0.0499004 0.385319 0.00865585 0.0076594 0.684097
0 0.491586 0.690434 0.00815358 0.00557694 0.683788
0 0.506298 0.488037 0.00595381 0.00497885 0.683541
0 0.630876 0.437641 0.00721634 0.00477446 0.68346
0 0.522805 0.296306 0.00566926 0.00503361 0.682338
0 0.359517 0.310745 0.00576737 0.00445813 0.682206
0 0.163312 0.564739 0.00619071 0.00516333 0.682009
0 0.627504 0.462337 0.00589967 0.00475335 0.681762
0 0.442936 0.651748 0.00690509 0.00474993 0.681378
0 0.638299 0.610058 0.00605285 0.00408384 0.680677
0 0.764812 0.433041 0.00661602 0.00422224 0.680446
0 0.56905 0.505575 0.00624354 0.00412257 0.680275
0 0.586237 0.406223 0.00522144 0.00467569 0.680088
0 0.347887 0.290751 0.00681115 0.00441547 0.679954
0 0.548638 0.537059 0.00608368 0.00472535 0.679769
0 0.27126 0.460011 0.0063048 0.00441684 0.679401
0 0.639882 0.579514 0.0058135 0.00484776 0.679281
0 0.3837 0.639823 0.00629528 0.00513623 0.679242
0 0.530824 0.365466 0.0063427 0.00424169 0.679224
0 0.610772 0.622514 0.00629745 0.00428481 0.678435
0 0.165993 0.132376 0.00589324 0.00461179 0.678212
0 0.532267 0.401489 0.00567086 0.00457486 0.678068
0 0.423325 0.325182 0.00545746 0.00478607 0.677963
0 0.263411 0.638013 0.00686577 0.00528027 0.677946
0 0.43081 0.485377 0.00551411 0.00484823 0.677564
0 0.107049 0.0678331 0.00614243 0.00433746 0.676782
0 0.220978 0.508916 0.00526643 0.00399917 0.676623
0 0.456895 0.58039 0.00548678 0.00447604 0.675969
0 0.252344 0.406027 0.00704828 0.00591002 0.675908
0 0.603516 0.684392 0.00622775 0.00455199 0.675801
0 0.103095 0.54999 0.00652556 0.0043741 0.675248
0 0.391497 0.859359 0.00801096 0.00557463 0.675239
0 0.226805 0.30594 0.00581273 0.00467983 0.674811
0 0.370849 0.462204 0.00549382 0.00457178 0.67371
0 0.157847 0.706901 0.0103593 0.00752942 0.67365
0 0.289357 0.483707 0.00661847 0.00441924 0.67347
0 0.605545 0.447759 0.00675114 0.00496154 0.673407
0 0.473777 0.462984 0.00619712 0.00397083 0.673021
0 0.369046 0.407084 0.00575862 0.00427733 0.672414
0 0.657063 0.281633 0.00674971 0.00479297 0.672298
0 0.372045 0.328648 0.00739602 0.00508 0.671346
0 0.794297 0.117675 0.00606345 0.00466368 0.670659
0 0.448887 0.414718 0.005849 0.00419924 0.670591
0 0.632686 0.501531 0.00578837 0.00403127 0.670393
0 0.731855 0.448879 0.0058661 0.00439274 0.669718
0 0.191104 0.569726 0.00648238 0.00470813 0.66966
0 0.0603607 0.395302 0.0073711 0.00477882 0.669594
0 0.500588 0.252653 0.00678476 0.00438455 0.669023
0 0.338321 0.69598 0.00643305 0.00539204 0.668831
0 0.544473 0.54552 0.00630936 0.00405931 0.668721
0 0.942429 0.142497 0.00596714 0.00523022 0.668481
0 0.0973212 0.661258 0.00725258 0.00511105 0.667749
0 0.323663 0.358208 0.00619749 0.00490895 0.667556
0 0.160766 0.193167 0.00725572 0.00548342 0.667028
0 0.258258 0.467404 0.00641314 0.0045066 0.665943
0 0.163674 0.645667 0.00718646 0.0045637 0.665819
0 0.39643 0.485591 0.00631668 0.0040108 0.665538
0 0.513146 0.457168 0.00650842 0.00532429 0.66501
0 0.682632 0.519875 0.00489512 0.00471804 0.664685
0 0.198198 0.0869746 0.00588275 0.00433392 0.664143
0 0.338899 0.442974 0.0066815 0.00424741 0.663741
0 0.826249 0.564169 0.00657892 0.00424032 0.663293
0 0.436376 0.48493 0.00593474 0.00409748 0.662651
0 0.363538 0.610401 0.00574867 0.00436303 0.662587
0 0.116415 0.54704 0.00871299 0.00640878 0.662171
0 0.213585 0.475723 0.00636722 0.00519342 0.661683
0 0.340964 0.417304 0.00613586 0.004193 0.660817
0 0.569874 0.454211 0.00614854 0.00498864 0.660759
0 0.527262 0.401144 0.00594509 0.00420954 0.660557
0 0.306741 0.272531 0.00598999 0.00493605 0.660302
0 0.497323 0.470984 0.00600766 0.00454126 0.659482
0 0.494738 0.72396 0.00672846 0.00441043 0.65946
0 0.691961 0.458137 0.00635837 0.00475155 0.65925
0 0.589053 0.438661 0.00564196 0.00467154 0.659088
0 0.163539 0.532585 0.00679879 0.00483571 0.658736
0 0.280198 0.737393 0.00648195 0.00486255 0.658625
0 0.349251 0.360613 0.00679502 0.00413885 0.658138
0 0.375318 0.425784 0.00631606 0.00406533 0.657711
0 0.274227 0.442005 0.00656453 0.00520684 0.657284
0 0.748208 0.434789 0.0063415 0.00404063 0.656827
0 0.535119 0.521232 0.00606607 0.00439928 0.65677
0 0.70277 0.395871 0.0060785 0.00484469 0.656398
0 0.496285 0.546407 0.00528578 0.00483896 0.65629
0 0.443149 0.627453 0.00692684 0.00422993 0.655451
0 0.176479 0.307839 0.00660047 0.00439949 0.655238
0 0.262621 0.459877 0.0057642 0.00421741 0.653099
0 0.34768 0.406729 0.00570246 0.00453139 0.653068
0 0.456634 0.120777 0.00666802 0.00484803 0.652428
0 0.672522 0.58652 0.00557574 0.00463713 0.651915
0 0.562963 0.336337 0.00623579 0.00512505 0.651522
0 0.58907 0.467087 0.00584724 0.00393553 0.651372
0 0.28663 0.527237 0.00609796 0.0043885 0.651023
0 0.412057 0.487034 0.00553525 0.00482627 0.650978
0 0.472419 0.499448 0.00594432 0.00407606 0.650771
0 0.205278 0.214049 0.00681481 0.00453064 0.650154
0 0.737455 0.471683 0.0058914 0.0045687 0.649992
0 0.212443 0.376524 0.0065707 0.00415834 0.649533
0 0.232344 0.547487 0.00561533 0.00441791 0.648842
0 0.385378 0.275809 0.00665827 0.00435653 0.648089
0 0.249922 0.484016 0.00583458 0.0037802 0.647988
0 0.884836 0.483963 0.00668446 0.00452203 0.646351
0 0.419659 0.452596 0.00560859 0.00379303 0.645929
0 0.31128 0.54414 0.00525637 0.00483541 0.644208
0 0.341268 0.329119 0.00622145 0.00449555 0.642839
0 0.296979 0.469933 0.00573671 0.0045658 0.642659
0 0.136629 0.512426 0.00617187 0.00479036 0.642631
0 0.064289 0.334601 0.00685347 0.00472811 0.642303
0 0.703428 0.402732 0.00662707 0.00406452 0.642214
0 0.370966 0.424163 0.0056003 0.00486371 0.642174
0 0.46912 0.476741 0.00497448 0.00443757 0.642023
0 0.368708 0.345817 0.00587559 0.00472755 0.641636
0 0.0889033 0.378203 0.00864326 0.00627363 0.641056
0 0.34589 0.477455 0.00522614 0.00444403 0.640674
0 0.239986 0.283486 0.00607793 0.00512729 0.64058
0 0.666459 0.44136 0.00593101 0.00473112 0.639768
0 0.808675 0.339284 0.00661043 0.00503978 0.639519
0 0.648068 0.471667 0.00620832 0.00439534 0.639296
0 0.207159 0.498201 0.00688556 0.00416069 0.638321
0 0.388489 0.530149 0.00607385 0.00450352 0.637765
0 0.497252 0.320254 0.00634162 0.00392012 0.637243
0 0.433094 0.0611656 0.00594908 0.00551388 0.63621
0 0.267755 0.443404 0.0060865 0.00430345 0.636115
0 0.434508 0.559202 0.00491669 0.00432131 0.635825
0 0.25783 0.531214 0.00653857 0.00413872 0.635567
0 0.286299 0.39713 0.00681103 0.00444907 0.634366
0 0.224857 0.446283 0.00750775 0.0064419 0.634061
0 0.45151 0.576745 0.00535747 0.00479763 0.633964
0 0.755571 0.268273 0.00685087 0.00544504 0.633696
0 0.181843 0.221134 0.00637896 0.00444349 0.63369
0 0.872519 0.470243 0.00686808 0.00440735 0.633648
0 0.120384 0.17496 0.00627504 0.0046187 0.633626
0 0.943595 0.166316 0.00583402 0.00459237 0.633159
0 0.527251 0.417185 0.00807174 0.00522774 0.633075
0 0.237279 0.382987 0.00601618 0.00485212 0.631947
0 0.177028 0.690075 0.00680283 0.00481255 0.631153
0 0.488168 0.277926 0.00703363 0.00462303 0.630826
0 0.157821 0.828519 0.00710347 0.00496428 0.630549
0 0.53123 0.655178 0.00740138 0.00459973 0.630519
0 0.0644173 0.144862 0.00591213 0.00479678 0.629139
0 0.280953 0.565678 0.00633227 0.00409927 0.629067
0 0.168604 0.525766 0.0063014 0.00408517 0.628449
0 0.262149 0.514886 0.00699907 0.00409307 0.627991
0 0.14904 0.531032 0.00627759 0.00479028 0.627921
0 0.670572 0.34439 0.00659049 0.00449354 0.627658
0 0.127929 0.14069 0.00651563 0.00400469 0.627147
0 0.462028 0.634891 0.00616261 0.0042089 0.627057
0 0.214474 0.361865 0.00620221 0.00502548 0.626841
0 0.369609 0.458003 0.00625491 0.00370626 0.626698
0 0.551157 0.494061 0.00548536 0.00384325 0.625991
0 0.636463 0.351044 0.00670674 0.0042628 0.625513
0 0.484854 0.669323 0.00996925 0.0068606 0.62532
0 0.608142 0.380672 0.00612437 0.0038577 0.624705
0 0.405237 0.725169 0.00738266 0.00550094 0.624431
0 0.465421 0.443557 0.0060455 0.0039501 0.623383
0 0.259636 0.428722 0.00578178 0.00476882 0.622345
0 0.472113 0.479659 0.0058596 0.00386599 0.621632
0 0.5537 0.60503 0.0054466 0.00460217 0.62156
0 0.517679 0.483872 0.00567302 0.00477015 0.62101
0 0.133259 0.0949428 0.00603302 0.00456414 0.620623
0 0.348832 0.374367 0.00533798 0.00451579 0.619711
0 0.671049 0.696829 0.00655869 0.00485229 0.619332
0 0.269697 0.368375 0.00707478 0.0042366 0.619271
0 0.555458 0.353043 0.00685167 0.00440199 0.619064
0 0.0224985 0.210959 0.00683365 0.00494819 0.618514
0 0.211522 0.386073 0.00612348 0.00474232 0.617824
0 0.804294 0.571417 0.00946586 0.00649353 0.617687
0 0.577507 0.269962 0.00685321 0.00456496 0.616825
0 0.609026 0.656358 0.0059786 0.00455494 0.616731
0 0.187662 0.550038 0.00813516 0.00514969 0.615996
0 0.670403 0.582614 0.00616478 0.00429169 0.615641
0 0.553944 0.562222 0.00546005 0.00403636 0.615473
0 0.564322 0.526308 0.00597711 0.00519855 0.615343
0 0.579896 0.38006 0.00598207 0.00424455 0.614963
0 0.354511 0.336798 0.00626898 0.00408213 0.614538
0 0.265685 0.451382 0.00969108 0.0047854 0.614312
0 0.440209 0.17243 0.00685195 0.00531538 0.613632
0 0.670795 0.476244 0.00546239 0.00483755 0.61343
0 0.220482 0.388068 0.00696039 0.00482943 0.613367
0 0.364961 0.257392 0.00632882 0.00483154 0.613365
0 0.648858 0.40331 0.00638966 0.00399101 0.613225
0 0.431129 0.441803 0.00686514 0.00544615 0.613204
0 0.331049 0.618357 0.00969214 0.00664424 0.612365
0 0.286757 0.382395 0.0065209 0.00425626 0.612344
0 0.302631 0.592894 0.00662773 0.00482421 0.612118
0 0.982394 0.745976 0.00651783 0.00458456 0.611752
0 0.52814 0.430314 0.00626001 0.00451019 0.611627
0 0.20924 0.250412 0.00632801 0.00428853 0.611413
0 0.60518 0.310031 0.00536739 0.00474848 0.611286
0 0.429702 0.354558 0.0061927 0.00400503 0.611273
0 0.306755 0.475148 0.00753357 0.00666108 0.611085
0 0.217309 0.661582 0.00643042 0.00455396 0.610809
0 0.522938 0.576 0.00690888 0.00450865 0.610668
0 0.914479 0.686626 0.00849301 0.00657235 0.609017
0 0.523946 0.652891 0.00605114 0.00560216 0.608902
0 0.486749 0.562589 0.00565484 0.00494094 0.608879
0 0.342128 0.601585 0.0097153 0.00701853 0.608774
0 0.303251 0.26636 0.00791833 0.00542993 0.608523
0 0.505783 0.239446 0.00655481 0.00492111 0.608133
0 0.292416 0.429334 0.00546849 0.0046765 0.606858
0 0.263317 0.451369 0.00625881 0.00546615 0.606148
0 0.74475 0.342091 0.00640858 0.00515339 0.606013
0 0.522146 0.806112 0.00617601 0.00532305 0.605782
0 0.597935 0.211967 0.00703853 0.00466895 0.60578
0 0.62097 0.48672 0.00523141 0.00475596 0.60567
0 0.832102 0.354662 0.00628639 0.00449955 0.605511
0 0.577439 0.463942 0.00555693 0.00497736 0.605483
0 0.349558 0.115655 0.00651441 0.00440654 0.605337
0 0.26458 0.621437 0.00544207 0.00417245 0.604987
0 0.473795 0.623713 0.00623359 0.00401678 0.60492
0 0.616128 0.673486 0.00607103 0.00523783 0.604581
0 0.247794 0.58902 0.0061743 0.00522658 0.603139
0 0.777419 0.106066 0.00650175 0.00426438 0.602448
0 0.59429 0.54207 0.00566242 0.0055065 0.602261
0 0.18143 0.335306 0.00586187 0.00507013 0.602012
0 0.167263 0.52235 0.00651842 0.00434957 0.602006
0 0.199965 0.359547 0.0065313 0.00434324 0.600875
0 0.859145 0.338617 0.00624228 0.00467708 0.600716
0 0.260632 0.655541 0.00763036 0.00567093 0.599501
0 0.291044 0.467722 0.00577147 0.00500232 0.599472
0 0.64635 0.578528 0.00631517 0.00433097 0.599431
0 0.4222 0.499266 0.00546088 0.00480118 0.598949
0 0.284824 0.551651 0.00637287 0.00458854 0.598512
0 0.405176 0.296821 0.00688255 0.00525565 0.598419
0 0.366713 0.248511 0.00631475 0.00493994 0.598392
0 0.20101 0.463253 0.00949457 0.0046394 0.597625
0 0.332116 0.231853 0.00695556 0.00445046 0.597314
0 0.060735 0.46338 0.00688017 0.00481494 0.597252
0 0.423692 0.448082 0.00615871 0.00438449 0.596869
0 0.340121 0.350449 0.00557141 0.00400421 0.596695
0 0.655718 0.514953 0.00540238 0.00465915 0.596547
0 0.385441 0.180501 0.00641869 0.00522 0.595661
0 0.135245 0.518875 0.00627574 0.00493786 0.595083
0 0.18764 0.449961 0.00727441 0.004738 0.594978
0 0.494428 0.394901 0.00595107 0.00509656 0.594829
0 0.661115 0.569137 0.00517802 0.00431012 0.594697
0 0.187816 0.583166 0.0103174 0.00611976 0.594261
0 0.469056 0.071502 0.00665836 0.0042975 0.594103
0 0.395261 0.346449 0.00524167 0.00414569 0.59391
0 0.366683 0.431254 0.00671974 0.00444591 0.593523
0 0.701594 0.724164 0.00667945 0.0055795 0.593023
0 0.235373 0.14186 0.00573309 0.00491642 0.593008
0 0.579093 0.431425 0.00602624 0.00397566 0.592776
0 0.263102 0.256297 0.00831936 0.00534789 0.592183
0 0.544808 0.514298 0.00592098 0.00429973 0.591771
0 0.274975 0.668385 0.00703397 0.00436307 0.590437
0 0.516443 0.403903 0.00580113 0.00389309 0.590019
0 0.327835 0.305738 0.00641465 0.00426402 0.588995
0 0.216732 0.517516 0.00725734 0.00444373 0.588882
0 0.452446 0.644268 0.00780062 0.00486238 0.588728
0 0.483398 0.485008 0.00514861 0.00384846 0.588443
0 0.365335 0.0743922 0.00624907 0.00453993 0.58624
0 0.677417 0.473246 0.00641747 0.00422074 0.585997
0 0.421757 0.344853 0.00592186 0.00455727 0.584712
0 0.232444 0.543083 0.00591132 0.0047972 0.583216
0 0.321812 0.415443 0.00521386 0.00401498 0.583031
0 0.182191 0.452654 0.00711057 0.00445296 0.582084
0 0.418874 0.313622 0.00606738 0.00417984 0.581912
0 0.622361 0.417537 0.00671216 0.0043267 0.581724
0 0.45477 0.469134 0.00665802 0.00464337 0.581338
0 0.602051 0.456236 0.00606345 0.00446728 0.581337
0 0.699384 0.513178 0.00672219 0.00459533 0.580474
0 0.691702 0.288199 0.00621043 0.00479735 0.579313
0 0.49313 0.579061 0.00636378 0.0041318 0.578476
0 0.55757 0.369552 0.0064063 0.00415355 0.578143
0 0.85523 0.560475 0.00670595 0.00469868 0.577545
0 0.22558 0.522174 0.00925775 0.00549145 0.577312
0 0.458197 0.551125 0.0056873 0.0045655 0.576395
0 0.333592 0.406181 0.0069098 0.00494983 0.575952
0 0.311777 0.661182 0.00760352 0.00525796 0.575414
0 0.823849 0.669566 0.00654906 0.00532074 0.574843
0 0.544403 0.357972 0.00611263 0.00519808 0.574842
0 0.45973 0.649326 0.0069961 0.00477874 0.574192
0 0.462841 0.624727 0.00612916 0.00435256 0.573975
0 0.293387 0.334003 0.00645101 0.00396929 0.57358
0 0.844439 0.133112 0.00506957 0.00449493 0.573396
0 0.425367 0.455955 0.00652945 0.00420373 0.573306
0 0.998035 0.0624904 0.00392939 0.00508693 0.572807
0 0.264257 0.63292 0.0058465 0.00481755 0.572716
0 0.416594 0.291118 0.00686289 0.00406741 0.572185
0 0.214607 0.126646 0.00678589 0.00419759 0.571965
0 0.304272 0.491828 0.00588701 0.00478053 0.571535
0 0.19824 0.621968 0.00657302 0.00525373 0.571105
0 0.478458 0.456478 0.00579076 0.00396455 0.571048
0 0.534115 0.661463 0.00687549 0.00499398 0.570911
0 0.651172 0.334353 0.00701768 0.00454678 0.570705
0 0.291974 0.162096 0.00692208 0.00475499 0.570393
0 0.508837 0.483255 0.00605137 0.0037517 0.570344
0 0.415646 0.630122 0.00879473 0.00523992 0.569777
0 0.975724 0.363115 0.00692336 0.00526834 0.569346
0 0.542816 0.353818 0.00624781 0.00425891 0.56906
0 0.398062 0.478881 0.00500634 0.00461076 0.568311
0 0.639519 0.459601 0.00566704 0.00357261 0.568208
0 0.460616 0.643562 0.00607377 0.00475472 0.56751
0 0.468222 0.486791 0.00590611 0.00464692 0.567385
0 0.214584 0.569888 0.00634895 0.00457131 0.567303
0 0.345024 0.504493 0.00557286 0.0039413 0.567228
0 0.535819 0.631258 0.00584251 0.00469415 0.567037
0 0.699844 0.825119 0.0069649 0.00474672 0.566981
0 0.0786404 0.459433 0.00701089 0.00469847 0.566703
0 0.13893 0.0950109 0.00638892 0.00456285 0.56635
0 0.288753 0.442187 0.00577042 0.00469808 0.565075
0 0.842242 0.571059 0.00620644 0.00497629 0.564888
0 0.70865 0.409996 0.00667164 0.00408478 0.564276
0 0.179601 0.399261 0.00688858 0.00423643 0.563719
0 0.351269 0.430111 0.00593836 0.0046974 0.563609
0 0.185574 0.398762 0.00697263 0.00409021 0.563429
0 0.388281 0.406999 0.00599811 0.00452532 0.563328
0 0.270505 0.286386 0.00604866 0.00508167 0.563114
0 0.568944 0.387251 0.00616541 0.00410333 0.56309
0 0.48397 0.462649 0.00569855 0.00484593 0.562186
0 0.0826338 0.103537 0.00676894 0.00476776 0.561907
0 0.387226 0.332505 0.00812169 0.00552994 0.561797
0 0.295099 0.646988 0.00633013 0.0046986 0.561472
0 0.189592 0.57889 0.00683994 0.00417428 0.561146
0 0.281904 0.641922 0.00573622 0.00454597 0.560956
0 0.583837 0.346327 0.00581219 0.00447504 0.560827
0 0.356889 0.429378 0.00576455 0.00505763 0.56073
0 0.205133 0.360184 0.0062298 0.00482259 0.560373
0 0.186472 0.597756 0.00668185 0.00483913 0.560231
0 0.782068 0.699828 0.00661681 0.00522128 0.560107
0 0.502524 0.662251 0.00589032 0.00469971 0.559713
0 0.349085 0.252967 0.00607365 0.00512039 0.55896
0 0.330257 0.71346 0.00620071 0.00423348 0.558729
0 0.477704 0.279257 0.00663662 0.00466391 0.558428
0 0.40077 0.0907856 0.00618099 0.00489324 0.558343
0 0.364068 0.7129 0.00638085 0.00462213 0.558313
0 0.148829 0.554787 0.00959161 0.00551347 0.557806
0 0.236084 0.325979 0.00581592 0.00476602 0.557719
0 0.195976 0.275222 0.00693923 0.00457804 0.557512
0 0.902695 0.137569 0.00660371 0.00489919 0.557241
0 0.513979 0.3788 0.00550884 0.00461952 0.557077
0 0.519446 0.500897 0.00515203 0.00410188 0.556971
0 0.217869 0.525688 0.00731724 0.00431422 0.556835
0 0.521887 0.727071 0.00681041 0.00516756 0.556669
0 0.492755 0.416139 0.00659818 0.00451489 0.556424
0 0.359575 0.0739973 0.00532425 0.0046091 0.556141
0 0.734711 0.38366 0.0054971 0.00445976 0.555007
0 0.764756 0.467458 0.00675986 0.0045119 0.554239
0 0.27152 0.489671 0.00578059 0.00495034 0.553846
0 0.225943 0.494703 0.00652643 0.00458396 0.553585
0 0.205116 0.52226 0.00652018 0.00406495 0.553548
0 0.137271 0.568129 0.00662157 0.00439859 0.553395
0 0.499182 0.531946 0.00626326 0.00465085 0.552968
0 0.609774 0.41733 0.00564327 0.00406405 0.552559
0 0.426966 0.73795 0.0110883 0.00805861 0.552534
0 0.462984 0.430264 0.00573773 0.00362817 0.552495
0 0.656796 0.425584 0.00548359 0.00441466 0.551988
0 0.391506 0.437236 0.00546005 0.00492453 0.55193
0 0.284411 0.365639 0.0067174 0.00433315 0.551718
0 0.553004 0.381843 0.00633597 0.00427853 0.551141
0 0.124808 0.297276 0.00627185 0.00493329 0.551125
0 0.561937 0.465007 0.00623089 0.00440086 0.550371
0 0.16268 0.29571 0.00653834 0.00504098 0.550123
0 0.141145 0.8565 0.00722617 0.00463671 0.549539
0 0.41887 0.642356 0.00560765 0.00469402 0.549161
0 0.169895 0.608356 0.00701579 0.0047227 0.548878
0 0.181197 0.314742 0.00701964 0.00419771 0.548847
0 0.705044 0.612997 0.00576888 0.00491966 0.548636
0 0.268758 0.46415 0.00598891 0.00454353 0.548481
0 0.36748 0.490258 0.0062351 0.00398207 0.547839
0 0.876202 0.250942 0.0112792 0.00845905 0.547754
0 0.644518 0.376674 0.0061605 0.00464641 0.547716
0 0.740272 0.173505 0.00627602 0.00473427 0.547428
0 0.657441 0.706037 0.00708572 0.00472112 0.547407
0 0.48057 0.564551 0.00586308 0.0048096 0.546873
0 0.406575 0.578733 0.00664953 0.00419796 0.546651
0 0.458688 0.564021 0.00515693 0.00427806 0.546546
0 0.473022 0.390462 0.00592582 0.00399113 0.546456
0 0.624668 0.149609 0.00654655 0.00465399 0.5463
0 0.647123 0.660173 0.00643474 0.00403371 0.546059
0 0.619813 0.324375 0.0057976 0.00445031 0.545471
0 0.524466 0.558253 0.00727766 0.00530433 0.545271
0 0.519786 0.551109 0.00589209 0.00432392 0.544705
0 0.515352 0.657804 0.00799561 0.00689727 0.544244
0 0.812754 0.123991 0.00601889 0.00508402 0.543399
0 0.85243 0.519168 0.0068405 0.00596324 0.54279
0 0.306261 0.208271 0.00704418 0.0045287 0.542715
0 0.231176 0.479393 0.00681873 0.0041801 0.542402
0 0.791753 0.488361 0.0067247 0.00398985 0.54239
0 0.404208 0.465084 0.00615526 0.00369686 0.541025
0 0.286559 0.286397 0.00655578 0.00507767 0.540232
0 0.238596 0.19283 0.00705697 0.00468558 0.539953
0 0.0571561 0.424303 0.00671379 0.00469159 0.539913
0 0.524878 0.206971 0.00638487 0.00519002 0.537762
0 0.148971 0.326201 0.00793866 0.00523539 0.537499
0 0.162226 0.352877 0.00656949 0.00522596 0.537319
0 0.413002 0.221125 0.00706737 0.0046928 0.537043
0 0.45215 0.634115 0.00630101 0.0040005 0.536318
0 0.382974 0.709326 0.00678388 0.00472112 0.536081
0 0.623782 0.80542 0.00657385 0.00590306 0.535428
0 0.689557 0.682601 0.00922218 0.00769304 0.535275
0 0.249105 0.277666 0.00676806 0.0041 0.534989
0 0.129963 0.548953 0.00756911 0.00565195 0.534881
0 0.450121 0.472066 0.00551436 0.00481725 0.534362
0 0.258442 0.502025 0.00580888 0.00448608 0.534344
0 0.383805 0.604259 0.00615392 0.00396857 0.533686
0 0.536894 0.611104 0.00630457 0.00393151 0.533622
0 0.731085 0.389683 0.00653293 0.00450703 0.533206
0 0.212969 0.0804331 0.00641976 0.00472211 0.532799
0 0.223246 0.555225 0.0069023 0.0048467 0.532662
0 0.485454 0.368464 0.00568237 0.00471548 0.531659
0 0.272111 0.691575 0.00685238 0.00459841 0.531413
0 0.841892 0.47382 0.00712077 0.00426793 0.531097
0 0.700801 0.280876 0.00673467 0.00510934 0.53007
0 0.502042 0.32545 0.00585915 0.00391405 0.529884
0 0.313669 0.47433 0.00555161 0.00447164 0.52959
0 0.430919 0.221078 0.00649298 0.0052383 0.529539
0 0.213967 0.347102 0.00765503 0.00528798 0.528482
0 0.369828 0.396117 0.00588696 0.00483323 0.52838
0 0.464698 0.456753 0.00606174 0.00473087 0.528243
0 0.241187 0.308861 0.00626431 0.00494968 0.52801
0 0.168629 0.534731 0.00634739 0.00457221 0.526986
0 0.157486 0.171051 0.00669331 0.00441779 0.52472
0 0.86219 0.156313 0.00669329 0.00514142 0.523907
0 0.335705 0.315517 0.00586978 0.00402249 0.523648
0 0.479597 0.469465 0.00481702 0.00436465 0.523637
0 0.371346 0.232547 0.0058084 0.00487837 0.523196
0 0.527305 0.422532 0.00642015 0.00484452 0.523136
0 0.288214 0.62502 0.00676493 0.00440932 0.523066
0 0.174658 0.535561 0.00649608 0.00525873 0.522856
0 0.0658927 0.219833 0.00598182 0.00399374 0.522126
0 0.425221 0.453406 0.00643197 0.0042637 0.52188
0 0.595096 0.676518 0.00597005 0.00530779 0.521581
0 0.417113 0.43755 0.0061146 0.00452682 0.520914
0 0.213392 0.283869 0.00688948 0.00534224 0.519604
0 0.0448988 0.518282 0.00685032 0.00523667 0.519158
0 0.356508 0.649831 0.00631671 0.00447809 0.519055
0 0.294645 0.521949 0.00555842 0.00433965 0.518323
0 0.509206 0.588849 0.00636846 0.00525484 0.5168
0 0.295805 0.50476 0.00590103 0.00382038 0.516598
0 0.144321 0.532937 0.00697992 0.00520812 0.515881
0 0.608786 0.320241 0.00533268 0.00461854 0.51562
0 0.156422 0.527992 0.00712674 0.00445232 0.515139
0 0.559898 0.126306 0.0066175 0.00461177 0.515068
0 0.234528 0.488647 0.00641389 0.00438333 0.515068
0 0.489584 0.746485 0.00659311 0.00563096 0.514472
0 0.410483 0.509489 0.00972146 0.00491235 0.513649
0 0.328125 0.651368 0.00597042 0.00442069 0.512671
0 0.638569 0.0551421 0.00660416 0.00465021 0.510226
0 0.890781 0.492405 0.00666058 0.00434828 0.510006
0 0.338226 0.646898 0.0065606 0.00414458 0.509542
0 0.129729 0.123305 0.00709287 0.00438244 0.509207
0 0.179664 0.583062 0.00618874 0.00501023 0.50886
0 0.22019 0.359848 0.00694074 0.00449064 0.508457
0 0.441603 0.0648486 0.00625556 0.00498772 0.508133
0 0.385474 0.22955 0.00586621 0.00496674 0.507973
0 0.291495 0.399123 0.00625833 0.00443753 0.507495
0 0.950131 0.141897 0.00644938 0.00389756 0.506895
0 0.269285 0.612706 0.00621416 0.00478848 0.505752
0 0.16383 0.45608 0.00870389 0.00526967 0.505632
0 0.377941 0.703245 0.00754727 0.00542952 0.50456
0 0.29992 0.46679 0.0061205 0.00447506 0.504012
0 0.440992 0.124201 0.00715798 0.00473497 0.503407
0 0.924049 0.512704 0.00806553 0.00551261 0.50335
0 0.342889 0.507355 0.00508085 0.00439846 0.503191
0 0.37322 0.494088 0.00593999 0.00460264 0.502529
0 0.225044 0.399501 0.00567844 0.00491948 0.502526
0 0.150323 0.567661 0.00754314 0.00432944 0.502076
0 0.604458 0.702948 0.00694017 0.00468966 0.501276
0 0.402873 0.483017 0.00565518 0.00507143 0.50127
0 0.616282 0.742765 0.00916696 0.00904979 0.50126
0 0.394372 0.470201 0.00601481 0.00394301 0.500813
0 0.17285 0.0814412 0.00641648 0.00407864 0.499975
0 0.389167 0.493374 0.00544609 0.00479498 0.499211
0 0.443346 0.415735 0.00588362 0.00396942 0.49881
0 0.237111 0.647045 0.00564044 0.00415898 0.498115
0 0.340706 0.345659 0.00595737 0.00533846 0.498092
0 0.154658 0.511945 0.00745236 0.00525261 0.497805
0 0.666161 0.658154 0.00751297 0.00629115 0.497789
0 0.308963 0.464394 0.00700918 0.00419698 0.497391
0 0.868044 0.378747 0.00712778 0.00452609 0.497084
0 0.4718 0.496087 0.00546265 0.00391796 0.49673
0 0.349925 0.533471 0.00675798 0.00458204 0.496044
0 0.400479 0.255476 0.00699579 0.00458599 0.495482
0 0.516159 0.335261 0.00550678 0.00472608 0.494753
0 0.196593 0.566129 0.00712038 0.004471 0.49381
0 0.178384 0.323724 0.0063094 0.00469986 0.493487
0 0.675698 0.539486 0.00635199 0.00415343 0.492854
0 0.176371 0.551001 0.00623744 0.00434982 0.492062
0 0.321777 0.336188 0.00651973 0.00419219 0.491634
0 0.282884 0.40136 0.00623858 0.00401375 0.490563
0 0.729425 0.310723 0.00616062 0.00495812 0.490366
0 0.27181 0.49458 0.00797623 0.00488234 0.490049
0 0.672328 0.605818 0.00595911 0.00503587 0.489127
0 0.773408 0.581083 0.00608921 0.00460038 0.488433
0 0.490409 0.368805 0.00660815 0.00463427 0.488224
0 0.124768 0.827438 0.0110136 0.00689885 0.48793
0 0.271158 0.543837 0.00660792 0.00434085 0.487665
0 0.178937 0.418108 0.00596305 0.00504335 0.486913
0 0.207855 0.561584 0.010849 0.0074583 0.486738
0 0.110343 0.362462 0.00699361 0.0045278 0.485402
0 0.0882214 0.51973 0.00716337 0.00450882 0.484874
0 0.240033 0.546556 0.00640191 0.0042469 0.484512
0 0.256988 0.271172 0.00668426 0.00468639 0.484252
0 0.591146 0.478521 0.00535331 0.0051193 0.484162
0 0.152242 0.365061 0.00529642 0.00444403 0.48413
0 0.370507 0.485599 0.00575634 0.00478622 0.483794
0 0.295634 0.389146 0.00631412 0.00410538 0.483602
0 0.384759 0.396137 0.00584444 0.00431465 0.483491
0 0.0522188 0.143298 0.00633928 0.00424766 0.483308
0 0.0973115 0.146212 0.00578006 0.00478566 0.482701
0 0.229379 0.338995 0.00547158 0.00439543 0.482557
0 0.284098 0.466212 0.00670905 0.00459208 0.482492
0 0.258821 0.615942 0.0069502 0.00462273 0.481244
0 0.108787 0.158582 0.00656799 0.00431 0.480427
0 0.678807 0.462333 0.00648489 0.0043603 0.480247
0 0.19269 0.374039 0.00936541 0.00506981 0.479994
0 0.500309 0.245897 0.00550473 0.00483947 0.47896
0 0.549414 0.526363 0.00623391 0.00404366 0.478517
0 0.574142 0.712468 0.00632019 0.0048596 0.477938
0 0.505716 0.667925 0.00608363 0.00502326 0.477876
0 0.890634 0.190211 0.00627397 0.00489151 0.477303
0 0.301802 0.290802 0.00793175 0.00434961 0.476892
0 0.262851 0.669704 0.00598438 0.00440654 0.476463
0 0.360245 0.396198 0.00673538 0.00466851 0.47512
0 0.354667 0.390525 0.00764894 0.00560151 0.474908
0 0.336809 0.347627 0.00483386 0.00428746 0.474806
0 0.299844 0.328875 0.00658108 0.00490198 0.474072
0 0.756062 0.464023 0.00671518 0.00429323 0.473909
0 0.178717 0.523857 0.00579575 0.00489085 0.473773
0 0.361829 0.541149 0.00551736 0.00445232 0.473671
0 0.438085 0.464372 0.00615768 0.00559416 0.47348
0 0.813202 0.503103 0.00645548 0.00509879 0.473139
0 0.482285 0.163204 0.0083103 0.00702846 0.471958
0 0.418927 0.230433 0.00578107 0.00444144 0.471882
0 0.755433 0.758967 0.00725236 0.00604633 0.471287
0 0.453587 0.465252 0.00733753 0.00439697 0.469934
0 0.677532 0.646774 0.00668161 0.0053363 0.46969
0 0.12131 0.19087 0.00616548 0.00490072 0.468907
0 0.55786 0.384156 0.00586912 0.00467958 0.467192
0 0.418938 0.348411 0.00637817 0.0045144 0.466786
0 0.298977 0.488763 0.00721201 0.00463436 0.46669
0 0.129424 0.597436 0.0078772 0.00504083 0.466403
0 0.181296 0.340172 0.0062881 0.0045185 0.466208
0 0.515935 0.759513 0.00750903 0.00475502 0.466033
0 0.593113 0.477927 0.00916684 0.00549628 0.465874
0 0.653595 0.474589 0.00527524 0.00496235 0.46446
0 0.63581 0.398522 0.00649264 0.00418172 0.464162
0 0.341167 0.394389 0.00648437 0.00430657 0.463718
0 0.212323 0.52235 0.00557135 0.00428494 0.463617
0 0.120363 0.0708403 0.0061524 0.0054269 0.463157
0 0.258365 0.42372 0.00739218 0.00430982 0.462668
0 0.238486 0.327253 0.00525703 0.00426231 0.462572
0 0.460142 0.657709 0.00711384 0.00484614 0.461817
0 0.399152 0.297633 0.00684286 0.00432781 0.461627
0 0.730243 0.553979 0.00637689 0.00417381 0.461341
0 0.137338 0.143654 0.00587535 0.00452021 0.461064
0 0.468146 0.638102 0.0084722 0.00668506 0.461035
0 0.181024 0.36411 0.00609009 0.00520406 0.460908
0 0.495829 0.781608 0.00766729 0.00626277 0.46088
0 0.430859 0.692826 0.00600638 0.00463867 0.460069
0 0.81417 0.339167 0.00679046 0.00605438 0.459799
0 0.0842989 0.219983 0.00667215 0.00449538 0.45937
0 0.33757 0.486991 0.00599874 0.00438201 0.458789
0 0.381928 0.529825 0.00655524 0.00424032 0.458264
0 0.31312 0.434542 0.00565592 0.00521556 0.458254
0 0.655252 0.518547 0.00623225 0.00359667 0.457201
0 0.647076 0.596677 0.00585071 0.00495812 0.457037
0 0.287073 0.18726 0.00709219 0.00500424 0.456802
0 0.371551 0.394382 0.00586835 0.00444458 0.4564
0 0.226892 0.202111 0.00592669 0.00509282 0.455372
0 0.472437 0.555873 0.00614193 0.00444099 0.454622
0 0.471601 0.604733 0.00633575 0.00547534 0.453975
0 0.517968 0.752659 0.00645588 0.0055948 0.453161
0 0.178003 0.51512 0.00709468 0.00496642 0.453128
0 0.591987 0.67009 0.00585265 0.00510896 0.452415
0 0.198079 0.368807 0.00668513 0.00431986 0.452262
0 0.380269 0.524873 0.00528949 0.00419074 0.452249
0 0.725718 0.496653 0.00559535 0.00469488 0.45106
0 0.760953 0.842172 0.00682551 0.0052374 0.45055
0 0.753216 0.282135 0.00691994 0.00457422 0.450519
0 0.61237 0.690314 0.00647805 0.00469988 0.450208
0 0.203686 0.827172 0.00755093 0.00597854 0.449941
0 0.178483 0.466312 0.00753793 0.00430559 0.449777
0 0.131848 0.276278 0.00757003 0.0055555 0.449103
0 0.501467 0.18368 0.00701232 0.00470043 0.448483
0 0.440525 0.549161 0.00680066 0.00442941 0.448091
0 0.192335 0.650181 0.00654376 0.00454007 0.447905
0 0.0792146 0.203459 0.00685055 0.00501288 0.447631
0 0.557104 0.656637 0.00740708 0.00526834 0.447248
0 0.264 0.412109 0.00697567 0.00458828 0.446754
0 0.420291 0.570877 0.00542714 0.00504369 0.446334
0 0.69408 0.545639 0.00559922 0.00458041 0.446
0 0.396027 0.369877 0.00595514 0.00460298 0.445472
0 0.383926 0.76017 0.00740819 0.00513567 0.445318
0 0.26258 0.298953 0.00678302 0.00419339 0.44528
0 0.421363 0.261414 0.00644722 0.00560534 0.445089
0 0.724238 0.384265 0.00658427 0.00504527 0.444903
0 0.41871 0.637062 0.00640014 0.00407158 0.444417
0 0.132666 0.705407 0.00830397 0.00661872 0.444207
0 0.380576 0.272754 0.00592614 0.00481671 0.443357
0 0.446312 0.221061 0.00697619 0.00549389 0.443246
0 0.162176 0.343991 0.00599291 0.0040137 0.44304
0 0.204005 0.571245 0.00822251 0.00573324 0.443019
0 0.407641 0.508715 0.00638077 0.00478887 0.443012
0 0.950014 0.589276 0.0075952 0.00513251 0.442866
0 0.691741 0.575988 0.00715257 0.00445104 0.441137
0 0.784343 0.462293 0.00605895 0.00505818 0.440747
0 0.314345 0.642105 0.0106186 0.00624623 0.44039
0 0.657116 0.500523 0.0103065 0.00577894 0.438722
0 0.594812 0.522101 0.00607491 0.00510815 0.438629
0 0.412484 0.510044 0.00605091 0.00431272 0.437351
0 0.485986 0.395057 0.00706902 0.00537648 0.436408
0 0.20229 0.37417 0.00846383 0.00545115 0.436348
0 0.192794 0.32087 0.0059704 0.00454654 0.43611
0 0.232007 0.410603 0.00890032 0.0055801 0.435215
0 0.21543 0.299993 0.00652092 0.00439413 0.434753
0 0.42232 0.566709 0.00652475 0.00406717 0.434373
0 0.0398271 0.420061 0.00788991 0.00477844 0.434099
0 0.567971 0.465261 0.00599182 0.00464795 0.433973
0 0.672634 0.462778 0.00590366 0.00458289 0.433534
0 0.415642 0.735699 0.00765763 0.00497077 0.433241
0 0.667764 0.579653 0.0089936 0.00575209 0.432872
0 0.865568 0.166488 0.00646722 0.00470445 0.432841
0 0.1707 0.450134 0.0056911 0.00429793 0.431865
0 0.475979 0.449957 0.00573126 0.00383393 0.431761
0 0.499815 0.613495 0.00564966 0.00435021 0.431562
0 0.4353 0.435917 0.00579937 0.00390407 0.431561
0 0.41301 0.638126 0.00692835 0.00476788 0.431515
0 0.409765 0.293171 0.0065364 0.0039853 0.43148
0 0.180174 0.211521 0.00556849 0.00459196 0.430593
0 0.672209 0.479868 0.00683964 0.0040108 0.430373
0 0.692162 0.406016 0.00593688 0.00507622 0.430149
0 0.280486 0.404599 0.0057462 0.00461854 0.430086
0 0.741747 0.499093 0.00613315 0.00465295 0.429708
0 0.372387 0.378023 0.00631797 0.00407811 0.4292
0 0.160522 0.25841 0.00758675 0.00511219 0.427889
0 0.11611 0.859109 0.00632336 0.00540469 0.42769
0 0.233893 0.259716 0.00636605 0.00485603 0.427595
0 0.544582 0.530734 0.00670384 0.00511054 0.427503
0 0.837583 0.47837 0.00600202 0.00509139 0.427289
0 0.272247 0.67293 0.00654666 0.00459469 0.427005
0 0.337338 0.461806 0.00610594 0.00499775 0.426628
0 0.499021 0.334837 0.00567353 0.00495806 0.426496
0 0.973354 0.223624 0.00618467 0.00522861 0.425968
0 0.502121 0.635627 0.00638316 0.00464453 0.424568
0 0.262621 0.50186 0.00610508 0.00444693 0.42452
0 0.426391 0.519211 0.00594922 0.00453348 0.423863
0 0.267656 0.451975 0.00674273 0.00388518 0.423632
0 0.557118 0.4686 0.00594497 0.00417505 0.42357
0 0.524168 0.622307 0.00646443 0.00435636 0.423457
0 0.267532 0.424384 0.00657242 0.00476651 0.423305
0 0.862802 0.458037 0.00658855 0.00466568 0.42191
0 0.393712 0.622513 0.00560982 0.00528394 0.421807
0 0.0700566 0.425068 0.00742446 0.00568845 0.421652
0 0.278171 0.495148 0.00621097 0.00467342 0.421498
0 0.170951 0.317354 0.00703463 0.00541978 0.420828
0 0.370451 0.228268 0.00604758 0.00479305 0.420131
0 0.37383 0.714949 0.00645143 0.00544645 0.420065
0 0.341731 0.262199 0.00588773 0.00511129 0.419387
0 0.224001 0.338485 0.00707234 0.00458234 0.419125
0 0.331683 0.271935 0.00677533 0.00429932 0.418911
0 0.156963 0.560514 0.00703902 0.00619562 0.418496
0 0.962973 0.200642 0.00796637 0.0070265 0.41776
0 0.192046 0.265098 0.00575094 0.00452135 0.417215
0 0.896654 0.45335 0.00736554 0.00539204 0.416584
0 0.577786 0.574268 0.0052986 0.00487948 0.415838
0 0.203448 0.462931 0.00582762 0.00457247 0.414957
0 0.223979 0.311461 0.00790589 0.00446467 0.414639
0 0.835349 0.36088 0.00731077 0.00464141 0.414415
0 0.473352 0.456925 0.00530963 0.00392224 0.414371
0 0.135127 0.187231 0.00720899 0.00427191 0.413336
0 0.356231 0.457369 0.00632586 0.00383872 0.412886
0 0.467956 0.491571 0.00551525 0.00417116 0.412401
0 0.348578 0.421326 0.00699955 0.00428639 0.41219
0 0.381421 0.714309 0.00869124 0.0069781 0.412058
0 0.443892 0.485641 0.00527738 0.00391689 0.411562
0 0.292711 0.540654 0.00607374 0.00409136 0.411199
0 0.467951 0.514352 0.00615632 0.00498505 0.410506
0 0.399571 0.519841 0.00523956 0.00447266 0.410156
0 0.181182 0.423545 0.00668959 0.00397327 0.409171
0 0.618518 0.803767 0.00708532 0.00493897 0.409077
0 0.359617 0.550654 0.00584581 0.00460944 0.408667
0 0.538915 0.724413 0.00641798 0.00542315 0.408531
0 0.267798 0.345116 0.00609001 0.00435534 0.407892
0 0.227029 0.393612 0.00517706 0.00445069 0.407354
0 0.38739 0.399831 0.00675886 0.00386483 0.407076
0 0.142587 0.280014 0.00629181 0.00510383 0.406473
0 0.829163 0.400365 0.0075002 0.00494051 0.405429
0 0.187735 0.369702 0.00629403 0.00503523 0.405378
0 0.191083 0.376166 0.00685667 0.00488623 0.404091
0 0.919494 0.768102 0.011511 0.0088136 0.402876
0 0.234973 0.518821 0.0061994 0.00468838 0.402638
0 0.433897 0.631385 0.00747421 0.00671451 0.402287
0 0.471342 0.546243 0.00745538 0.00658727 0.402234
0 0.592163 0.4856 0.00557472 0.00419194 0.401475
0 0.704284 0.315029 0.00696251 0.0053303 0.401433
0 0.17676 0.547113 0.00650556 0.0051099 0.401422
0 0.357258 0.389237 0.00571924 0.00444633 0.401252
0 0.158295 0.282515 0.00711094 0.00441449 0.400301
0 0.357737 0.480659 0.00534665 0.00427896 0.400239
0 0.33238 0.22608 0.00688797 0.00486755 0.399825
0 0.206093 0.619161 0.00614562 0.0046188 0.399602
0 0.135436 0.446995 0.00857241 0.00580223 0.398904
0 0.299675 0.463513 0.00713761 0.00326568 0.398428
0 0.258664 0.434454 0.0089302 0.00735401 0.398142
0 0.474751 0.451311 0.00772331 0.00594687 0.397642
0 0.230158 0.413541 0.0074572 0.00527005 0.397022
0 0.617551 0.374396 0.00572089 0.00489858 0.396411
0 0.54437 0.620835 0.00603878 0.00410414 0.396249
0 0.117234 0.81552 0.00763151 0.00532921 0.396162
0 0.24354 0.304179 0.00663867 0.00485732 0.395588
0 0.0540768 0.147713 0.00767085 0.00484008 0.395285
0 0.541657 0.530932 0.00565678 0.00482874 0.395189
0 0.161702 0.378293 0.0068295 0.00470351 0.394327
0 0.576678 0.454439 0.00544621 0.00515632 0.394243
0 0.546957 0.704688 0.00699243 0.00759272 0.39409
0 0.348853 0.512959 0.0056796 0.00487191 0.39381
0 0.421558 0.623544 0.00579087 0.0051664 0.393639
0 0.460167 0.564581 0.00439257 0.00353461 0.393434
0 0.677883 0.771323 0.00659824 0.00458601 0.393301
0 0.244196 0.521311 0.00561757 0.00475578 0.393264
0 0.840858 0.334492 0.00720038 0.00453295 0.392516
0 0.47396 0.452994 0.00840897 0.00454968 0.392347
0 0.394929 0.49339 0.00643314 0.00462799 0.391782
0 0.561169 0.349878 0.00683092 0.00456276 0.391712
0 0.377247 0.572427 0.00547322 0.00519756 0.390972
0 0.450892 0.275069 0.00720027 0.00425878 0.390818
0 0.226161 0.506662 0.00578844 0.00463752 0.390802
0 0.382573 0.284676 0.00578894 0.00728977 0.390677
0 0.308325 0.466976 0.00685699 0.00468616 0.390516
0 0.215458 0.21663 0.0063968 0.00534848 0.390427
0 0.935199 0.17031 0.00604596 0.005055 0.390181
0 0.0911145 0.343802 0.00687933 0.00486967 0.390168
0 0.346242 0.512281 0.00938719 0.00568024 0.389939
0 0.155129 0.36081 0.00600927 0.00504726 0.389911
0 0.2189 0.49546 0.00534912 0.00408269 0.389069
0 0.268292 0.439678 0.00669834 0.00320469 0.38787
0 0.528669 0.652109 0.00653532 0.00435081 0.387808
0 0.611032 0.313069 0.00633204 0.0050513 0.38708
0 0.173697 0.41336 0.00857258 0.00484939 0.386767
0 0.447914 0.879719 0.00726287 0.00546427 0.385732
0 0.196927 0.318009 0.00717174 0.00416824 0.38569
0 0.355296 0.739617 0.00878291 0.00678302 0.385562
0 0.443184 0.34399 0.00665676 0.00411727 0.385546
0 0.334378 0.628934 0.00835996 0.00682863 0.385414
0 0.988482 0.365611 0.00678556 0.00530001 0.385108
0 0.504376 0.750081 0.00679342 0.00571132 0.384858
0 0.881593 0.178416 0.00606043 0.00431377 0.384725
0 0.532426 0.638562 0.00817096 0.00537233 0.38448
0 0.36995 0.624136 0.00749034 0.00553428 0.384056
0 0.473833 0.396977 0.00537574 0.00401986 0.383739
0 0.281277 0.302195 0.00643391 0.0052668 0.383175
0 0.14329 0.583486 0.00845515 0.00649212 0.382331
0 0.530442 0.475112 0.00589266 0.00359069 0.382307
0 0.729451 0.705835 0.00627625 0.00530942 0.382169
0 0.48095 0.516806 0.00680271 0.0049942 0.381905
0 0.294831 0.540872 0.00702144 0.004302 0.381224
0 0.325916 0.0713273 0.00610477 0.00405642 0.381221
0 0.158415 0.478558 0.00601185 0.0050148 0.381128
0 0.376475 0.481188 0.00585011 0.00413107 0.381102
0 0.602863 0.533012 0.00626388 0.00426396 0.380703
0 0.276435 0.288174 0.00574785 0.00488984 0.380563
0 0.76271 0.414534 0.00685617 0.00412911 0.380308
0 0.105937 0.531098 0.00725347 0.00483315 0.379838
0 0.644135 0.657157 0.00582062 0.00518718 0.378941
0 0.184936 0.456012 0.00879647 0.00488217 0.378756
0 0.112508 0.774346 0.00657916 0.00537297 0.378613
0 0.615593 0.527714 0.00665562 0.00527531 0.378525
0 0.731467 0.681518 0.00708766 0.00475715 0.377942
0 0.414848 0.14257 0.00621088 0.00473814 0.377099
0 0.250228 0.144234 0.00713148 0.00465055 0.376774
0 0.522259 0.37881 0.00716186 0.00569495 0.375549
0 0.0331459 0.34883 0.00685056 0.00511785 0.375463
0 0.809685 0.390258 0.00645708 0.00501869 0.375362
0 0.530859 0.653095 0.0074439 0.00391249 0.3745
0 0.36721 0.327252 0.00605958 0.00483118 0.373981
0 0.340091 0.365276 0.00663032 0.00507494 0.373104
0 0.604196 0.699797 0.00791964 0.00467197 0.373045
0 0.444025 0.133406 0.00677165 0.00448713 0.372462
0 0.0771777 0.213558 0.00626308 0.00479021 0.372407
0 0.19202 0.513076 0.00592117 0.00479258 0.371809
0 0.319632 0.567356 0.00607787 0.00382085 0.371759
0 0.392554 0.160285 0.00671951 0.00489243 0.371048
0 0.222488 0.371219 0.00654829 0.00487734 0.370916
0 0.982615 0.596159 0.00659624 0.00538879 0.370829
0 0.323243 0.38647 0.00637578 0.0043941 0.370034
0 0.896948 0.476207 0.00692655 0.00452818 0.37001
0 0.41466 0.469842 0.0065323 0.00410966 0.36963
0 0.308923 0.538957 0.00883938 0.00681256 0.369452
0 0.096326 0.507589 0.010004 0.00584031 0.369133
0 0.290541 0.646614 0.00566681 0.0050987 0.369092
0 0.309811 0.225554 0.00867645 0.00532386 0.368753
0 0.320542 0.369516 0.00702121 0.0051511 0.367947
0 0.122517 0.434875 0.00985842 0.00589485 0.36763
0 0.161766 0.445156 0.00716825 0.00529724 0.367626
0 0.14558 0.304294 0.00636205 0.00432969 0.367563
0 0.404384 0.272008 0.00662251 0.00452919 0.367313
0 0.368173 0.286494 0.00638547 0.00470426 0.366655
0 0.33619 0.335969 0.00624396 0.00472309 0.366616
0 0.668145 0.675089 0.00745928 0.00567798 0.366433
0 0.39516 0.475532 0.00715334 0.0040744 0.366261
0 0.158797 0.472355 0.00579266 0.00412214 0.365754
0 0.09708 0.484202 0.0063758 0.00475407 0.365146
0 0.449624 0.461923 0.00521013 0.0040947 0.364909
0 0.271256 0.304748 0.00588548 0.00448555 0.364714
0 0.112872 0.102456 0.00807704 0.00540117 0.364597
0 0.467038 0.630116 0.00622319 0.00530502 0.364558
0 0.203117 0.635461 0.00718289 0.00474728 0.362792
0 0.37473 0.675121 0.00696342 0.0048932 0.361732
0 0.396496 0.478112 0.00688441 0.00548577 0.361265
0 0.414068 0.308736 0.00585955 0.00524302 0.361209
0 0.119811 0.501969 0.00768334 0.00541183 0.360854
0 0.480447 0.250792 0.00613056 0.00461775 0.36065
0 0.22153 0.419471 0.00546346 0.00440231 0.360384
0 0.333472 0.558411 0.00628816 0.00477959 0.360264
0 0.220694 0.507206 0.00633922 0.00632804 0.360178
0 0.307655 0.288748 0.00809397 0.00516713 0.360079
0 0.901385 0.544004 0.00769693 0.00510691 0.359322
0 0.327084 0.534649 0.00640593 0.00648127 0.358471
0 0.65894 0.493504 0.00689937 0.00450369 0.35833
0 0.49863 0.641939 0.00666799 0.00511007 0.357974
0 0.201434 0.316976 0.00630065 0.00511672 0.357758
0 0.568857 0.731445 0.00663442 0.00461858 0.357695
0 0.873683 0.781429 0.00892641 0.00670934 0.357675
0 0.437271 0.458444 0.00654971 0.00573568 0.357448
0 0.244039 0.403625 0.00684286 0.00414586 0.356617
0 0.284955 0.492883 0.00705876 0.00357859 0.356603
0 0.298429 0.575487 0.0066921 0.00396049 0.355895
0 0.229875 0.314915 0.00617202 0.00478444 0.355554
0 0.250756 0.42822 0.00991357 0.00600871 0.355217
0 0.108412 0.141778 0.00618319 0.00414185 0.354668
0 0.222685 0.482865 0.00615065 0.00493188 0.354656
0 0.466398 0.434581 0.00593209 0.00397677 0.354273
0 0.331851 0.69428 0.00734023 0.00557189 0.353623
0 0.651728 0.474933 0.00770126 0.00518068 0.352356
0 0.343199 0.460128 0.00669372 0.00644998 0.352176
0 0.161023 0.588633 0.00672096 0.00525197 0.351994
0 0.691517 0.479987 0.00634549 0.00352952 0.35114
0 0.12314 0.33704 0.00869675 0.00648296 0.351018
0 0.328933 0.312061 0.00720853 0.0048212 0.350899
0 0.142723 0.222443 0.00775208 0.00628408 0.350501
0 0.436847 0.607708 0.00828898 0.0058248 0.349673
0 0.555636 0.331224 0.00620131 0.00467421 0.349558
0 0.515017 0.683322 0.00709803 0.00599735 0.349308
0 0.0536527 0.518446 0.00705653 0.00459016 0.349206
0 0.416995 0.616522 0.00805983 0.00485409 0.348962
0 0.305537 0.323115 0.00698576 0.00447277 0.348486
0 0.223703 0.395994 0.00641443 0.00383855 0.348485
0 0.142591 0.558138 0.00781039 0.00588079 0.34819
0 0.507947 0.635189 0.0063154 0.00505113 0.346898
0 0.224918 0.397566 0.00639846 0.00279223 0.346303
0 0.656399 0.711331 0.00735431 0.00529416 0.346298
0 0.330727 0.487272 0.00732801 0.00484952 0.346185
0 0.88022 0.737856 0.00740754 0.00567687 0.346153
0 0.295456 0.478866 0.00636276 0.00469043 0.34602
0 0.177057 0.469025 0.00584034 0.00433593 0.345913
0 0.928637 0.27449 0.006655 0.00503175 0.345707
0 0.209728 0.453895 0.00632352 0.00391095 0.345559
0 0.203983 0.372442 0.00645398 0.0051355 0.345534
0 0.58692 0.620648 0.00713382 0.00412774 0.345332
0 0.318322 0.536024 0.00795984 0.00489854 0.345212
0 0.339885 0.613759 0.00858367 0.00686158 0.344914
0 0.865723 0.869035 0.00782031 0.00603111 0.344465
0 0.218666 0.2194 0.00619545 0.00487544 0.344227
0 0.280169 0.654773 0.00803196 0.00510456 0.342739
0 0.0567248 0.138861 0.00668998 0.00429319 0.342628
0 0.231038 0.603066 0.00742455 0.00583518 0.342604
0 0.535502 0.0645891 0.00634401 0.00461628 0.341821
0 0.426615 0.196827 0.00720252 0.00481105 0.341005
0 0.635134 0.275064 0.00692239 0.00481364 0.340913
0 0.181491 0.591606 0.00776528 0.00470377 0.340671
0 0.421724 0.281997 0.00640413 0.00434685 0.340667
0 0.699507 0.386592 0.0063166 0.00423805 0.340278
0 0.532468 0.63509 0.00778697 0.0048617 0.340141
0 0.130499 0.551802 0.00701728 0.00597683 0.339958
0 0.556171 0.349558 0.00633421 0.00444533 0.339946
0 0.18704 0.387399 0.00927326 0.00743714 0.339518
0 0.547282 0.404041 0.00716835 0.00457832 0.339232
0 0.747845 0.153163 0.00588189 0.00508698 0.33911
0 0.129892 0.213656 0.00700146 0.00513657 0.338898
0 0.360547 0.615939 0.0123618 0.00574897 0.338854
0 0.366619 0.509409 0.00572069 0.00477356 0.338708
0 0.527706 0.312682 0.00574272 0.00484629 0.338145
0 0.525741 0.337495 0.00735556 0.00471076 0.338068
0 0.541432 0.705013 0.00868734 0.00788362 0.337374
0 0.156919 0.658625 0.00691753 0.00512742 0.337146
0 0.300143 0.241776 0.00571277 0.00509052 0.337061
0 0.0744632 0.410325 0.00674005 0.00425686 0.337055
0 0.460159 0.515038 0.00669136 0.0041044 0.336999
0 0.137648 0.149341 0.00645363 0.00525665 0.335315
0 0.189692 0.328274 0.00840624 0.00444121 0.334222
0 0.413889 0.572596 0.00647847 0.00405931 0.334218
0 0.50354 0.37392 0.00664565 0.00393207 0.333972
0 0.400839 0.291477 0.00744478 0.00500943 0.33386
0 0.261231 0.644854 0.00588513 0.00495278 0.333566
0 0.116603 0.504916 0.0068691 0.0044642 0.333556
0 0.387547 0.838331 0.00768134 0.00598102 0.332473
0 0.711278 0.297387 0.00747684 0.00466214 0.332451
0 0.196229 0.687213 0.00882532 0.00790294 0.332249
0 0.24375 0.539292 0.00593437 0.00511464 0.331328
0 0.333499 0.440369 0.00641761 0.00417035 0.330332
0 0.406728 0.638109 0.00585895 0.00482729 0.329705
0 0.246064 0.393429 0.00634905 0.00482926 0.328486
0 0.279042 0.317716 0.00668953 0.00417916 0.327893
0 0.854732 0.330409 0.00684329 0.00446734 0.327637
0 0.536435 0.525497 0.0101747 0.00582172 0.326884
0 0.117532 0.532964 0.00768805 0.00480913 0.326553
0 0.138691 0.221653 0.00629498 0.00490995 0.326383
0 0.182444 0.381368 0.00610047 0.00504066 0.325731
0 0.325522 0.560915 0.00564316 0.00462487 0.325638
0 0.440414 0.558688 0.00525407 0.00518816 0.325634
0 0.903324 0.12053 0.0064577 0.00434446 0.325423
0 0.188418 0.618476 0.00705026 0.00566383 0.325036
0 0.313695 0.45955 0.00712271 0.00530745 0.325031
0 0.193329 0.27036 0.00722933 0.00462711 0.323855
0 0.27925 0.673352 0.00664038 0.00408256 0.323798
0 0.173485 0.540547 0.0102538 0.00729178 0.323057
0 0.226622 0.544195 0.00602873 0.00513294 0.323
0 0.0732329 0.261834 0.00670321 0.00476309 0.322393
0 0.765293 0.57728 0.00588793 0.00504109 0.322067
0 0.171496 0.438718 0.00827437 0.00584006 0.321644
0 0.475974 0.456623 0.00977449 0.00387005 0.32147
0 0.275918 0.368009 0.00543093 0.00415283 0.320917
0 0.479689 0.488456 0.00639083 0.00499578 0.320738
0 0.210336 0.592667 0.00658011 0.00475621 0.319979
0 0.263808 0.309943 0.00679103 0.00462523 0.319009
0 0.34687 0.466998 0.00581814 0.00429452 0.318444
0 0.537665 0.266054 0.00555568 0.0047557 0.317943
0 0.388409 0.287062 0.0072935 0.00471396 0.317836
0 0.439324 0.233404 0.00728624 0.00530478 0.317456
0 0.368611 0.605782 0.00616606 0.00508028 0.317033
0 0.504769 0.643286 0.00668093 0.0041009 0.317032
0 0.50558 0.468579 0.0057805 0.00385073 0.316695
0 0.55063 0.0811216 0.0113915 0.00700705 0.315449
0 0.416841 0.464011 0.00636678 0.00397904 0.315443
0 0.539238 0.525678 0.00672276 0.00596939 0.315374
0 0.351397 0.549734 0.00724079 0.00494863 0.315153
0 0.116766 0.516226 0.0094183 0.00681499 0.315101
0 0.140734 0.446669 0.0068339 0.0054974 0.3149
0 0.33526 0.604449 0.00631443 0.0050307 0.314888
0 0.197135 0.692689 0.00889847 0.00530164 0.314563
0 0.134343 0.257146 0.00862976 0.00493588 0.314486
0 0.84847 0.391577 0.00617236 0.00502715 0.313983
0 0.232333 0.342262 0.00681663 0.00476487 0.313694
0 0.745211 0.380772 0.00724825 0.00527322 0.313513
0 0.371503 0.61608 0.00567507 0.00392262 0.312801
0 0.646005 0.412068 0.00628639 0.00485524 0.312801
0 0.963009 0.242949 0.0056182 0.00505115 0.312517
0 0.359165 0.386504 0.00674094 0.00413376 0.312247
0 0.230982 0.447294 0.00590299 0.00451468 0.311117
0 0.454418 0.604958 0.0107665 0.0077333 0.311098
0 0.24164 0.388741 0.00700374 0.00523718 0.311035
0 0.433986 0.555653 0.00567302 0.0038297 0.310263
0 0.116394 0.498252 0.0114142 0.00636988 0.309538
0 0.24095 0.337993 0.00939601 0.00588966 0.309487
0 0.147312 0.274073 0.00644425 0.00504675 0.309459
0 0.802996 0.387777 0.00622006 0.00503459 0.309264
0 0.188527 0.458488 0.00810745 0.00645374 0.309246
0 0.530903 0.421845 0.00589938 0.00521299 0.308286
0 0.132795 0.145762 0.00531366 0.00483931 0.308086
0 0.696117 0.560885 0.00846092 0.00561532 0.307949
0 0.221591 0.210972 0.00853183 0.00568535 0.307887
0 0.120066 0.148376 0.00699014 0.00602933 0.307734
0 0.43023 0.569478 0.00600299 0.00383872 0.307656
0 0.238885 0.375468 0.00702138 0.00446676 0.307345
0 0.492968 0.309882 0.0067957 0.00533951 0.307249
0 0.33986 0.346671 0.00933297 0.00496656 0.307222
0 0.366037 0.518024 0.00584692 0.00506656 0.306527
0 0.294839 0.526115 0.0064646 0.00431751 0.306478
0 0.747362 0.00836852 0.00748447 0.00597337 0.306397
0 0.258786 0.535817 0.00619433 0.0045325 0.305423
0 0.572425 0.090707 0.00681041 0.00564987 0.305336
0 0.277064 0.511187 0.00560441 0.00250667 0.305082
0 0.188809 0.488644 0.00681759 0.00495569 0.305059
0 0.878586 0.112644 0.0068976 0.00552129 0.304862
0 0.332998 0.489047 0.00560375 0.00387167 0.304828
0 0.424297 0.349146 0.00563307 0.00460183 0.303631
0 0.112822 0.072746 0.00611607 0.00492587 0.303158
0 0.245887 0.540006 0.0089398 0.00655453 0.302987
0 0.0996348 0.543751 0.00665631 0.00500099 0.302957
0 0.128411 0.333598 0.00733701 0.00501196 0.301381
0 0.185369 0.536942 0.00973023 0.00660056 0.300958
0 0.1618 0.329983 0.00788019 0.00547335 0.300457
0 0.642269 0.455901 0.00536243 0.00414667 0.300444
0 0.693176 0.330434 0.00825924 0.00486294 0.300269
0 0.331747 0.576105 0.0085651 0.00612681 0.299399
0 0.422366 0.513937 0.00583518 0.0040423 0.299378
0 0.257028 0.43357 0.00594152 0.0055954 0.299137
0 0.191249 0.456165 0.00570451 0.00454037 0.297796
0 0.245854 0.384181 0.00831426 0.00582514 0.297403
0 0.519078 0.512644 0.00741643 0.00622542 0.297049
0 0.0706189 0.241941 0.00826712 0.00502899 0.296675
0 0.205913 0.399831 0.00930031 0.00645639 0.296373
0 0.406457 0.288187 0.00735021 0.004876 0.296134
0 0.202127 0.266138 0.00646249 0.00494812 0.295937
0 0.277365 0.552435 0.00832355 0.00618143 0.295412
0 0.869765 0.155497 0.00731231 0.00472341 0.295146
0 0.0888258 0.225584 0.00682292 0.00496511 0.294404
0 0.46196 0.567808 0.00518052 0.00450168 0.29355
0 0.869643 0.885429 0.00711872 0.0057462 0.293066
0 0.178702 0.594358 0.00653742 0.00488072 0.293052
0 0.173076 0.41842 0.00725773 0.00420493 0.292973
0 0.1107 0.522429 0.00606072 0.00481511 0.292886
0 0.113874 0.898114 0.00679625 0.0038235 0.292496
0 0.0984741 0.5418 0.00869256 0.00704828 0.292255
0 0.302486 0.384281 0.00862479 0.00454242 0.292006
0 0.501751 0.718895 0.00967011 0.00587775 0.291972
0 0.379619 0.278981 0.00616996 0.00486527 0.291839
0 0.111357 0.511506 0.00784711 0.00456533 0.291578
0 0.578307 0.158991 0.00648756 0.00542231 0.291551
0 0.61675 0.542587 0.00535229 0.00438786 0.290558
0 0.858134 0.389039 0.00926458 0.00625952 0.289059
0 0.467333 0.618698 0.00841883 0.00550129 0.288627
0 0.139571 0.38391 0.0100454 0.00745727 0.288414
0 0.220468 0.618141 0.0066657 0.00527531 0.288026
0 0.519096 0.0480142 0.00578312 0.00478789 0.287746
0 0.306129 0.686767 0.00710695 0.00592268 0.2877
0 0.339914 0.638887 0.0063694 0.00537644 0.287479
0 0.305431 0.647224 0.00890085 0.00694292 0.287405
0 0.362563 0.324484 0.00588568 0.0047532 0.287196
0 0.22992 0.255057 0.00559301 0.00489734 0.286409
0 0.187267 0.319799 0.00589506 0.00519258 0.285897
0 0.415822 0.623176 0.00780569 0.00612561 0.284973
0 0.45083 0.164998 0.00729572 0.00480242 0.28497
0 0.193867 0.101183 0.00675538 0.00462686 0.28482
0 0.53623 0.476676 0.00541429 0.0038503 0.284581
0 0.547961 0.666594 0.0111125 0.00840336 0.284274
0 0.294532 0.459707 0.0106207 0.00534699 0.283897
0 0.157046 0.378245 0.00676719 0.00507695 0.283842
0 0.196181 0.203485 0.00667836 0.00528166 0.28306
0 0.260555 0.502028 0.0115896 0.00515097 0.28253
0 0.453698 0.563097 0.00467936 0.00443411 0.282439
0 0.73531 0.421505 0.00670954 0.00570922 0.281207
0 0.91856 0.238465 0.00648357 0.00513572 0.281062
0 0.572529 0.575103 0.00562401 0.00468624 0.281021
0 0.739503 0.447085 0.00665283 0.00442522 0.280877
0 0.107462 0.294391 0.00852068 0.00591428 0.279924
0 0.243465 0.375912 0.00593979 0.00439265 0.279865
0 0.743933 0.578422 0.00645867 0.00542337 0.279632
0 0.272506 0.577242 0.00574574 0.0048084 0.278903
0 0.446242 0.496292 0.00705238 0.00510943 0.278859
0 0.194644 0.560393 0.00602194 0.00387436 0.278682
0 0.537726 0.607644 0.00519027 0.00452049 0.278602
0 0.105856 0.437428 0.007007 0.00462367 0.278317
0 0.799119 0.154145 0.00873942 0.00587008 0.27788
0 0.23266 0.518553 0.00741815 0.00495958 0.277277
0 0.247873 0.342694 0.0074097 0.00493553 0.276774
0 0.222477 0.152543 0.00626482 0.00542015 0.276151
0 0.0823264 0.284443 0.00982198 0.00701152 0.275967
0 0.19837 0.400439 0.00821534 0.00608941 0.275872
0 0.624995 0.469656 0.00656889 0.00382966 0.275372
0 0.410257 0.370329 0.00713829 0.00503916 0.275069
0 0.754621 0.128866 0.00802279 0.00580321 0.274635
0 0.136024 0.508584 0.00734965 0.00441047 0.274264
0 0.150207 0.543165 0.00776839 0.0051193 0.274152
0 0.260662 0.296594 0.00599897 0.00418163 0.274005
0 0.248997 0.401164 0.00665867 0.0048652 0.273548
0 0.301158 0.430317 0.00716613 0.00445142 0.273524
0 0.177011 0.528705 0.00595677 0.00457063 0.273198
0 0.629739 0.680489 0.00944962 0.00775689 0.272768
0 0.222768 0.294695 0.00788847 0.00730039 0.272448
0 0.571521 0.421303 0.00675541 0.00441141 0.272359
0 0.636938 0.720416 0.00715604 0.00579637 0.272354
0 0.0961953 0.308085 0.00718813 0.00530405 0.272341
0 0.32398 0.472947 0.0064575 0.00430738 0.27226
0 0.36492 0.331114 0.00700183 0.00454419 0.271588
0 0.157692 0.454435 0.00635665 0.0051773 0.270583
0 0.179819 0.302658 0.0117244 0.00804074 0.270393
0 0.522883 0.223315 0.0075487 0.00532318 0.270377
0 0.640261 0.403256 0.0050307 0.00489341 0.269751
0 0.225339 0.395079 0.0062088 0.0048169 0.269639
0 0.64541 0.581408 0.00682289 0.00414342 0.269597
0 0.183656 0.193555 0.00704972 0.00573722 0.269501
0 0.219268 0.393935 0.00901941 0.00603812 0.269338
0 0.828751 0.159409 0.00598902 0.00500292 0.26926
0 0.402079 0.393123 0.00800578 0.00484742 0.269247
0 0.988672 0.552471 0.00713593 0.00524868 0.268896
0 0.9658 0.551152 0.00745472 0.00564426 0.268558
0 0.494306 0.224443 0.00693379 0.00517758 0.26855
0 0.208881 0.446469 0.00630037 0.0048349 0.268503
0 0.225586 0.3414 0.00663086 0.0044929 0.268499
0 0.323241 0.526388 0.00569 0.00386479 0.268413
0 0.364788 0.326585 0.00964814 0.00472448 0.268387
0 0.133706 0.625062 0.00662719 0.00442244 0.268327
0 0.218696 0.451382 0.0056976 0.0040723 0.268041
0 0.719713 0.72816 0.00651765 0.00574107 0.267928
0 0.550107 0.345713 0.00628748 0.00528343 0.26748
0 0.265045 0.102048 0.00656507 0.00523556 0.267461
0 0.254295 0.567249 0.00715639 0.0062735 0.266764
0 0.210222 0.450418 0.00666761 0.00529886 0.266417
0 0.398356 0.701885 0.00576765 0.00500813 0.266218
0 0.375365 0.807712 0.00705999 0.0045814 0.266093
0 0.474272 0.628013 0.0058096 0.00461239 0.265863
0 0.578814 0.369578 0.00595027 0.0055386 0.265615
0 0.14683 0.417178 0.00774644 0.00539187 0.265474
0 0.87095 0.735568 0.0086336 0.00656778 0.265319
0 0.361366 0.489398 0.00602003 0.00394707 0.265227
0 0.223461 0.4542 0.00696039 0.00458366 0.265189
0 0.599879 0.727712 0.00775317 0.00571576 0.26359
0 0.237553 0.484427 0.00666067 0.00414462 0.263449
0 0.107727 0.37907 0.00901434 0.00601795 0.263273
0 0.319181 0.435538 0.00602709 0.00381218 0.262825
0 0.198299 0.491872 0.00621454 0.00504156 0.262668
0 0.346119 0.390001 0.00585581 0.00518666 0.262606
0 0.307438 0.38154 0.00664038 0.00429315 0.262225
0 0.362303 0.606181 0.00573434 0.00440748 0.262193
0 0.138009 0.352619 0.00656694 0.00500448 0.261134
0 0.453098 0.765556 0.00739751 0.00564797 0.260454
0 0.373127 0.276872 0.00686144 0.0046722 0.260065
0 0.663544 0.703496 0.00874079 0.00690898 0.259945
0 0.302568 0.373244 0.0104786 0.00574991 0.259909
0 0.167319 0.570548 0.00631979 0.00503027 0.259365
0 0.546321 0.558873 0.00648813 0.00433845 0.259227
0 0.37682 0.38979 0.00760965 0.00539067 0.258961
0 0.620322 0.773115 0.00706144 0.00481545 0.258756
0 0.251033 0.604041 0.00623445 0.00420574 0.25848
0 0.783118 0.681405 0.00737203 0.00510567 0.258445
0 0.417853 0.487539 0.00731587 0.005674 0.25759
0 0.278431 0.509331 0.00590212 0.00462991 0.25726
0 0.125306 0.336874 0.0137661 0.00947432 0.25715
0 0.846561 0.390569 0.00999119 0.00694925 0.257115
0 0.695441 0.689111 0.00707438 0.00529707 0.256672
0 0.236966 0.557134 0.00798771 0.00566426 0.256671
0 0.398063 0.681183 0.0068173 0.00475668 0.256608
0 0.653119 0.569672 0.00830768 0.00594152 0.256572
0 0.360171 0.347914 0.00880496 0.00438771 0.256098
0 0.314557 0.251683 0.00632495 0.00517918 0.256026
0 0.771147 0.662301 0.0062506 0.00512135 0.255996
0 0.2031 0.506129 0.00838314 0.00448673 0.255856
0 0.689479 0.479009 0.0076661 0.00535451 0.255455
0 0.563145 0.422584 0.00729664 0.00517628 0.254965
0 0.0707421 0.634043 0.00869757 0.00694258 0.254919
0 0.262823 0.49799 0.00783903 0.0042637 0.254601
0 0.200747 0.592425 0.00891363 0.0056528 0.254553
0 0.0678214 0.133632 0.00676097 0.004946 0.254521
0 0.536469 0.596193 0.00624821 0.00415655 0.254276
0 0.191757 0.387687 0.00723288 0.00729849 0.25412
0 0.18402 0.44119 0.00706596 0.00420835 0.254099
0 0.640822 0.563344 0.0078618 0.00651144 0.253783
0 0.353462 0.396025 0.00718115 0.00475621 0.253765
0 0.195412 0.39782 0.0072618 0.00539323 0.253082
0 0.317123 0.635161 0.0055687 0.00511131 0.252994
0 0.908263 0.212892 0.0138619 0.00976124 0.25297
0 0.981336 0.218953 0.00583464 0.004381 0.252337
0 0.326212 0.150989 0.00611272 0.00481642 0.25177
0 0.102082 0.50267 0.0103392 0.00704127 0.251718
0 0.231246 0.477461 0.00746453 0.00784806 0.251589
0 0.176086 0.385262 0.0065654 0.00493355 0.25143
0 0.556717 0.24653 0.0075124 0.00567392 0.250711
0 0.296184 0.550157 0.00637504 0.00442244 0.250517
0 0.0897481 0.42167 0.00712073 0.00549479 0.250497
0 0.681735 0.261033 0.00821832 0.00575996 0.249389
0 0.10772 0.348251 0.00676984 0.0051819 0.249312
0 0.400048 0.468436 0.00524934 0.00403482 0.249296
0 0.822134 0.407544 0.00702793 0.00429456 0.249284
0 0.395052 0.312811 0.00615877 0.00504339 0.249278
0 0.372529 0.524973 0.00694789 0.00410479 0.249267
0 0.271292 0.536179 0.00691814 0.00547047 0.248019
0 0.868033 0.380397 0.00728005 0.00474882 0.247863
0 0.125576 0.50129 0.0069168 0.00450938 0.24737
0 0.172568 0.45291 0.00550782 0.00417266 0.247029
0 0.367088 0.365635 0.00677986 0.00415834 0.246275
0 0.15911 0.378281 0.0128612 0.0058324 0.245501
0 0.581553 0.577946 0.00614119 0.00397622 0.245476
0 0.236324 0.479211 0.00642594 0.00450669 0.245359
0 0.409793 0.520691 0.00563871 0.00488867 0.24479
0 0.364814 0.344945 0.0053673 0.00550225 0.244722
0 0.418458 0.469369 0.00627742 0.00479263 0.24419
0 0.241197 0.486032 0.00649271 0.00745343 0.244128
0 0.196068 0.163836 0.011783 0.00771248 0.243725
0 0.253971 0.527891 0.00588952 0.00401858 0.243421
0 0.548662 0.496711 0.00679189 0.00393467 0.243167
0 0.314357 0.44379 0.00682502 0.00418031 0.243101
0 0.640379 0.463206 0.00604527 0.00397618 0.241746
0 0.487296 0.368745 0.0108615 0.00620904 0.2417
0 0.363956 0.38058 0.00594865 0.00507485 0.241532
0 0.205528 0.615158 0.00737349 0.00451092 0.241242
0 0.686671 0.367402 0.00964173 0.00630585 0.240559
0 0.485981 0.44143 0.00629409 0.00382927 0.23988
0 0.221433 0.623444 0.00790761 0.0047601 0.239783
0 0.17646 0.341045 0.00727766 0.0049363 0.23956
0 0.829123 0.494694 0.00695368 0.0051052 0.239173
0 0.152488 0.86399 0.00735122 0.00539417 0.239063
0 0.47293 0.386799 0.00691364 0.00502053 0.239013
0 0.564782 0.60523 0.00619122 0.00533194 0.238884
0 0.34035 0.713062 0.00894142 0.00709081 0.238845
0 0.594678 0.702165 0.0113521 0.00741774 0.238139
0 0.690989 0.652904 0.0069779 0.00634065 0.237805
0 0.607499 0.149695 0.005862 0.00462787 0.237493
0 0.499625 0.526999 0.00703876 0.0058245 0.237236
0 0.902508 0.24276 0.00938728 0.00596822 0.236511
0 0.28239 0.21362 0.00679892 0.00490373 0.23611
0 0.350404 0.071589 0.00583102 0.00493916 0.235522
0 0.151059 0.445519 0.00907151 0.00588925 0.235377
0 0.2839 0.506452 0.00635127 0.00416403 0.235238
0 0.501164 0.175698 0.00624787 0.00500712 0.235172
0 0.256306 0.447898 0.00618447 0.00510366 0.235109
0 0.09288 0.270502 0.00789954 0.00592941 0.234775
0 0.223692 0.54377 0.0123876 0.00616618 0.234718
0 0.282154 0.520117 0.00738617 0.00438774 0.234344
0 0.798186 0.60013 0.00986929 0.00761657 0.234319
0 0.301665 0.393479 0.00618555 0.00394553 0.23336
0 0.851601 0.41206 0.00837908 0.00527728 0.232887
0 0.22322 0.409015 0.00650003 0.00761871 0.232875
0 0.468969 0.804713 0.00810414 0.00647332 0.232474
0 0.0921085 0.443515 0.00929057 0.00583728 0.23221
0 0.358735 0.420185 0.00613574 0.00456793 0.232066
0 0.703603 0.316919 0.00917345 0.00831798 0.232041
0 0.19093 0.43003 0.00731822 0.00463008 0.231931
0 0.58363 0.465791 0.00524794 0.0042999 0.231565
0 0.0856376 0.457763 0.00697902 0.00553804 0.2314
0 0.0468354 0.200688 0.00824686 0.00497567 0.231335
0 0.550038 0.41793 0.00565969 0.00405281 0.231025
0 0.185335 0.742985 0.00788245 0.00516004 0.230822
0 0.37521 0.142428 0.00589229 0.00489558 0.230491
0 0.40729 0.382561 0.00608063 0.00421108 0.230421
0 0.198276 0.53423 0.0075202 0.00514042 0.230398
0 0.602635 0.8589 0.00617059 0.00560677 0.230283
0 0.965128 0.189216 0.0084852 0.0060213 0.230132
0 0.357324 0.348065 0.00577962 0.00520615 0.228972
0 0.34621 0.568668 0.00669027 0.00511281 0.228324
0 0.102558 0.153436 0.00687461 0.00460524 0.228027
0 0.415602 0.637615 0.00933869 0.00424083 0.22799
0 0.891545 0.221476 0.00774058 0.00600119 0.227724
0 0.078126 0.370217 0.00883846 0.00546201 0.227676
0 0.707324 0.511806 0.00668429 0.00644212 0.227674
0 0.10775 0.355427 0.00572165 0.00500277 0.226989
0 0.876959 0.366641 0.00664947 0.00495034 0.2269
0 0.322916 0.633206 0.00870734 0.00798116 0.226658
0 0.276489 0.2537 0.00606206 0.00467881 0.226328
0 0.173199 0.391328 0.00587366 0.00524334 0.22627
0 0.11842 0.52544 0.00686077 0.00471009 0.226102
0 0.145961 0.51218 0.00698236 0.00553732 0.225927
0 0.25628 0.660947 0.00940298 0.00658598 0.225907
0 0.373777 0.522291 0.00624388 0.00351914 0.225037
0 0.214066 0.812707 0.0109508 0.00890199 0.224331
0 0.48027 0.350255 0.00640197 0.00430388 0.224155
0 0.19419 0.444542 0.00644766 0.00458721 0.223786
0 0.091011 0.575367 0.0111746 0.00564592 0.223216
0 0.176984 0.661473 0.0103657 0.00892378 0.223035
0 0.178407 0.438969 0.00752518 0.0049041 0.222625
0 0.204024 0.420583 0.00748704 0.00447895 0.221981
0 0.121714 0.165785 0.00853867 0.00522671 0.221881
0 0.38597 0.397646 0.00620382 0.00352884 0.221863
0 0.615321 0.647604 0.00898191 0.00684876 0.221149
0 0.573438 0.29879 0.00754756 0.00504376 0.22113
0 0.37363 0.318996 0.00678074 0.00427334 0.220918
0 0.0141302 0.398703 0.00906759 0.00632231 0.220894
0 0.867331 0.726184 0.0108248 0.00769795 0.220812
0 0.310719 0.0743826 0.00550094 0.00440633 0.220745
0 0.253674 0.442313 0.00670483 0.00461538 0.220175
0 0.187579 0.393878 0.0105284 0.00604769 0.21988
0 0.391528 0.462004 0.0054729 0.00457576 0.219496
0 0.295736 0.488605 0.0105132 0.00461221 0.219205
0 0.181001 0.269425 0.00763128 0.00517711 0.219157
0 0.0660028 0.417776 0.00818331 0.00535224 0.218893
0 0.718479 0.546467 0.00774485 0.00671938 0.21885
0 0.111317 0.894631 0.00845065 0.00565464 0.218561
0 0.424134 0.631479 0.00675407 0.00498962 0.218417
0 0.80427 0.683866 0.00979309 0.00767744 0.21822
0 0.513208 0.681164 0.00609029 0.0056961 0.217794
0 0.309043 0.38108 0.00534736 0.00458931 0.217284
0 0.253753 0.52406 0.00635925 0.00509122 0.216537
0 0.158082 0.281981 0.00899099 0.00709339 0.21589
0 0.328283 0.472225 0.00694712 0.00466936 0.215887
0 0.748768 0.489317 0.00791098 0.00459439 0.215716
0 0.382626 0.286726 0.00635609 0.00516258 0.215351
0 0.35362 0.454465 0.00593286 0.00413714 0.215208
0 0.46384 0.16647 0.00593526 0.00530027 0.213447
0 0.306862 0.553097 0.00653797 0.00482665 0.213396
0 0.358033 0.456679 0.00567114 0.00354897 0.213379
0 0.104165 0.29048 0.00663175 0.00489709 0.212845
0 0.483287 0.474415 0.00555095 0.00471642 0.211816
0 0.0541524 0.354725 0.00688342 0.00503929 0.211118
0 0.0925061 0.142525 0.0104818 0.00614739 0.210897
0 0.611399 0.287782 0.00741654 0.00440492 0.210881
0 0.0535766 0.445815 0.00708739 0.00517854 0.210391
0 0.324195 0.287722 0.00550194 0.00495665 0.209624
0 0.562938 0.308117 0.00544706 0.00495336 0.209586
0 0.306126 0.381382 0.0105517 0.00627444 0.209509
0 0.137702 0.638844 0.0112345 0.00774181 0.209174
0 0.846716 0.268823 0.0066636 0.00500828 0.209142
0 0.138606 0.446937 0.0117141 0.00665706 0.208875
0 0.328332 0.360136 0.00600829 0.00459275 0.208306
0 0.275177 0.487173 0.00603225 0.00452716 0.208185
0 0.391071 0.274654 0.00981882 0.0057463 0.208081
0 0.304188 0.383182 0.0109185 0.00455225 0.208027
0 0.430468 0.536167 0.00717345 0.00555788 0.207806
0 0.530016 0.381087 0.00686278 0.00431029 0.207265
0 0.228759 0.543547 0.0119114 0.00622883 0.206759
0 0.423983 0.390537 0.00643097 0.00459991 0.206696
0 0.14681 0.360323 0.00686002 0.00478752 0.20605
0 0.440855 0.460976 0.00551066 0.00391369 0.205923
0 0.479919 0.730149 0.00733334 0.00476168 0.205745
0 0.648483 0.321684 0.00578945 0.00482169 0.205502
0 0.323792 0.89918 0.00739933 0.00517354 0.205402
0 0.376558 0.548391 0.00560657 0.0048187 0.204952
0 0.596724 0.319139 0.00713786 0.00466635 0.204711
0 0.0793611 0.222146 0.00683842 0.00486285 0.204443
0 0.178434 0.464602 0.00822946 0.00459029 0.20427
0 0.83679 0.45598 0.0101989 0.00701143 0.204197
0 0.558061 0.350048 0.0117557 0.00637127 0.203924
0 0.262165 0.0648676 0.00581965 0.00520319 0.203167
0 0.539355 0.748152 0.00711484 0.0060818 0.2029
0 0.829591 0.40407 0.00792967 0.00467534 0.202868
0 0.460219 0.446496 0.00686363 0.00384214 0.20284
0 0.15151 0.378922 0.00585531 0.0048461 0.202339
0 0.877685 0.794537 0.0098388 0.00758623 0.202175
0 0.4599 0.653195 0.0063299 0.00526356 0.202083
0 0.580756 0.370272 0.0078598 0.00499992 0.202029
0 0.0802513 0.37814 0.00711648 0.00547402 0.201517
0 0.501665 0.461323 0.0049125 0.00341425 0.20098
0 0.0266657 0.358683 0.00828973 0.0057204 0.200677
0 0.479031 0.158788 0.00753246 0.00559214 0.200611
0 0.449702 0.709089 0.00789855 0.00941531 0.200608
0 0.252575 0.167893 0.0106707 0.0080635 0.200177
0 0.584975 0.394525 0.0076205 0.00571918 0.199916
0 0.783213 0.483224 0.00630155 0.00552774 0.199064
0 0.374272 0.841294 0.00760515 0.00550761 0.19894
0 0.00144977 0.422386 0.00286317 0.00749489 0.198891
0 0.255938 0.663182 0.00928424 0.00561801 0.198846
0 0.206536 0.344625 0.00768442 0.00582253 0.198795
0 0.730199 0.360752 0.00895883 0.00731618 0.198246
0 0.564646 0.264737 0.00774822 0.004968 0.198203
0 0.994608 0.582933 0.00636111 0.00491495 0.197903
0 0.31903 0.469211 0.00665964 0.00480678 0.197893
0 0.398218 0.634409 0.00907948 0.00644823 0.197509
0 0.0720435 0.405129 0.00839923 0.00493303 0.197151
0 0.162099 0.37293 0.00606332 0.00514708 0.19709
0 0.324609 0.716702 0.00614885 0.00462914 0.197005
0 0.429313 0.738924 0.00692635 0.00598179 0.196545
0 0.32633 0.47256 0.0110837 0.00585775 0.196391
0 0.342812 0.420166 0.00696764 0.00348268 0.195969
0 0.123181 0.501488 0.00837329 0.00481579 0.195749
0 0.470592 0.323465 0.0082049 0.00746326 0.195406
0 0.101045 0.331929 0.0111654 0.00834795 0.195195
0 0.899082 0.509403 0.00634093 0.00496009 0.195101
0 0.364532 0.452859 0.00535713 0.0039793 0.194758
0 0.207626 0.407785 0.00571615 0.00486755 0.194478
0 0.247683 0.541076 0.00603852 0.00459072 0.19437
0 0.975364 0.493288 0.00624736 0.00534673 0.194222
0 0.321506 0.521666 0.00619561 0.00457178 0.194118
0 0.184153 0.332814 0.0129634 0.00697295 0.19402
0 0.357856 0.401002 0.00828001 0.00631449 0.193956
0 0.567692 0.638958 0.00808046 0.00625739 0.193673
0 0.425909 0.155474 0.00687928 0.00519846 0.193477
0 0.532771 0.549017 0.00649623 0.0043064 0.193166
0 0.149561 0.746139 0.00889901 0.00679713 0.193002
0 0.703622 0.319163 0.0070619 0.00457065 0.192908
0 0.945908 0.571547 0.00668532 0.0052698 0.192463
0 0.570891 0.221478 0.00655304 0.00495956 0.192332
0 0.16727 0.259138 0.00747245 0.00572228 0.191544
0 0.843944 0.689282 0.0113317 0.00902833 0.191461
0 0.179069 0.43357 0.00818623 0.00565421 0.191389
0 0.151445 0.373926 0.00898341 0.0058816 0.191038
0 0.248667 0.38495 0.0069808 0.00621195 0.190948
0 0.208909 0.173441 0.00694157 0.00557839 0.190821
0 0.361936 0.347346 0.00629525 0.0035535 0.190585
0 0.0499716 0.402114 0.00874822 0.0058748 0.190349
0 0.403823 0.705071 0.00540215 0.00555484 0.190331
0 0.493006 0.156153 0.00915117 0.00678004 0.190058
0 0.78013 0.400626 0.00795645 0.00626452 0.189955
0 0.265619 0.424455 0.0119067 0.00562331 0.18973
0 0.364903 0.344749 0.00815221 0.00753671 0.189548
0 0.803332 0.360745 0.0100931 0.00703308 0.18935
0 0.388877 0.46795 0.00538289 0.00450215 0.189131
0 0.193129 0.41289 0.00567215 0.00507241 0.189117
0 0.505446 0.459677 0.00604334 0.0036651 0.188932
0 0.645705 0.262259 0.0084616 0.00575735 0.188806
0 0.169154 0.178813 0.00588932 0.00476927 0.188731
0 0.0086906 0.613606 0.00707226 0.00495513 0.188699
0 0.0893283 0.308072 0.0079292 0.00605304 0.188438
0 0.166113 0.482556 0.00714288 0.00539482 0.188377
0 0.38125 0.47597 0.00765703 0.00481284 0.187694
0 0.672022 0.448807 0.00733111 0.00504698 0.187613
0 0.231156 0.476023 0.00605277 0.00448172 0.187447
0 0.341704 0.244525 0.0069086 0.00479498 0.187186
0 0.434679 0.270987 0.00565615 0.00364773 0.186967
0 0.382398 0.710577 0.0106431 0.00886972 0.186906
0 0.485195 0.589963 0.00756232 0.00523223 0.186743
0 0.327346 0.374509 0.00645642 0.00517081 0.186567
0 0.155272 0.427727 0.00641795 0.00514191 0.18579
0 0.503655 0.496297 0.00648283 0.00402815 0.185245
0 0.512444 0.408414 0.00597119 0.00369562 0.184941
0 0.103762 0.224604 0.00654882 0.00491951 0.184774
0 0.167345 0.261306 0.00779747 0.00526039 0.184493
0 0.26859 0.648926 0.00637926 0.00454678 0.184479
0 0.469592 0.448978 0.00755158 0.00497714 0.184424
0 0.672929 0.63595 0.00824208 0.00628111 0.184285
0 0.443298 0.561784 0.00675553 0.00531647 0.183831
0 0.316994 0.123675 0.00845705 0.00493634 0.183009
0 0.651626 0.446673 0.0085831 0.00560728 0.182972
0 0.314285 0.561185 0.00547989 0.00480669 0.182897
0 0.377399 0.188676 0.00978774 0.0063789 0.182693
0 0.270199 0.625528 0.00893569 0.00555809 0.182686
0 0.431292 0.200844 0.00745224 0.00563716 0.180002
0 0.381339 0.401197 0.00800415 0.0046609 0.179707
0 0.354911 0.487335 0.00712111 0.004539 0.179671
0 0.166527 0.251416 0.008657 0.00569822 0.179199
0 0.708707 0.280847 0.00699693 0.00512956 0.178637
0 0.0345996 0.17101 0.00688446 0.00621142 0.178502
0 0.62527 0.305276 0.00807932 0.00616284 0.178351
0 0.816326 0.101083 0.0110625 0.00894518 0.177877
0 0.414183 0.616937 0.0079719 0.00560946 0.177774
0 0.0756162 0.510424 0.00682079 0.00433367 0.177713
0 0.626533 0.748261 0.0086487 0.00629799 0.177408
0 0.592689 0.484025 0.00592486 0.00495359 0.176838
0 0.2695 0.483792 0.00662363 0.00428186 0.176551
0 0.278491 0.718938 0.00636897 0.00457276 0.176159
0 0.439693 0.461712 0.00658202 0.00413659 0.176156
0 0.548446 0.657311 0.00747495 0.00631252 0.175931
0 0.152612 0.400185 0.00792502 0.00578082 0.175244
0 0.588618 0.837285 0.00796443 0.0059181 0.175112
0 0.516441 0.684421 0.00718403 0.00510554 0.175018
0 0.420636 0.533998 0.00647229 0.00441116 0.174711
0 0.379395 0.304326 0.0058912 0.00503792 0.174343
0 0.19867 0.163152 0.00612965 0.00484455 0.174247
0 0.50541 0.22717 0.006189 0.00530251 0.174117
0 0.395424 0.622458 0.0112348 0.00625657 0.17406
0 0.288175 0.397776 0.0109521 0.00678555 0.173882
0 0.438971 0.350659 0.00549596 0.00415924 0.173873
0 0.312439 0.309537 0.00614463 0.00423842 0.173799
0 0.582326 0.408764 0.00597996 0.00401486 0.173783
0 0.157019 0.26607 0.0090302 0.00732747 0.173218
0 0.28236 0.280417 0.00727749 0.00524659 0.172874
0 0.19701 0.317855 0.0120202 0.00525794 0.172475
0 0.482208 0.50279 0.00576306 0.00415941 0.172452
0 0.088368 0.845935 0.00693374 0.00569687 0.172229
0 0.543161 0.614378 0.00591158 0.00470834 0.172163
0 0.232967 0.426947 0.00597164 0.00464192 0.171971
0 0.422236 0.574846 0.00636735 0.00499903 0.171822
0 0.397116 0.273797 0.00835424 0.00686182 0.171487
0 0.173521 0.460838 0.00826531 0.0053481 0.170618
0 0.260113 0.483734 0.00723731 0.00490132 0.170251
0 0.106945 0.441665 0.00608386 0.00433854 0.170145
0 0.390948 0.631163 0.00794115 0.00572888 0.169911
0 0.160235 0.158435 0.00748678 0.00450719 0.169694
0 0.122264 0.156101 0.0071106 0.00436628 0.169288
0 0.13288 0.528711 0.0114305 0.00798979 0.168542
0 0.617298 0.559032 0.00644722 0.00504147 0.168428
0 0.439303 0.678117 0.00934379 0.0076974 0.168296
0 0.244483 0.480042 0.00683004 0.00462286 0.168153
0 0.870981 0.212753 0.00571565 0.00478801 0.168084
0 0.224438 0.499974 0.00718417 0.00488029 0.168015
0 0.167994 0.62831 0.00693064 0.00433187 0.167244
0 0.814587 0.37815 0.00668685 0.00606958 0.166483
0 0.291752 0.416982 0.00715345 0.00421711 0.16596
0 0.276238 0.513136 0.00527615 0.00459948 0.165696
0 0.484426 0.299985 0.00601758 0.00423489 0.165676
0 0.348215 0.422835 0.00767647 0.00598533 0.165342
0 0.393575 0.274603 0.00654774 0.00507391 0.165278
0 0.486601 0.249944 0.00546324 0.00505395 0.165076
0 0.218536 0.49167 0.00571922 0.00433474 0.164656
0 0.269293 0.264465 0.00748843 0.00585587 0.164654
0 0.539132 0.729626 0.00699807 0.00554992 0.164318
0 0.290517 0.579092 0.00772756 0.00576846 0.164261
0 0.0728648 0.599862 0.0134664 0.0092864 0.164118
0 0.716187 0.287601 0.00761794 0.00523139 0.163686
0 0.315924 0.513854 0.00732963 0.00470407 0.163415
0 0.376898 0.470628 0.00645745 0.00444061 0.163214
0 0.119744 0.629663 0.0134464 0.00892673 0.163042
0 0.226261 0.453821 0.00683272 0.0050578 0.162944
0 0.31013 0.600133 0.0062298 0.00509357 0.162898
0 0.581261 0.594233 0.00761834 0.00590229 0.162232
0 0.401065 0.636368 0.0087435 0.00735264 0.162127
0 0.667526 0.582103 0.00920594 0.00482259 0.161893
0 0.201938 0.761753 0.0078066 0.00514379 0.161502
0 0.847401 0.210496 0.00839003 0.00573203 0.161439
0 0.671417 0.478862 0.00639786 0.0029841 0.161274
0 0.478494 0.212175 0.00732009 0.00474177 0.161188
0 0.850151 0.816726 0.0124704 0.00917348 0.160931
0 0.43233 0.641674 0.0085541 0.00714582 0.160791
0 0.258866 0.547601 0.0066063 0.00389732 0.160787
0 0.37797 0.464397 0.00526569 0.00461333 0.160729
0 0.492681 0.31531 0.00655304 0.00401836 0.160285
0 0.46925 0.632087 0.0064218 0.00505686 0.16021
0 0.349053 0.341423 0.00595423 0.00482601 0.159754
0 0.97159 0.239665 0.0063619 0.0057463 0.159629
0 0.377777 0.47607 0.00814893 0.00400186 0.159577
0 0.863022 0.449868 0.00757594 0.00632282 0.159568
0 0.148359 0.34358 0.00740762 0.00450769 0.159509
0 0.371867 0.130524 0.00984635 0.00635955 0.159435
0 0.895945 0.591901 0.0125061 0.00798522 0.159335
0 0.990456 0.426674 0.00836256 0.00600166 0.159186
0 0.121892 0.419195 0.0111289 0.0075687 0.158612
0 0.143829 0.0739526 0.00552308 0.00474664 0.158297
0 0.20069 0.53352 0.00993125 0.00541832 0.157963
0 0.437398 0.252143 0.00917465 0.00659643 0.157171
0 0.329103 0.402639 0.00867708 0.00415851 0.157048
0 0.17179 0.23435 0.0080722 0.00522233 0.156461
0 0.688018 0.477856 0.00639484 0.00414407 0.156248
0 0.650047 0.475763 0.00575355 0.00405448 0.156195
0 0.1239 0.462079 0.00848109 0.00604077 0.156135
0 0.199681 0.369486 0.0122121 0.00671989 0.155765
0 0.158914 0.365269 0.00583196 0.00482451 0.15558
0 0.53988 0.465219 0.00926737 0.00671079 0.155497
0 0.600536 0.804753 0.00862573 0.00743227 0.155476
0 0.112605 0.421111 0.00887672 0.00602658 0.155475
0 0.809423 0.430467 0.00602732 0.00497223 0.155053
0 0.253866 0.564596 0.00779745 0.00617036 0.154985
0 0.444181 0.254497 0.00758221 0.0047239 0.154825
0 0.735204 0.854434 0.00758939 0.00640963 0.154536
0 0.305942 0.383185 0.00647357 0.00370186 0.154062
0 0.3976 0.410012 0.00576566 0.00381812 0.153921
0 0.114504 0.720038 0.0112774 0.00928046 0.153775
0 0.21275 0.455427 0.00642918 0.00462098 0.153695
0 0.476419 0.803614 0.00839601 0.00675669 0.153532
0 0.141029 0.437321 0.0125533 0.00767607 0.153514
0 0.0963381 0.136208 0.00737245 0.00553671 0.153384
0 0.491406 0.476324 0.00572802 0.00364065 0.153284
0 0.271831 0.475073 0.00531903 0.00473591 0.153249
0 0.604312 0.700685 0.00963643 0.0077813 0.153241
0 0.585849 0.300771 0.0115773 0.00781906 0.152996
0 0.116892 0.396071 0.00701931 0.00545115 0.152344
0 0.552626 0.0808037 0.00737203 0.00530617 0.152051
0 0.640104 0.475746 0.00631153 0.00451912 0.152029
0 0.66562 0.581394 0.00547783 0.00590874 0.152026
0 0.656277 0.706887 0.0107599 0.00722634 0.152014
0 0.427901 0.404194 0.00656518 0.00470159 0.151628
0 0.0935562 0.140331 0.0108528 0.00540181 0.151406
0 0.872107 0.164472 0.00707444 0.00418318 0.151175
0 0.23905 0.600686 0.00945297 0.00596943 0.151029
0 0.248524 0.492735 0.00685529 0.00506105 0.150923
0 0.0746644 0.4356 0.00776271 0.00710769 0.150047
0 0.483252 0.0803319 0.00646015 0.00436858 0.149577
0 0.303241 0.190298 0.00655401 0.00496406 0.149478
0 0.727001 0.659016 0.0069498 0.00506686 0.148876
0 0.179175 0.34062 0.00808613 0.00505365 0.1488
0 0.324364 0.530549 0.00573844 0.00439209 0.148739
0 0.606717 0.614702 0.0091184 0.00812204 0.148662
0 0.337084 0.286119 0.00797654 0.00562156 0.148456
0 0.421602 0.543851 0.00879599 0.00517773 0.148431
0 0.188964 0.247261 0.00723677 0.00471789 0.147721
0 0.166962 0.369404 0.00847145 0.00663531 0.147667
0 0.0772597 0.0887225 0.00741839 0.00599027 0.146903
0 0.162823 0.459437 0.0111419 0.00510033 0.146742
0 0.932193 0.277748 0.00754106 0.00541809 0.146729
0 0.865839 0.782191 0.0100432 0.00801125 0.146391
0 0.512675 0.525252 0.00926515 0.00471569 0.145843
0 0.253056 0.203449 0.00687099 0.00524058 0.145605
0 0.454571 0.189192 0.00777745 0.00824291 0.14558
0 0.21303 0.636501 0.00869318 0.00700507 0.145074
0 0.504742 0.447301 0.00683514 0.00444843 0.144882
0 0.33607 0.386889 0.00607371 0.00495278 0.144691
0 0.133344 0.706433 0.0122322 0.00955264 0.144533
0 0.151811 0.460223 0.00599538 0.00480216 0.144433
0 0.509228 0.32717 0.0067851 0.00640021 0.144379
0 0.143956 0.37224 0.00825359 0.00642583 0.144337
0 0.230029 0.672651 0.00630209 0.00551099 0.14427
0 0.10037 0.323018 0.00799274 0.00560331 0.143662
0 0.254397 0.267323 0.00641827 0.0050291 0.142903
0 0.50626 0.695582 0.00684221 0.00497825 0.142335
0 0.281504 0.402522 0.00834569 0.00606864 0.142067
0 0.22236 0.543279 0.0074109 0.0045481 0.141949
0 0.356232 0.396209 0.0132751 0.00636048 0.141861
0 0.873058 0.781631 0.0142569 0.00909364 0.141319
0 0.167686 0.173379 0.00788647 0.0052306 0.141209
0 0.306983 0.379007 0.00941728 0.00418796 0.14113
0 0.235837 0.674366 0.00860854 0.00602855 0.140879
0 0.822366 0.782268 0.0152064 0.0111205 0.140772
0 0.194403 0.164759 0.00761062 0.005361 0.140772
0 0.139616 0.381865 0.0149921 0.00648768 0.140681
0 0.117538 0.379679 0.00725334 0.00619443 0.140606
0 0.235221 0.558719 0.00751966 0.00611048 0.140466
0 0.530652 0.401478 0.00943178 0.00557467 0.140447
0 0.128094 0.337505 0.00793134 0.00680089 0.140428
0 0.146262 0.465891 0.00974222 0.00743881 0.140102
0 0.258749 0.381914 0.00667956 0.004819 0.139753
0 0.172684 0.416947 0.0114886 0.00759926 0.139706
0 0.521834 0.380901 0.00620199 0.00412034 0.139442
0 0.378569 0.714751 0.0157347 0.00873324 0.139433
0 0.271502 0.569895 0.00634908 0.00608065 0.139258
0 0.232524 0.50417 0.010017 0.00450019 0.139241
0 0.306357 0.405228 0.00705996 0.00533246 0.138074
0 0.385507 0.472486 0.00749738 0.00569345 0.138
0 0.0880473 0.475532 0.00663959 0.00554116 0.137958
0 0.123831 0.43872 0.00673681 0.00469996 0.137858
0 0.576412 0.393731 0.0053373 0.00473138 0.137845
0 0.279467 0.119739 0.011686 0.00769928 0.137573
0 0.554207 0.324094 0.00713678 0.00547611 0.137553
0 0.0571867 0.417333 0.00874859 0.00631333 0.137294
0 0.176724 0.54816 0.00918979 0.00826342 0.137031
0 0.322524 0.406061 0.00611705 0.00403037 0.136552
0 0.791123 0.750903 0.00996252 0.00753921 0.135998
0 0.156928 0.275248 0.00898857 0.00499138 0.135899
0 0.510666 0.526312 0.00704611 0.00471368 0.135742
0 0.630654 0.401015 0.00616843 0.0044059 0.135687
0 0.922287 0.402269 0.00749393 0.00587993 0.135242
0 0.189677 0.0769863 0.00801156 0.00476419 0.135239
0 0.446827 0.296398 0.00598489 0.00472065 0.135073
0 0.432258 0.273242 0.00915191 0.0051327 0.134889
0 0.870254 0.594083 0.0121919 0.00726417 0.134165
0 0.114161 0.461446 0.00832161 0.00743047 0.133828
0 0.294721 0.660211 0.00819461 0.00550385 0.133727
0 0.227322 0.261659 0.00735214 0.00425996 0.133585
0 0.207167 0.468423 0.00616817 0.00499206 0.13339
0 0.427507 0.49825 0.00570895 0.00403836 0.133326
0 0.101635 0.299449 0.0125581 0.00800576 0.133061
0 0.175637 0.41809 0.0143178 0.00598521 0.133048
0 0.233537 0.479198 0.012203 0.00481635 0.133033
0 0.137348 0.253681 0.00823234 0.00641933 0.13271
0 0.0266571 0.464173 0.00821292 0.00661855 0.132597
0 0.154488 0.522845 0.00763897 0.00610929 0.132274
0 0.292595 0.190925 0.0062363 0.00490136 0.132103
0 0.782846 0.533307 0.0117761 0.0101249 0.131547
0 0.346292 0.458078 0.0109844 0.00465483 0.131476
0 0.319174 0.608571 0.0085472 0.00621422 0.131439
0 0.993816 0.644335 0.00826009 0.00622255 0.130615
0 0.149553 0.155177 0.00796606 0.00546025 0.130606
0 0.577451 0.403899 0.00590896 0.00397737 0.130598
0 0.375528 0.412755 0.0069673 0.00535601 0.130213
0 0.406656 0.293583 0.0127692 0.00577421 0.12965
0 0.526921 0.140965 0.00876524 0.00592394 0.129619
0 0.172795 0.318538 0.00901229 0.00748602 0.12956
0 0.225315 0.43749 0.00628364 0.00546192 0.129317
0 0.397533 0.561275 0.00599438 0.0042175 0.129289
0 0.082358 0.154954 0.00895688 0.00608607 0.129276
0 0.460767 0.652121 0.010224 0.0055842 0.129127
0 0.309104 0.39932 0.00664839 0.00446963 0.128397
0 0.62196 0.577961 0.0106172 0.00483657 0.128378
0 0.762446 0.513695 0.00885226 0.00559091 0.128259
0 0.723825 0.563991 0.00774411 0.00470894 0.127903
0 0.459637 0.187487 0.00692185 0.00476425 0.127879
0 0.516329 0.76005 0.0103165 0.00748655 0.127479
0 0.803412 0.536831 0.00645143 0.00522244 0.127122
0 0.443552 0.44174 0.00587197 0.0043146 0.126692
0 0.466114 0.439448 0.00475014 0.00425092 0.126219
0 0.344741 0.511737 0.0057662 0.00458123 0.12617
0 0.248659 0.495909 0.00723634 0.00540828 0.126033
0 0.234891 0.215161 0.0068551 0.00553358 0.125791
0 0.168852 0.488333 0.00710713 0.0051155 0.125689
0 0.97455 0.724108 0.0136705 0.00994326 0.125306
0 0.197478 0.26311 0.00655062 0.00541982 0.125213
0 0.0686656 0.362796 0.012225 0.00783156 0.125048
0 0.0659522 0.375138 0.0102113 0.00691159 0.124679
0 0.33945 0.607238 0.00770428 0.00482362 0.124316
0 0.621983 0.152829 0.00614101 0.00479244 0.124247
0 0.325905 0.373263 0.00741067 0.00597465 0.123878
0 0.12839 0.457355 0.0110929 0.00743954 0.123715
0 0.100192 0.366641 0.0080456 0.008137 0.123412
0 0.457179 0.187399 0.0120293 0.00613801 0.12336
0 0.407706 0.448129 0.00688181 0.00544205 0.123265
0 0.522212 0.773762 0.00939571 0.00739517 0.123242
0 0.374846 0.392525 0.0129311 0.00615365 0.122998
0 0.222041 0.403153 0.00756894 0.00446446 0.122945
0 0.218156 0.455142 0.00603415 0.00421523 0.122811
0 0.195326 0.295213 0.0065233 0.00444509 0.122806
0 0.260869 0.535345 0.00918135 0.00459679 0.122497
0 0.228177 0.426431 0.00571868 0.00445001 0.122374
0 0.730245 0.359712 0.00667819 0.00466904 0.122256
0 0.348263 0.22097 0.0079411 0.00604316 0.122129
0 0.0900197 0.1726 0.00782522 0.00527069 0.122111
0 0.261109 0.372081 0.0065529 0.00445685 0.121697
0 0.341258 0.467581 0.00542119 0.0045263 0.121593
0 0.525882 0.453993 0.00679912 0.00396143 0.12141
0 0.868199 0.382518 0.00699095 0.00435589 0.121158
0 0.164478 0.266967 0.00814916 0.00738006 0.121031
0 0.63188 0.585601 0.00636259 0.00519872 0.120919
0 0.284074 0.496124 0.00550798 0.00432777 0.120576
0 0.166231 0.617751 0.00684226 0.00465508 0.120012
0 0.222056 0.422649 0.00511973 0.00397327 0.119734
0 0.375895 0.307997 0.00666127 0.00526088 0.119578
0 0.741077 0.399371 0.00654279 0.00435688 0.119334
0 0.666118 0.277314 0.0069196 0.00493094 0.119249
0 0.191932 0.477692 0.00713076 0.00590383 0.119022
0 0.229037 0.253748 0.00677889 0.00655953 0.118946
0 0.234254 0.248374 0.00650815 0.00475104 0.118918
0 0.444668 0.272603 0.00683141 0.00440802 0.118803
0 0.115766 0.100537 0.00599572 0.00518796 0.118743
0 0.245899 0.348743 0.0067088 0.00475839 0.118585
0 0.163869 0.453917 0.0106615 0.00622883 0.118565
0 0.25254 0.412738 0.00701557 0.00623067 0.118362
0 0.0715446 0.418303 0.00863707 0.00603633 0.118032
0 0.10855 0.402763 0.011738 0.00705281 0.117959
0 0.123182 0.437471 0.0100676 0.00632184 0.11793
0 0.0741733 0.246059 0.00788097 0.00436857 0.117373
0 0.560263 0.441706 0.00734684 0.00465419 0.117373
0 0.172055 0.411129 0.00998009 0.00612138 0.117098
0 0.116459 0.441984 0.00858453 0.0052268 0.116962
0 0.486207 0.642308 0.00727641 0.00561703 0.116959
0 0.804618 0.415822 0.00788641 0.00621648 0.11688
0 0.1575 0.278184 0.00946635 0.00531859 0.116723
0 0.30246 0.288869 0.0117608 0.00907289 0.116521
0 0.560407 0.422117 0.00638823 0.00434713 0.116395
0 0.227222 0.791762 0.00889661 0.00705118 0.116367
0 0.273175 0.473866 0.00790613 0.00652897 0.116348
0 0.33164 0.522322 0.00763695 0.00528638 0.116102
0 0.613828 0.559909 0.00722466 0.00431708 0.116059
0 0.370301 0.29918 0.00575722 0.00507549 0.115813
0 0.862437 0.717842 0.00975993 0.0072145 0.115677
0 0.420218 0.623304 0.0102256 0.00721553 0.115629
0 0.082575 0.535543 0.00861891 0.00552125 0.115551
0 0.275134 0.556071 0.00570975 0.00477211 0.115425
0 0.424924 0.498468 0.0119943 0.00545696 0.115343
0 0.0732995 0.261874 0.00961847 0.0069726 0.115334
0 0.454715 0.563479 0.00850087 0.00548684 0.115305
0 0.492111 0.586561 0.0110893 0.00850564 0.115137
0 0.136157 0.379645 0.0121315 0.00737534 0.115122
0 0.158515 0.441104 0.0106179 0.0072669 0.114923
0 0.33537 0.734109 0.00714254 0.00584159 0.114815
0 0.448189 0.259051 0.00692532 0.00575814 0.114196
0 0.301643 0.48491 0.00732516 0.00414975 0.113824
0 0.474859 0.569116 0.00717747 0.00465564 0.113778
0 0.0602327 0.4036 0.00946944 0.00586942 0.113731
0 0.23583 0.372178 0.00748708 0.00480831 0.113622
0 0.274819 0.503112 0.00561338 0.00509203 0.113595
0 0.221149 0.221665 0.00662907 0.003426 0.113529
0 0.272567 0.51803 0.00518927 0.00518012 0.113467
0 0.337553 0.643438 0.00744076 0.00464064 0.11345
0 0.286394 0.57301 0.00680348 0.00481041 0.113239
0 0.149479 0.566472 0.00858491 0.00741398 0.113199
0 0.553472 0.482126 0.00707096 0.00526544 0.113164
0 0.42503 0.688123 0.00646993 0.00584215 0.112742
0 0.429023 0.0674193 0.00623727 0.00497583 0.112448
0 0.117977 0.504133 0.0109457 0.00517893 0.112408
0 0.975101 0.393882 0.00996075 0.00738825 0.112202
0 0.370851 0.394425 0.00968262 0.00594704 0.112054
0 0.887475 0.326304 0.00856054 0.00587609 0.111781
0 0.171158 0.117053 0.00907855 0.00781302 0.111287
0 0.295363 0.342021 0.011272 0.00670004 0.111285
0 0.176874 0.481033 0.00649543 0.00479677 0.111084
0 0.224653 0.512482 0.0101631 0.00597422 0.110994
0 0.0238821 0.399302 0.00722583 0.00546427 0.110989
0 0.62173 0.805188 0.0116748 0.00783293 0.110527
0 0.526022 0.652462 0.0128588 0.00665382 0.110427
0 0.215546 0.696284 0.007919 0.00532113 0.862239
0 0.596378 0.448215 0.00702161 0.00608997 0.860142
0 0.464566 0.70938 0.00670424 0.00548568 0.853853
0 0.581441 0.50081 0.00619202 0.00433025 0.852936
0 0.455044 0.698692 0.00681291 0.00573649 0.852867
0 0.434318 0.585178 0.00591688 0.00498881 0.85278
0 0.915602 0.0713125 0.0066061 0.00496592 0.851891
0 0.154583 0.0694613 0.00666598 0.00510153 0.838729
0 0.320794 0.421753 0.00605978 0.00522996 0.838386
0 0.0330527 0.485969 0.00688656 0.00460426 0.835175
0 0.388246 0.415143 0.00601259 0.00531301 0.833961
0 0.408569 0.423312 0.00630204 0.00523975 0.833211
0 0.53358 0.743683 0.00612973 0.00525766 0.832207
0 0.387031 0.701031 0.00828368 0.00604248 0.831809
0 0.289044 0.0574581 0.00666765 0.00549523 0.83015
0 0.724673 0.483987 0.00670914 0.00449549 0.829737
0 0.760957 0.488356 0.00719673 0.00499125 0.82846
0 0.541522 0.426452 0.00601119 0.00520372 0.826269
0 0.346133 0.431198 0.00596298 0.00444544 0.826029
0 0.408888 0.28453 0.00750727 0.00560019 0.825111
0 0.473463 0.50463 0.00590377 0.00469112 0.824885
0 0.854231 0.794227 0.00702337 0.00535596 0.823924
0 0.049337 0.219061 0.00643465 0.00489581 0.821508
0 0.0556501 0.439082 0.00649102 0.00516636 0.820031
0 0.737907 0.590188 0.00684745 0.00499351 0.819721
0 0.351656 0.609231 0.00568738 0.00512323 0.819521
0 0.738885 0.489371 0.00675803 0.00489076 0.818116
0 0.607205 0.47537 0.00630218 0.00481353 0.818076
0 0.185806 0.528845 0.00629453 0.00515734 0.817642
0 0.69773 0.429849 0.00607485 0.0051302 0.816971
0 0.259259 0.491728 0.0059458 0.0049998 0.816664
0 0.372428 0.335509 0.0059205 0.00523644 0.816124
0 0.721388 0.448379 0.00647349 0.00459418 0.816009
0 0.486868 0.699732 0.00618575 0.00537793 0.815078
0 0.630281 0.48214 0.00615475 0.00455977 0.8139
0 0.308068 0.614141 0.00653954 0.00475702 0.810928
0 0.214703 0.61958 0.00723567 0.00543512 0.810297
0 0.437556 0.530645 0.00647178 0.00461294 0.810243
0 0.650834 0.346427 0.00676516 0.00448072 0.807247
0 0.628582 0.592528 0.00635347 0.00432345 0.806895
0 0.557661 0.505278 0.0058245 0.00487956 0.806842
0 0.259422 0.581609 0.00588015 0.00498578 0.806398
0 0.260607 0.0791914 0.00686882 0.00482522 0.804198
0 0.432672 0.410736 0.00628676 0.00423348 0.803612
0 0.261097 0.683346 0.00713222 0.00468124 0.803248
0 0.507668 0.744988 0.00651401 0.00530519 0.80266
0 0.191806 0.900286 0.00650966 0.00561523 0.800523
0 0.347492 0.654243 0.00624097 0.00504416 0.800487
0 0.569507 0.65838 0.00697203 0.00464209 0.800161
0 0.371926 0.652703 0.00664899 0.00485319 0.797561
0 0.749595 0.444547 0.00667426 0.00521949 0.796173
0 0.926338 0.129343 0.00602772 0.00501503 0.795671
0 0.623827 0.198844 0.00673689 0.0047261 0.794811
0 0.962456 0.455235 0.00734075 0.00518132 0.794118
0 0.00996787 0.380896 0.0065494 0.00491748 0.793963
0 0.648549 0.498009 0.00591716 0.00464936 0.792866
0 0.623564 0.656889 0.00704936 0.00456268 0.792134
0 0.856731 0.164268 0.00604812 0.00486599 0.79196
0 0.558076 0.633836 0.00619897 0.0044174 0.791411
0 0.522075 0.170358 0.00631358 0.00524963 0.79136
0 0.514934 0.531382 0.00645747 0.00435594 0.78937
0 0.178341 0.508494 0.00612651 0.0047825 0.789027
0 0.515766 0.495777 0.00600521 0.00494227 0.788705
0 0.743888 0.455454 0.00574055 0.00427652 0.787138
0 0.255617 0.453733 0.00651378 0.0051452 0.787067
0 0.730157 0.665087 0.00783108 0.00509075 0.786952
0 0.0130178 0.487361 0.00700853 0.00477942 0.786704
0 0.232513 0.620342 0.0067973 0.00466902 0.786517
0 0.243071 0.267972 0.00584915 0.00458056 0.785792
0 0.735205 0.462242 0.00585373 0.00412423 0.785635
0 0.760839 0.0752951 0.00672498 0.0045588 0.78397
0 0.671959 0.598516 0.00607764 0.00443992 0.781583
0 0.346747 0.449659 0.0062797 0.00443351 0.781456
0 0.37415 0.40359 0.00551707 0.00459029 0.780371
0 0.207975 0.596712 0.0065946 0.00512973 0.780238
0 0.557495 0.576616 0.00601627 0.00498086 0.780056
0 0.616947 0.583834 0.00619852 0.00481789 0.779548
0 0.441829 0.567275 0.00592474 0.00440774 0.779513
0 0.288722 0.265937 0.00674655 0.00487632 0.779061
0 0.810669 0.518406 0.00773089 0.00582347 0.778816
0 0.386092 0.506927 0.00642285 0.00407106 0.778375
0 0.547883 0.396623 0.00620592 0.00414569 0.778022
0 0.310889 0.741739 0.00686677 0.00494128 0.777707
0 0.729423 0.422487 0.00601381 0.00410641 0.776302
0 0.528261 0.470242 0.0059835 0.00409081 0.77506
0 0.254622 0.55592 0.00631799 0.00455913 0.771675
0 0.471387 0.217219 0.00714738 0.00497039 0.771655
0 0.702605 0.389129 0.0064283 0.00432401 0.771391
0 0.379786 0.44437 0.00534912 0.00510584 0.771228
0 0.579502 0.483672 0.00649851 0.00431426 0.771166
0 0.515246 0.439133 0.00656894 0.00474694 0.771036
0 0.196159 0.530891 0.00625922 0.00514807 0.770843
0 0.633633 0.522999 0.00611087 0.00419736 0.770707
0 0.490469 0.491955 0.00550114 0.00422686 0.770488
0 0.539998 0.659894 0.00632908 0.00439569 0.769879
0 0.229859 0.36401 0.00584866 0.00493226 0.76977
0 0.542889 0.596858 0.00558948 0.00484712 0.769306
0 0.594852 0.459819 0.00635843 0.00429618 0.768808
0 0.381714 0.409197 0.0061637 0.00424959 0.768053
0 0.247266 0.439423 0.0062769 0.00414633 0.767985
0 0.488201 0.380764 0.00584707 0.00406145 0.767874
0 0.610911 0.469485 0.00592656 0.00439855 0.767415
0 0.924445 0.0979573 0.00582364 0.0042881 0.767388
0 0.154529 0.589503 0.00612825 0.00534425 0.767165
0 0.479713 0.613199 0.00625981 0.00530446 0.76474
0 0.765968 0.356118 0.00667557 0.00495438 0.763855
0 0.508246 0.628724 0.00566345 0.00512533 0.76355
0 0.927632 0.147776 0.00698918 0.00454181 0.763524
0 0.197105 0.732265 0.00774984 0.0055324 0.763285
0 0.710319 0.869313 0.00672612 0.00502796 0.763226
0 0.374643 0.449414 0.00569824 0.0046008 0.762515
0 0.288088 0.536219 0.00593395 0.0051879 0.761923
0 0.283765 0.0885531 0.00590006 0.00448499 0.76121
0 0.996944 0.138996 0.00583464 0.00484065 0.76107
0 0.82406 0.443819 0.00681884 0.00447749 0.760826
0 0.619756 0.510627 0.00604561 0.00489187 0.760708
0 0.493172 0.597624 0.00645445 0.00435653 0.759686
0 0.30608 0.302475 0.00574802 0.00459837 0.758945
0 0.425565 0.424921 0.00647124 0.00440051 0.758944
0 0.402859 0.541166 0.00553992 0.00447348 0.758797
0 0.154829 0.581146 0.00630044 0.00471544 0.758531
0 0.173351 0.565655 0.007241 0.00471082 0.758302
0 0.843216 0.421697 0.00626035 0.00499082 0.758138
0 0.461081 0.68949 0.00666323 0.00480019 0.7576
0 0.643603 0.683401 0.00637216 0.00479532 0.756045
0 0.545765 0.564129 0.00608568 0.00502403 0.755049
0 0.591803 0.443223 0.00659915 0.00403854 0.754173
0 0.221957 0.57677 0.00595449 0.00511058 0.754064
0 0.907582 0.674952 0.00751809 0.00495731 0.752911
0 0.202602 0.304001 0.00644183 0.00456319 0.752754
0 0.250113 0.465046 0.00658026 0.00491119 0.752632
0 0.243974 0.559155 0.00621413 0.00460555 0.752264
0 0.502272 0.415226 0.00568408 0.00458187 0.751415
0 0.354615 0.3811 0.00638553 0.00449549 0.751332
0 0.340106 0.529693 0.00533057 0.00455785 0.75044
0 0.598813 0.415619 0.00586838 0.00478848 0.748593
0 0.42219 0.503573 0.00610599 0.00419591 0.748435
0 0.691809 0.397823 0.00536614 0.00400297 0.748049
0 0.373697 0.425076 0.00703115 0.00439021 0.74759
0 0.310009 0.675648 0.00624402 0.00553813 0.747316
0 0.262997 0.355197 0.00603727 0.00504547 0.746828
0 0.441802 0.320867 0.00620729 0.00415721 0.746405
0 0.349674 0.623892 0.00660727 0.00504245 0.746129
0 0.409792 0.199864 0.00644103 0.00502818 0.745944
0 0.514785 0.591191 0.00659795 0.00426652 0.745934
0 0.0743205 0.393831 0.00648741 0.00498753 0.745731
0 0.101536 0.21917 0.00637404 0.0046743 0.745586
0 0.356808 0.680916 0.00672957 0.00481921 0.745462
0 0.252377 0.613707 0.00703155 0.00462854 0.744675
0 0.379982 0.598915 0.00575149 0.00469624 0.744664
0 0.527777 0.604585 0.00656917 0.00444817 0.743712
0 0.475501 0.607031 0.00634643 0.00487379 0.743514
0 0.422953 0.699713 0.00635734 0.00452541 0.743509
0 0.201037 0.557033 0.00643223 0.00473899 0.743243
0 0.541384 0.56526 0.00516052 0.00431319 0.742877
0 0.239893 0.508474 0.00681034 0.00429208 0.741738
0 0.393793 0.668107 0.00645967 0.00464709 0.741627
0 0.855407 0.0601229 0.00641063 0.00443262 0.741538
0 0.48692 0.457543 0.00539275 0.00434858 0.740722
0 0.442998 0.741426 0.00660157 0.00445394 0.74063
0 0.0927349 0.109303 0.00568778 0.00419065 0.740306
0 0.380917 0.540472 0.00530442 0.00438385 0.740154
0 0.694727 0.0659595 0.00634754 0.00430396 0.73931
0 0.0666491 0.520432 0.0084887 0.00682812 0.73916
0 0.994832 0.256801 0.00593289 0.00514247 0.738878
0 0.324564 0.408981 0.00592668 0.00434388 0.738599
0 0.283006 0.338045 0.00668244 0.00493658 0.7378
0 0.68909 0.348467 0.00673028 0.00454663 0.73707
0 0.0315287 0.253274 0.0068878 0.00456011 0.736939
0 0.23774 0.320598 0.00612326 0.00497289 0.736502
0 0.573624 0.4349 0.0055819 0.00480831 0.735907
0 0.528095 0.544982 0.00493724 0.00403041 0.735608
0 0.149652 0.138424 0.0065682 0.00519091 0.735514
0 0.741206 0.430272 0.00605827 0.00442035 0.735089
0 0.533772 0.674876 0.00627266 0.00479788 0.735009
0 0.714413 0.410421 0.00537998 0.0041671 0.734086
0 0.410258 0.388853 0.00567322 0.0045393 0.733698
0 0.626657 0.550816 0.00586718 0.00395934 0.733434
0 0.323159 0.462787 0.00580709 0.00447343 0.732592
0 0.432439 0.365106 0.00565949 0.00481135 0.732515
0 0.101028 0.0787212 0.00605631 0.00497431 0.732381
0 0.462684 0.468996 0.00579757 0.00420771 0.732076
0 0.622275 0.392093 0.00615771 0.00430332 0.73165
0 0.943452 0.434556 0.00660656 0.00510648 0.730948
0 0.431008 0.416292 0.00608662 0.00454032 0.730415
0 0.455486 0.667837 0.00590263 0.00538092 0.730403
0 0.800888 0.429025 0.00595671 0.005132 0.730282
0 0.307341 0.497693 0.00580726 0.00477374 0.730057
0 0.347854 0.265789 0.00560572 0.00482443 0.72985
0 0.673622 0.765805 0.00682551 0.0056107 0.729642
0 0.862075 0.352477 0.00691886 0.00464476 0.728407
0 0.520587 0.610699 0.00538631 0.00472569 0.728065
0 0.255265 0.395023 0.005607 0.00476997 0.72791
0 0.181648 0.146216 0.00593262 0.00475756 0.727682
0 0.460204 0.518686 0.00633187 0.0045502 0.726818
0 0.43629 0.658679 0.00641855 0.00521056 0.726744
0 0.289179 0.667414 0.00673022 0.00527142 0.726729
0 0.112888 0.130521 0.00640558 0.00531779 0.726642
0 0.715483 0.585889 0.00757355 0.00595969 0.726219
0 0.234362 0.454661 0.00608501 0.00418805 0.726146
0 0.410626 0.59586 0.00629223 0.00451199 0.725865
0 0.610306 0.412449 0.00535337 0.00493491 0.725687
0 0.279165 0.416138 0.00627482 0.00424357 0.724959
0 0.521291 0.0657363 0.00641929 0.00432082 0.724864
0 0.211808 0.506 0.00593561 0.00469941 0.724576
0 0.602545 0.656825 0.0060202 0.00443155 0.724536
0 0.206841 0.490427 0.00576352 0.00449617 0.723919
0 0.652455 0.460171 0.00618666 0.00386278 0.722966
0 0.567209 0.434634 0.00565895 0.00500681 0.722827
0 0.603928 0.482118 0.00532858 0.00457969 0.722121
0 0.400333 0.249536 0.00627602 0.00459307 0.72192
0 0.561437 0.574852 0.00544091 0.00457635 0.721699
0 0.272886 0.45485 0.00647115 0.00451254 0.71993
0 0.538683 0.379825 0.00538648 0.00472484 0.719632
0 0.216551 0.441717 0.00669044 0.00439633 0.719421
0 0.42864 0.717292 0.00621658 0.00443381 0.71928
0 0.326296 0.278377 0.00636333 0.00454017 0.719089
0 0.590652 0.416929 0.00648711 0.00449485 0.719044
0 0.615035 0.484335 0.00573423 0.00401776 0.718998
0 0.347471 0.410757 0.00615238 0.00410167 0.718708
0 0.335487 0.495835 0.00632808 0.00498898 0.717841
0 0.479283 0.574967 0.00669312 0.00432123 0.715962
0 0.54404 0.64208 0.00533086 0.00487777 0.714367
0 0.269637 0.386057 0.00619983 0.00392313 0.714332
0 0.197379 0.145013 0.00702815 0.0045668 0.714131
0 0.323274 0.270424 0.00638071 0.00469877 0.713768
0 0.660044 0.844626 0.00709911 0.00539315 0.713634
0 0.331797 0.544131 0.00561674 0.00508118 0.713243
0 0.127245 0.535838 0.00684775 0.00454255 0.712957
0 0.397803 0.594585 0.00672999 0.00425182 0.712278
0 0.470808 0.478243 0.00437105 0.00236951 0.712214
0 0.306896 0.449084 0.00632232 0.00395493 0.711922
0 0.561221 0.361081 0.00654569 0.0045122 0.711279
0 0.410508 0.395635 0.00618475 0.00418347 0.710768
0 0.749063 0.663762 0.00621932 0.00429841 0.71075
0 0.340166 0.212535 0.00705723 0.00440411 0.709853
0 0.75074 0.469113 0.00599404 0.00438803 0.709434
0 0.504664 0.387214 0.00585744 0.0040944 0.709167
0 0.753939 0.499793 0.00578016 0.00503814 0.709159
0 0.298364 0.697097 0.00746983 0.00587493 0.708439
0 0.638339 0.376774 0.00629443 0.00414214 0.707717
0 0.804572 0.353677 0.0068299 0.00473533 0.707503
0 0.461204 0.733958 0.00610069 0.00490102 0.707113
0 0.613311 0.426093 0.0066697 0.00450472 0.707099
0 0.372795 0.281764 0.00686993 0.00448469 0.705861
0 0.213046 0.261605 0.00629288 0.00512435 0.705797
0 0.369643 0.472683 0.0060467 0.0044804 0.705396
0 0.603282 0.506201 0.00593773 0.00417082 0.705233
0 0.229872 0.433306 0.00723211 0.00493923 0.70471
0 0.275719 0.467876 0.0057768 0.00490068 0.704333
0 0.668302 0.519054 0.0068487 0.0044995 0.702658
0 0.168317 0.515557 0.00673804 0.00482015 0.70142
0 0.398807 0.623213 0.0069643 0.00441317 0.700734
0 0.49312 0.652762 0.00663853 0.00482746 0.700038
0 0.158791 0.0934497 0.00687876 0.00498046 0.699717
0 0.148245 0.852011 0.00724083 0.00507566 0.699638
0 0.346374 0.629886 0.00709242 0.0051367 0.699604
0 0.524885 0.589385 0.0066126 0.00530536 0.698918
0 0.28015 0.447623 0.00608143 0.0050039 0.698912
0 0.515976 0.601617 0.00681719 0.00411628 0.697635
0 0.669976 0.514273 0.00621447 0.00515277 0.697474
0 0.243859 0.289546 0.00617159 0.00502873 0.697072
0 0.411785 0.187021 0.00671766 0.00482445 0.696613
0 0.493823 0.385672 0.00566179 0.00433042 0.696442
0 0.377202 0.692449 0.00548547 0.00510362 0.695242
0 0.200107 0.451893 0.00717176 0.00404482 0.69418
0 0.256239 0.282851 0.00603339 0.00448397 0.694061
0 0.586117 0.373474 0.00571588 0.0047536 0.692725
0 0.642008 0.387363 0.00609548 0.00410825 0.69267
0 0.163242 0.465643 0.00787542 0.0045325 0.692614
0 0.554438 0.510243 0.00642362 0.0040741 0.69239
0 0.681064 0.391932 0.00560127 0.00460815 0.691576
0 0.304625 0.330365 0.00688096 0.00442133 0.691315
0 0.00370046 0.903403 0.00710302 0.00564319 0.690341
0 0.523141 0.641845 0.00616769 0.00458118 0.690286
0 0.154218 0.570084 0.0062373 0.00433123 0.689411
0 0.183308 0.546247 0.00616747 0.00433739 0.688923
0 0.354245 0.665328 0.00629879 0.00451677 0.687827
0 0.197796 0.174276 0.00669771 0.00472325 0.686804
0 0.509075 0.561969 0.00587755 0.00485311 0.68634
0 0.289855 0.426876 0.00674806 0.00411727 0.686277
0 0.115528 0.0673251 0.00612559 0.00430461 0.685435
0 0.411268 0.433701 0.0064681 0.00430589 0.685053
0 0.662901 0.404647 0.00577811 0.00510165 0.684382
0 0.0499004 0.385319 0.00865585 0.0076594 0.684097
0 0.491586 0.690434 0.00815358 0.00557694 0.683788
0 0.506298 0.488037 0.00595381 0.00497885 0.683541
0 0.630876 0.437641 0.00721634 0.00477446 0.68346
0 0.522805 0.296306 0.00566926 0.00503361 0.682338
0 0.359517 0.310745 0.00576737 0.00445813 0.682206
0 0.163312 0.564739 0.00619071 0.00516333 0.682009
0 0.627504 0.462337 0.00589967 0.00475335 0.681762
0 0.442936 0.651748 0.00690509 0.00474993 0.681378
0 0.638299 0.610058 0.00605285 0.00408384 0.680677
0 0.764812 0.433041 0.00661602 0.00422224 0.680446
0 0.56905 0.505575 0.00624354 0.00412257 0.680275
0 0.586237 0.406223 0.00522144 0.00467569 0.680088
0 0.347887 0.290751 0.00681115 0.00441547 0.679954
0 0.548638 0.537059 0.00608368 0.00472535 0.679769
0 0.27126 0.460011 0.0063048 0.00441684 0.679401
0 0.639882 0.579514 0.0058135 0.00484776 0.679281
0 0.3837 0.639823 0.00629528 0.00513623 0.679242
0 0.530824 0.365466 0.0063427 0.00424169 0.679224
0 0.610772 0.622514 0.00629745 0.00428481 0.678435
0 0.165993 0.132376 0.00589324 0.00461179 0.678212
0 0.532267 0.401489 0.00567086 0.00457486 0.678068
0 0.423325 0.325182 0.00545746 0.00478607 0.677963
0 0.263411 0.638013 0.00686577 0.00528027 0.677946
0 0.43081 0.485377 0.00551411 0.00484823 0.677564
0 0.107049 0.0678331 0.00614243 0.00433746 0.676782
0 0.220978 0.508916 0.00526643 0.00399917 0.676623
0 0.456895 0.58039 0.00548678 0.00447604 0.675969
0 0.252344 0.406027 0.00704828 0.00591002 0.675908
0 0.603516 0.684392 0.00622775 0.00455199 0.675801
0 0.103095 0.54999 0.00652556 0.0043741 0.675248
0 0.391497 0.859359 0.00801096 0.00557463 0.675239
0 0.226805 0.30594 0.00581273 0.00467983 0.674811
0 0.370849 0.462204 0.00549382 0.00457178 0.67371
0 0.157847 0.706901 0.0103593 0.00752942 0.67365
0 0.289357 0.483707 0.00661847 0.00441924 0.67347
0 0.605545 0.447759 0.00675114 0.00496154 0.673407
0 0.473777 0.462984 0.00619712 0.00397083 0.673021
0 0.369046 0.407084 0.00575862 0.00427733 0.672414
0 0.657063 0.281633 0.00674971 0.00479297 0.672298
0 0.372045 0.328648 0.00739602 0.00508 0.671346
0 0.794297 0.117675 0.00606345 0.00466368 0.670659
0 0.448887 0.414718 0.005849 0.00419924 0.670591
0 0.632686 0.501531 0.00578837 0.00403127 0.670393
0 0.731855 0.448879 0.0058661 0.00439274 0.669718
0 0.191104 0.569726 0.00648238 0.00470813 0.66966
0 0.0603607 0.395302 0.0073711 0.00477882 0.669594
0 0.500588 0.252653 0.00678476 0.00438455 0.669023
0 0.338321 0.69598 0.00643305 0.00539204 0.668831
0 0.544473 0.54552 0.00630936 0.00405931 0.668721
0 0.942429 0.142497 0.00596714 0.00523022 0.668481
0 0.0973212 0.661258 0.00725258 0.00511105 0.667749
0 0.323663 0.358208 0.00619749 0.00490895 0.667556
0 0.160766 0.193167 0.00725572 0.00548342 0.667028
0 0.258258 0.467404 0.00641314 0.0045066 0.665943
0 0.163674 0.645667 0.00718646 0.0045637 0.665819
0 0.39643 0.485591 0.00631668 0.0040108 0.665538
0 0.513146 0.457168 0.00650842 0.00532429 0.66501
0 0.682632 0.519875 0.00489512 0.00471804 0.664685
0 0.198198 0.0869746 0.00588275 0.00433392 0.664143
0 0.338899 0.442974 0.0066815 0.00424741 0.663741
0 0.826249 0.564169 0.00657892 0.00424032 0.663293
0 0.436376 0.48493 0.00593474 0.00409748 0.662651
0 0.363538 0.610401 0.00574867 0.00436303 0.662587
0 0.116415 0.54704 0.00871299 0.00640878 0.662171
0 0.213585 0.475723 0.00636722 0.00519342 0.661683
0 0.340964 0.417304 0.00613586 0.004193 0.660817
0 0.569874 0.454211 0.00614854 0.00498864 0.660759
0 0.527262 0.401144 0.00594509 0.00420954 0.660557
0 0.306741 0.272531 0.00598999 0.00493605 0.660302
0 0.497323 0.470984 0.00600766 0.00454126 0.659482
0 0.494738 0.72396 0.00672846 0.00441043 0.65946
0 0.691961 0.458137 0.00635837 0.00475155 0.65925
0 0.589053 0.438661 0.00564196 0.00467154 0.659088
0 0.163539 0.532585 0.00679879 0.00483571 0.658736
0 0.280198 0.737393 0.00648195 0.00486255 0.658625
0 0.349251 0.360613 0.00679502 0.00413885 0.658138
0 0.375318 0.425784 0.00631606 0.00406533 0.657711
0 0.274227 0.442005 0.00656453 0.00520684 0.657284
0 0.748208 0.434789 0.0063415 0.00404063 0.656827
0 0.535119 0.521232 0.00606607 0.00439928 0.65677
0 0.70277 0.395871 0.0060785 0.00484469 0.656398
0 0.496285 0.546407 0.00528578 0.00483896 0.65629
0 0.443149 0.627453 0.00692684 0.00422993 0.655451
0 0.176479 0.307839 0.00660047 0.00439949 0.655238
0 0.262621 0.459877 0.0057642 0.00421741 0.653099
0 0.34768 0.406729 0.00570246 0.00453139 0.653068
0 0.456634 0.120777 0.00666802 0.00484803 0.652428
0 0.672522 0.58652 0.00557574 0.00463713 0.651915
0 0.562963 0.336337 0.00623579 0.00512505 0.651522
0 0.58907 0.467087 0.00584724 0.00393553 0.651372
0 0.28663 0.527237 0.00609796 0.0043885 0.651023
0 0.412057 0.487034 0.00553525 0.00482627 0.650978
0 0.472419 0.499448 0.00594432 0.00407606 0.650771
0 0.205278 0.214049 0.00681481 0.00453064 0.650154
0 0.737455 0.471683 0.0058914 0.0045687 0.649992
0 0.212443 0.376524 0.0065707 0.00415834 0.649533
0 0.232344 0.547487 0.00561533 0.00441791 0.648842
0 0.385378 0.275809 0.00665827 0.00435653 0.648089
0 0.249922 0.484016 0.00583458 0.0037802 0.647988
0 0.884836 0.483963 0.00668446 0.00452203 0.646351
0 0.419659 0.452596 0.00560859 0.00379303 0.645929
0 0.31128 0.54414 0.00525637 0.00483541 0.644208
0 0.341268 0.329119 0.00622145 0.00449555 0.642839
0 0.296979 0.469933 0.00573671 0.0045658 0.642659
0 0.136629 0.512426 0.00617187 0.00479036 0.642631
0 0.064289 0.334601 0.00685347 0.00472811 0.642303
0 0.703428 0.402732 0.00662707 0.00406452 0.642214
0 0.370966 0.424163 0.0056003 0.00486371 0.642174
0 0.46912 0.476741 0.00497448 0.00443757 0.642023
0 0.368708 0.345817 0.00587559 0.00472755 0.641636
0 0.0889033 0.378203 0.00864326 0.00627363 0.641056
0 0.34589 0.477455 0.00522614 0.00444403 0.640674
0 0.239986 0.283486 0.00607793 0.00512729 0.64058
0 0.666459 0.44136 0.00593101 0.00473112 0.639768
0 0.808675 0.339284 0.00661043 0.00503978 0.639519
0 0.648068 0.471667 0.00620832 0.00439534 0.639296
0 0.207159 0.498201 0.00688556 0.00416069 0.638321
0 0.388489 0.530149 0.00607385 0.00450352 0.637765
0 0.497252 0.320254 0.00634162 0.00392012 0.637243
0 0.433094 0.0611656 0.00594908 0.00551388 0.63621
0 0.267755 0.443404 0.0060865 0.00430345 0.636115
0 0.434508 0.559202 0.00491669 0.00432131 0.635825
0 0.25783 0.531214 0.00653857 0.00413872 0.635567
0 0.286299 0.39713 0.00681103 0.00444907 0.634366
0 0.224857 0.446283 0.00750775 0.0064419 0.634061
0 0.45151 0.576745 0.00535747 0.00479763 0.633964
0 0.755571 0.268273 0.00685087 0.00544504 0.633696
0 0.181843 0.221134 0.00637896 0.00444349 0.63369
0 0.872519 0.470243 0.00686808 0.00440735 0.633648
0 0.120384 0.17496 0.00627504 0.0046187 0.633626
0 0.943595 0.166316 0.00583402 0.00459237 0.633159
0 0.527251 0.417185 0.00807174 0.00522774 0.633075
0 0.237279 0.382987 0.00601618 0.00485212 0.631947
0 0.177028 0.690075 0.00680283 0.00481255 0.631153
0 0.488168 0.277926 0.00703363 0.00462303 0.630826
0 0.157821 0.828519 0.00710347 0.00496428 0.630549
0 0.53123 0.655178 0.00740138 0.00459973 0.630519
0 0.0644173 0.144862 0.00591213 0.00479678 0.629139
0 0.280953 0.565678 0.00633227 0.00409927 0.629067
0 0.168604 0.525766 0.0063014 0.00408517 0.628449
0 0.262149 0.514886 0.00699907 0.00409307 0.627991
0 0.14904 0.531032 0.00627759 0.00479028 0.627921
0 0.670572 0.34439 0.00659049 0.00449354 0.627658
0 0.127929 0.14069 0.00651563 0.00400469 0.627147
0 0.462028 0.634891 0.00616261 0.0042089 0.627057
0 0.214474 0.361865 0.00620221 0.00502548 0.626841
0 0.369609 0.458003 0.00625491 0.00370626 0.626698
0 0.551157 0.494061 0.00548536 0.00384325 0.625991
0 0.636463 0.351044 0.00670674 0.0042628 0.625513
0 0.484854 0.669323 0.00996925 0.0068606 0.62532
0 0.608142 0.380672 0.00612437 0.0038577 0.624705
0 0.405237 0.725169 0.00738266 0.00550094 0.624431
0 0.465421 0.443557 0.0060455 0.0039501 0.623383
0 0.259636 0.428722 0.00578178 0.00476882 0.622345
0 0.472113 0.479659 0.0058596 0.00386599 0.621632
0 0.5537 0.60503 0.0054466 0.00460217 0.62156
0 0.517679 0.483872 0.00567302 0.00477015 0.62101
0 0.133259 0.0949428 0.00603302 0.00456414 0.620623
0 0.348832 0.374367 0.00533798 0.00451579 0.619711
0 0.671049 0.696829 0.00655869 0.00485229 0.619332
0 0.269697 0.368375 0.00707478 0.0042366 0.619271
0 0.555458 0.353043 0.00685167 0.00440199 0.619064
0 0.0224985 0.210959 0.00683365 0.00494819 0.618514
0 0.211522 0.386073 0.00612348 0.00474232 0.617824
0 0.804294 0.571417 0.00946586 0.00649353 0.617687
0 0.577507 0.269962 0.00685321 0.00456496 0.616825
0 0.609026 0.656358 0.0059786 0.00455494 0.616731
0 0.187662 0.550038 0.00813516 0.00514969 0.615996
0 0.670403 0.582614 0.00616478 0.00429169 0.615641
0 0.553944 0.562222 0.00546005 0.00403636 0.615473
0 0.564322 0.526308 0.00597711 0.00519855 0.615343
0 0.579896 0.38006 0.00598207 0.00424455 0.614963
0 0.354511 0.336798 0.00626898 0.00408213 0.614538
0 0.265685 0.451382 0.00969108 0.0047854 0.614312
0 0.440209 0.17243 0.00685195 0.00531538 0.613632
0 0.670795 0.476244 0.00546239 0.00483755 0.61343
0 0.220482 0.388068 0.00696039 0.00482943 0.613367
0 0.364961 0.257392 0.00632882 0.00483154 0.613365
0 0.648858 0.40331 0.00638966 0.00399101 0.613225
0 0.431129 0.441803 0.00686514 0.00544615 0.613204
0 0.331049 0.618357 0.00969214 0.00664424 0.612365
0 0.286757 0.382395 0.0065209 0.00425626 0.612344
0 0.302631 0.592894 0.00662773 0.00482421 0.612118
0 0.982394 0.745976 0.00651783 0.00458456 0.611752
0 0.52814 0.430314 0.00626001 0.00451019 0.611627
0 0.20924 0.250412 0.00632801 0.00428853 0.611413
0 0.60518 0.310031 0.00536739 0.00474848 0.611286
0 0.429702 0.354558 0.0061927 0.00400503 0.611273
0 0.306755 0.475148 0.00753357 0.00666108 0.611085
0 0.217309 0.661582 0.00643042 0.00455396 0.610809
0 0.522938 0.576 0.00690888 0.00450865 0.610668
0 0.914479 0.686626 0.00849301 0.00657235 0.609017
0 0.523946 0.652891 0.00605114 0.00560216 0.608902
0 0.486749 0.562589 0.00565484 0.00494094 0.608879
0 0.342128 0.601585 0.0097153 0.00701853 0.608774
0 0.303251 0.26636 0.00791833 0.00542993 0.608523
0 0.505783 0.239446 0.00655481 0.00492111 0.608133
0 0.292416 0.429334 0.00546849 0.0046765 0.606858
0 0.263317 0.451369 0.00625881 0.00546615 0.606148
0 0.74475 0.342091 0.00640858 0.00515339 0.606013
0 0.522146 0.806112 0.00617601 0.00532305 0.605782
0 0.597935 0.211967 0.00703853 0.00466895 0.60578
0 0.62097 0.48672 0.00523141 0.00475596 0.60567
0 0.832102 0.354662 0.00628639 0.00449955 0.605511
0 0.577439 0.463942 0.00555693 0.00497736 0.605483
0 0.349558 0.115655 0.00651441 0.00440654 0.605337
0 0.26458 0.621437 0.00544207 0.00417245 0.604987
0 0.473795 0.623713 0.00623359 0.00401678 0.60492
0 0.616128 0.673486 0.00607103 0.00523783 0.604581
0 0.247794 0.58902 0.0061743 0.00522658 0.603139
0 0.777419 0.106066 0.00650175 0.00426438 0.602448
0 0.59429 0.54207 0.00566242 0.0055065 0.602261
0 0.18143 0.335306 0.00586187 0.00507013 0.602012
0 0.167263 0.52235 0.00651842 0.00434957 0.602006
0 0.199965 0.359547 0.0065313 0.00434324 0.600875
0 0.859145 0.338617 0.00624228 0.00467708 0.600716
0 0.260632 0.655541 0.00763036 0.00567093 0.599501
0 0.291044 0.467722 0.00577147 0.00500232 0.599472
0 0.64635 0.578528 0.00631517 0.00433097 0.599431
0 0.4222 0.499266 0.00546088 0.00480118 0.598949
0 0.284824 0.551651 0.00637287 0.00458854 0.598512
0 0.405176 0.296821 0.00688255 0.00525565 0.598419
0 0.366713 0.248511 0.00631475 0.00493994 0.598392
0 0.20101 0.463253 0.00949457 0.0046394 0.597625
0 0.332116 0.231853 0.00695556 0.00445046 0.597314
0 0.060735 0.46338 0.00688017 0.00481494 0.597252
0 0.423692 0.448082 0.00615871 0.00438449 0.596869
0 0.340121 0.350449 0.00557141 0.00400421 0.596695
0 0.655718 0.514953 0.00540238 0.00465915 0.596547
0 0.385441 0.180501 0.00641869 0.00522 0.595661
0 0.135245 0.518875 0.00627574 0.00493786 0.595083
0 0.18764 0.449961 0.00727441 0.004738 0.594978
0 0.494428 0.394901 0.00595107 0.00509656 0.594829
0 0.661115 0.569137 0.00517802 0.00431012 0.594697
0 0.187816 0.583166 0.0103174 0.00611976 0.594261
0 0.469056 0.071502 0.00665836 0.0042975 0.594103
0 0.395261 0.346449 0.00524167 0.00414569 0.59391
0 0.366683 0.431254 0.00671974 0.00444591 0.593523
0 0.701594 0.724164 0.00667945 0.0055795 0.593023
0 0.235373 0.14186 0.00573309 0.00491642 0.593008
0 0.579093 0.431425 0.00602624 0.00397566 0.592776
0 0.263102 0.256297 0.00831936 0.00534789 0.592183
0 0.544808 0.514298 0.00592098 0.00429973 0.591771
0 0.274975 0.668385 0.00703397 0.00436307 0.590437
0 0.516443 0.403903 0.00580113 0.00389309 0.590019
0 0.327835 0.305738 0.00641465 0.00426402 0.588995
0 0.216732 0.517516 0.00725734 0.00444373 0.588882
0 0.452446 0.644268 0.00780062 0.00486238 0.588728
0 0.483398 0.485008 0.00514861 0.00384846 0.588443
0 0.365335 0.0743922 0.00624907 0.00453993 0.58624
0 0.677417 0.473246 0.00641747 0.00422074 0.585997
0 0.421757 0.344853 0.00592186 0.00455727 0.584712
0 0.232444 0.543083 0.00591132 0.0047972 0.583216
0 0.321812 0.415443 0.00521386 0.00401498 0.583031
0 0.182191 0.452654 0.00711057 0.00445296 0.582084
0 0.418874 0.313622 0.00606738 0.00417984 0.581912
0 0.622361 0.417537 0.00671216 0.0043267 0.581724
0 0.45477 0.469134 0.00665802 0.00464337 0.581338
0 0.602051 0.456236 0.00606345 0.00446728 0.581337
0 0.699384 0.513178 0.00672219 0.00459533 0.580474
0 0.691702 0.288199 0.00621043 0.00479735 0.579313
0 0.49313 0.579061 0.00636378 0.0041318 0.578476
0 0.55757 0.369552 0.0064063 0.00415355 0.578143
0 0.85523 0.560475 0.00670595 0.00469868 0.577545
0 0.22558 0.522174 0.00925775 0.00549145 0.577312
0 0.458197 0.551125 0.0056873 0.0045655 0.576395
0 0.333592 0.406181 0.0069098 0.00494983 0.575952
0 0.311777 0.661182 0.00760352 0.00525796 0.575414
0 0.823849 0.669566 0.00654906 0.00532074 0.574843
0 0.544403 0.357972 0.00611263 0.00519808 0.574842
0 0.45973 0.649326 0.0069961 0.00477874 0.574192
0 0.462841 0.624727 0.00612916 0.00435256 0.573975
0 0.293387 0.334003 0.00645101 0.00396929 0.57358
0 0.844439 0.133112 0.00506957 0.00449493 0.573396
0 0.425367 0.455955 0.00652945 0.00420373 0.573306
0 0.998035 0.0624904 0.00392939 0.00508693 0.572807
0 0.264257 0.63292 0.0058465 0.00481755 0.572716
0 0.416594 0.291118 0.00686289 0.00406741 0.572185
0 0.214607 0.126646 0.00678589 0.00419759 0.571965
0 0.304272 0.491828 0.00588701 0.00478053 0.571535
0 0.19824 0.621968 0.00657302 0.00525373 0.571105
0 0.478458 0.456478 0.00579076 0.00396455 0.571048
0 0.534115 0.661463 0.00687549 0.00499398 0.570911
0 0.651172 0.334353 0.00701768 0.00454678 0.570705
0 0.291974 0.162096 0.00692208 0.00475499 0.570393
0 0.508837 0.483255 0.00605137 0.0037517 0.570344
0 0.415646 0.630122 0.00879473 0.00523992 0.569777
0 0.975724 0.363115 0.00692336 0.00526834 0.569346
0 0.542816 0.353818 0.00624781 0.00425891 0.56906
0 0.398062 0.478881 0.00500634 0.00461076 0.568311
0 0.639519 0.459601 0.00566704 0.00357261 0.568208
0 0.460616 0.643562 0.00607377 0.00475472 0.56751
0 0.468222 0.486791 0.00590611 0.00464692 0.567385
0 0.214584 0.569888 0.00634895 0.00457131 0.567303
0 0.345024 0.504493 0.00557286 0.0039413 0.567228
0 0.535819 0.631258 0.00584251 0.00469415 0.567037
0 0.699844 0.825119 0.0069649 0.00474672 0.566981
0 0.0786404 0.459433 0.00701089 0.00469847 0.566703
0 0.13893 0.0950109 0.00638892 0.00456285 0.56635
0 0.288753 0.442187 0.00577042 0.00469808 0.565075
0 0.842242 0.571059 0.00620644 0.00497629 0.564888
0 0.70865 0.409996 0.00667164 0.00408478 0.564276
0 0.179601 0.399261 0.00688858 0.00423643 0.563719
0 0.351269 0.430111 0.00593836 0.0046974 0.563609
0 0.185574 0.398762 0.00697263 0.00409021 0.563429
0 0.388281 0.406999 0.00599811 0.00452532 0.563328
0 0.270505 0.286386 0.00604866 0.00508167 0.563114
0 0.568944 0.387251 0.00616541 0.00410333 0.56309
0 0.48397 0.462649 0.00569855 0.00484593 0.562186
0 0.0826338 0.103537 0.00676894 0.00476776 0.561907
0 0.387226 0.332505 0.00812169 0.00552994 0.561797
0 0.295099 0.646988 0.00633013 0.0046986 0.561472
0 0.189592 0.57889 0.00683994 0.00417428 0.561146
0 0.281904 0.641922 0.00573622 0.00454597 0.560956
0 0.583837 0.346327 0.00581219 0.00447504 0.560827
0 0.356889 0.429378 0.00576455 0.00505763 0.56073
0 0.205133 0.360184 0.0062298 0.00482259 0.560373
0 0.186472 0.597756 0.00668185 0.00483913 0.560231
0 0.782068 0.699828 0.00661681 0.00522128 0.560107
0 0.502524 0.662251 0.00589032 0.00469971 0.559713
0 0.349085 0.252967 0.00607365 0.00512039 0.55896
0 0.330257 0.71346 0.00620071 0.00423348 0.558729
0 0.477704 0.279257 0.00663662 0.00466391 0.558428
0 0.40077 0.0907856 0.00618099 0.00489324 0.558343
0 0.364068 0.7129 0.00638085 0.00462213 0.558313
0 0.148829 0.554787 0.00959161 0.00551347 0.557806
0 0.236084 0.325979 0.00581592 0.00476602 0.557719
0 0.195976 0.275222 0.00693923 0.00457804 0.557512
0 0.902695 0.137569 0.00660371 0.00489919 0.557241
0 0.513979 0.3788 0.00550884 0.00461952 0.557077
0 0.519446 0.500897 0.00515203 0.00410188 0.556971
0 0.217869 0.525688 0.00731724 0.00431422 0.556835
0 0.521887 0.727071 0.00681041 0.00516756 0.556669
0 0.492755 0.416139 0.00659818 0.00451489 0.556424
0 0.359575 0.0739973 0.00532425 0.0046091 0.556141
0 0.734711 0.38366 0.0054971 0.00445976 0.555007
0 0.764756 0.467458 0.00675986 0.0045119 0.554239
0 0.27152 0.489671 0.00578059 0.00495034 0.553846
0 0.225943 0.494703 0.00652643 0.00458396 0.553585
0 0.205116 0.52226 0.00652018 0.00406495 0.553548
0 0.137271 0.568129 0.00662157 0.00439859 0.553395
0 0.499182 0.531946 0.00626326 0.00465085 0.552968
0 0.609774 0.41733 0.00564327 0.00406405 0.552559
0 0.426966 0.73795 0.0110883 0.00805861 0.552534
0 0.462984 0.430264 0.00573773 0.00362817 0.552495
0 0.656796 0.425584 0.00548359 0.00441466 0.551988
0 0.391506 0.437236 0.00546005 0.00492453 0.55193
0 0.284411 0.365639 0.0067174 0.00433315 0.551718
0 0.553004 0.381843 0.00633597 0.00427853 0.551141
0 0.124808 0.297276 0.00627185 0.00493329 0.551125
0 0.561937 0.465007 0.00623089 0.00440086 0.550371
0 0.16268 0.29571 0.00653834 0.00504098 0.550123
0 0.141145 0.8565 0.00722617 0.00463671 0.549539
0 0.41887 0.642356 0.00560765 0.00469402 0.549161
0 0.169895 0.608356 0.00701579 0.0047227 0.548878
0 0.181197 0.314742 0.00701964 0.00419771 0.548847
0 0.705044 0.612997 0.00576888 0.00491966 0.548636
0 0.268758 0.46415 0.00598891 0.00454353 0.548481
0 0.36748 0.490258 0.0062351 0.00398207 0.547839
0 0.876202 0.250942 0.0112792 0.00845905 0.547754
0 0.644518 0.376674 0.0061605 0.00464641 0.547716
0 0.740272 0.173505 0.00627602 0.00473427 0.547428
0 0.657441 0.706037 0.00708572 0.00472112 0.547407
0 0.48057 0.564551 0.00586308 0.0048096 0.546873
0 0.406575 0.578733 0.00664953 0.00419796 0.546651
0 0.458688 0.564021 0.00515693 0.00427806 0.546546
0 0.473022 0.390462 0.00592582 0.00399113 0.546456
0 0.624668 0.149609 0.00654655 0.00465399 0.5463
0 0.647123 0.660173 0.00643474 0.00403371 0.546059
0 0.619813 0.324375 0.0057976 0.00445031 0.545471
0 0.524466 0.558253 0.00727766 0.00530433 0.545271
0 0.519786 0.551109 0.00589209 0.00432392 0.544705
0 0.515352 0.657804 0.00799561 0.00689727 0.544244
0 0.812754 0.123991 0.00601889 0.00508402 0.543399
0 0.85243 0.519168 0.0068405 0.00596324 0.54279
0 0.306261 0.208271 0.00704418 0.0045287 0.542715
0 0.231176 0.479393 0.00681873 0.0041801 0.542402
0 0.791753 0.488361 0.0067247 0.00398985 0.54239
0 0.404208 0.465084 0.00615526 0.00369686 0.541025
0 0.286559 0.286397 0.00655578 0.00507767 0.540232
0 0.238596 0.19283 0.00705697 0.00468558 0.539953
0 0.0571561 0.424303 0.00671379 0.00469159 0.539913
0 0.524878 0.206971 0.00638487 0.00519002 0.537762
0 0.148971 0.326201 0.00793866 0.00523539 0.537499
0 0.162226 0.352877 0.00656949 0.00522596 0.537319
0 0.413002 0.221125 0.00706737 0.0046928 0.537043
0 0.45215 0.634115 0.00630101 0.0040005 0.536318
0 0.382974 0.709326 0.00678388 0.00472112 0.536081
0 0.623782 0.80542 0.00657385 0.00590306 0.535428
0 0.689557 0.682601 0.00922218 0.00769304 0.535275
0 0.249105 0.277666 0.00676806 0.0041 0.534989
0 0.129963 0.548953 0.00756911 0.00565195 0.534881
0 0.450121 0.472066 0.00551436 0.00481725 0.534362
0 0.258442 0.502025 0.00580888 0.00448608 0.534344
0 0.383805 0.604259 0.00615392 0.00396857 0.533686
0 0.536894 0.611104 0.00630457 0.00393151 0.533622
0 0.731085 0.389683 0.00653293 0.00450703 0.533206
0 0.212969 0.0804331 0.00641976 0.00472211 0.532799
0 0.223246 0.555225 0.0069023 0.0048467 0.532662
0 0.485454 0.368464 0.00568237 0.00471548 0.531659
0 0.272111 0.691575 0.00685238 0.00459841 0.531413
0 0.841892 0.47382 0.00712077 0.00426793 0.531097
0 0.700801 0.280876 0.00673467 0.00510934 0.53007
0 0.502042 0.32545 0.00585915 0.00391405 0.529884
0 0.313669 0.47433 0.00555161 0.00447164 0.52959
0 0.430919 0.221078 0.00649298 0.0052383 0.529539
0 0.213967 0.347102 0.00765503 0.00528798 0.528482
0 0.369828 0.396117 0.00588696 0.00483323 0.52838
0 0.464698 0.456753 0.00606174 0.00473087 0.528243
0 0.241187 0.308861 0.00626431 0.00494968 0.52801
0 0.168629 0.534731 0.00634739 0.00457221 0.526986
0 0.157486 0.171051 0.00669331 0.00441779 0.52472
0 0.86219 0.156313 0.00669329 0.00514142 0.523907
0 0.335705 0.315517 0.00586978 0.00402249 0.523648
0 0.479597 0.469465 0.00481702 0.00436465 0.523637
0 0.371346 0.232547 0.0058084 0.00487837 0.523196
0 0.527305 0.422532 0.00642015 0.00484452 0.523136
0 0.288214 0.62502 0.00676493 0.00440932 0.523066
0 0.174658 0.535561 0.00649608 0.00525873 0.522856
0 0.0658927 0.219833 0.00598182 0.00399374 0.522126
0 0.425221 0.453406 0.00643197 0.0042637 0.52188
0 0.595096 0.676518 0.00597005 0.00530779 0.521581
0 0.417113 0.43755 0.0061146 0.00452682 0.520914
0 0.213392 0.283869 0.00688948 0.00534224 0.519604
0 0.0448988 0.518282 0.00685032 0.00523667 0.519158
0 0.356508 0.649831 0.00631671 0.00447809 0.519055
0 0.294645 0.521949 0.00555842 0.00433965 0.518323
0 0.509206 0.588849 0.00636846 0.00525484 0.5168
0 0.295805 0.50476 0.00590103 0.00382038 0.516598
0 0.144321 0.532937 0.00697992 0.00520812 0.515881
0 0.608786 0.320241 0.00533268 0.00461854 0.51562
0 0.156422 0.527992 0.00712674 0.00445232 0.515139
0 0.559898 0.126306 0.0066175 0.00461177 0.515068
0 0.234528 0.488647 0.00641389 0.00438333 0.515068
0 0.489584 0.746485 0.00659311 0.00563096 0.514472
0 0.410483 0.509489 0.00972146 0.00491235 0.513649
0 0.328125 0.651368 0.00597042 0.00442069 0.512671
0 0.638569 0.0551421 0.00660416 0.00465021 0.510226
0 0.890781 0.492405 0.00666058 0.00434828 0.510006
0 0.338226 0.646898 0.0065606 0.00414458 0.509542
0 0.129729 0.123305 0.00709287 0.00438244 0.509207
0 0.179664 0.583062 0.00618874 0.00501023 0.50886
0 0.22019 0.359848 0.00694074 0.00449064 0.508457
0 0.441603 0.0648486 0.00625556 0.00498772 0.508133
0 0.385474 0.22955 0.00586621 0.00496674 0.507973
0 0.291495 0.399123 0.00625833 0.00443753 0.507495
0 0.950131 0.141897 0.00644938 0.00389756 0.506895
0 0.269285 0.612706 0.00621416 0.00478848 0.505752
0 0.16383 0.45608 0.00870389 0.00526967 0.505632
0 0.377941 0.703245 0.00754727 0.00542952 0.50456
0 0.29992 0.46679 0.0061205 0.00447506 0.504012
0 0.440992 0.124201 0.00715798 0.00473497 0.503407
0 0.924049 0.512704 0.00806553 0.00551261 0.50335
0 0.342889 0.507355 0.00508085 0.00439846 0.503191
0 0.37322 0.494088 0.00593999 0.00460264 0.502529
0 0.225044 0.399501 0.00567844 0.00491948 0.502526
0 0.150323 0.567661 0.00754314 0.00432944 0.502076
0 0.604458 0.702948 0.00694017 0.00468966 0.501276
0 0.402873 0.483017 0.00565518 0.00507143 0.50127
0 0.616282 0.742765 0.00916696 0.00904979 0.50126
0 0.394372 0.470201 0.00601481 0.00394301 0.500813
0 0.17285 0.0814412 0.00641648 0.00407864 0.499975
0 0.389167 0.493374 0.00544609 0.00479498 0.499211
0 0.443346 0.415735 0.00588362 0.00396942 0.49881
0 0.237111 0.647045 0.00564044 0.00415898 0.498115
0 0.340706 0.345659 0.00595737 0.00533846 0.498092
0 0.154658 0.511945 0.00745236 0.00525261 0.497805
0 0.666161 0.658154 0.00751297 0.00629115 0.497789
0 0.308963 0.464394 0.00700918 0.00419698 0.497391
0 0.868044 0.378747 0.00712778 0.00452609 0.497084
0 0.4718 0.496087 0.00546265 0.00391796 0.49673
0 0.349925 0.533471 0.00675798 0.00458204 0.496044
0 0.400479 0.255476 0.00699579 0.00458599 0.495482
0 0.516159 0.335261 0.00550678 0.00472608 0.494753
0 0.196593 0.566129 0.00712038 0.004471 0.49381
0 0.178384 0.323724 0.0063094 0.00469986 0.493487
0 0.675698 0.539486 0.00635199 0.00415343 0.492854
0 0.176371 0.551001 0.00623744 0.00434982 0.492062
0 0.321777 0.336188 0.00651973 0.00419219 0.491634
0 0.282884 0.40136 0.00623858 0.00401375 0.490563
0 0.729425 0.310723 0.00616062 0.00495812 0.490366
0 0.27181 0.49458 0.00797623 0.00488234 0.490049
0 0.672328 0.605818 0.00595911 0.00503587 0.489127
0 0.773408 0.581083 0.00608921 0.00460038 0.488433
0 0.490409 0.368805 0.00660815 0.00463427 0.488224
0 0.124768 0.827438 0.0110136 0.00689885 0.48793
0 0.271158 0.543837 0.00660792 0.00434085 0.487665
0 0.178937 0.418108 0.00596305 0.00504335 0.486913
0 0.207855 0.561584 0.010849 0.0074583 0.486738
0 0.110343 0.362462 0.00699361 0.0045278 0.485402
0 0.0882214 0.51973 0.00716337 0.00450882 0.484874
0 0.240033 0.546556 0.00640191 0.0042469 0.484512
0 0.256988 0.271172 0.00668426 0.00468639 0.484252
0 0.591146 0.478521 0.00535331 0.0051193 0.484162
0 0.152242 0.365061 0.00529642 0.00444403 0.48413
0 0.370507 0.485599 0.00575634 0.00478622 0.483794
0 0.295634 0.389146 0.00631412 0.00410538 0.483602
0 0.384759 0.396137 0.00584444 0.00431465 0.483491
0 0.0522188 0.143298 0.00633928 0.00424766 0.483308
0 0.0973115 0.146212 0.00578006 0.00478566 0.482701
0 0.229379 0.338995 0.00547158 0.00439543 0.482557
0 0.284098 0.466212 0.00670905 0.00459208 0.482492
0 0.258821 0.615942 0.0069502 0.00462273 0.481244
0 0.108787 0.158582 0.00656799 0.00431 0.480427
0 0.678807 0.462333 0.00648489 0.0043603 0.480247
0 0.19269 0.374039 0.00936541 0.00506981 0.479994
0 0.500309 0.245897 0.00550473 0.00483947 0.47896
0 0.549414 0.526363 0.00623391 0.00404366 0.478517
0 0.574142 0.712468 0.00632019 0.0048596 0.477938
0 0.505716 0.667925 0.00608363 0.00502326 0.477876
0 0.890634 0.190211 0.00627397 0.00489151 0.477303
0 0.301802 0.290802 0.00793175 0.00434961 0.476892
0 0.262851 0.669704 0.00598438 0.00440654 0.476463
0 0.360245 0.396198 0.00673538 0.00466851 0.47512
0 0.354667 0.390525 0.00764894 0.00560151 0.474908
0 0.336809 0.347627 0.00483386 0.00428746 0.474806
0 0.299844 0.328875 0.00658108 0.00490198 0.474072
0 0.756062 0.464023 0.00671518 0.00429323 0.473909
0 0.178717 0.523857 0.00579575 0.00489085 0.473773
0 0.361829 0.541149 0.00551736 0.00445232 0.473671
0 0.438085 0.464372 0.00615768 0.00559416 0.47348
0 0.813202 0.503103 0.00645548 0.00509879 0.473139
0 0.482285 0.163204 0.0083103 0.00702846 0.471958
0 0.418927 0.230433 0.00578107 0.00444144 0.471882
0 0.755433 0.758967 0.00725236 0.00604633 0.471287
0 0.453587 0.465252 0.00733753 0.00439697 0.469934
0 0.677532 0.646774 0.00668161 0.0053363 0.46969
0 0.12131 0.19087 0.00616548 0.00490072 0.468907
0 0.55786 0.384156 0.00586912 0.00467958 0.467192
0 0.418938 0.348411 0.00637817 0.0045144 0.466786
0 0.298977 0.488763 0.00721201 0.00463436 0.46669
0 0.129424 0.597436 0.0078772 0.00504083 0.466403
0 0.181296 0.340172 0.0062881 0.0045185 0.466208
0 0.515935 0.759513 0.00750903 0.00475502 0.466033
0 0.593113 0.477927 0.00916684 0.00549628 0.465874
0 0.653595 0.474589 0.00527524 0.00496235 0.46446
0 0.63581 0.398522 0.00649264 0.00418172 0.464162
0 0.341167 0.394389 0.00648437 0.00430657 0.463718
0 0.212323 0.52235 0.00557135 0.00428494 0.463617
0 0.120363 0.0708403 0.0061524 0.0054269 0.463157
0 0.258365 0.42372 0.00739218 0.00430982 0.462668
0 0.238486 0.327253 0.00525703 0.00426231 0.462572
0 0.460142 0.657709 0.00711384 0.00484614 0.461817
0 0.399152 0.297633 0.00684286 0.00432781 0.461627
0 0.730243 0.553979 0.00637689 0.00417381 0.461341
0 0.137338 0.143654 0.00587535 0.00452021 0.461064
0 0.468146 0.638102 0.0084722 0.00668506 0.461035
0 0.181024 0.36411 0.00609009 0.00520406 0.460908
0 0.495829 0.781608 0.00766729 0.00626277 0.46088
0 0.430859 0.692826 0.00600638 0.00463867 0.460069
0 0.81417 0.339167 0.00679046 0.00605438 0.459799
0 0.0842989 0.219983 0.00667215 0.00449538 0.45937
0 0.33757 0.486991 0.00599874 0.00438201 0.458789
0 0.381928 0.529825 0.00655524 0.00424032 0.458264
0 0.31312 0.434542 0.00565592 0.00521556 0.458254
0 0.655252 0.518547 0.00623225 0.00359667 0.457201
0 0.647076 0.596677 0.00585071 0.00495812 0.457037
0 0.287073 0.18726 0.00709219 0.00500424 0.456802
0 0.371551 0.394382 0.00586835 0.00444458 0.4564
0 0.226892 0.202111 0.00592669 0.00509282 0.455372
0 0.472437 0.555873 0.00614193 0.00444099 0.454622
0 0.471601 0.604733 0.00633575 0.00547534 0.453975
0 0.517968 0.752659 0.00645588 0.0055948 0.453161
0 0.178003 0.51512 0.00709468 0.00496642 0.453128
0 0.591987 0.67009 0.00585265 0.00510896 0.452415
0 0.198079 0.368807 0.00668513 0.00431986 0.452262
0 0.380269 0.524873 0.00528949 0.00419074 0.452249
0 0.725718 0.496653 0.00559535 0.00469488 0.45106
0 0.760953 0.842172 0.00682551 0.0052374 0.45055
0 0.753216 0.282135 0.00691994 0.00457422 0.450519
0 0.61237 0.690314 0.00647805 0.00469988 0.450208
0 0.203686 0.827172 0.00755093 0.00597854 0.449941
0 0.178483 0.466312 0.00753793 0.00430559 0.449777
0 0.131848 0.276278 0.00757003 0.0055555 0.449103
0 0.501467 0.18368 0.00701232 0.00470043 0.448483
0 0.440525 0.549161 0.00680066 0.00442941 0.448091
0 0.192335 0.650181 0.00654376 0.00454007 0.447905
0 0.0792146 0.203459 0.00685055 0.00501288 0.447631
0 0.557104 0.656637 0.00740708 0.00526834 0.447248
0 0.264 0.412109 0.00697567 0.00458828 0.446754
0 0.420291 0.570877 0.00542714 0.00504369 0.446334
0 0.69408 0.545639 0.00559922 0.00458041 0.446
0 0.396027 0.369877 0.00595514 0.00460298 0.445472
0 0.383926 0.76017 0.00740819 0.00513567 0.445318
0 0.26258 0.298953 0.00678302 0.00419339 0.44528
0 0.421363 0.261414 0.00644722 0.00560534 0.445089
0 0.724238 0.384265 0.00658427 0.00504527 0.444903
0 0.41871 0.637062 0.00640014 0.00407158 0.444417
0 0.132666 0.705407 0.00830397 0.00661872 0.444207
0 0.380576 0.272754 0.00592614 0.00481671 0.443357
0 0.446312 0.221061 0.00697619 0.00549389 0.443246
0 0.162176 0.343991 0.00599291 0.0040137 0.44304
0 0.204005 0.571245 0.00822251 0.00573324 0.443019
0 0.407641 0.508715 0.00638077 0.00478887 0.443012
0 0.950014 0.589276 0.0075952 0.00513251 0.442866
0 0.691741 0.575988 0.00715257 0.00445104 0.441137
0 0.784343 0.462293 0.00605895 0.00505818 0.440747
0 0.314345 0.642105 0.0106186 0.00624623 0.44039
0 0.657116 0.500523 0.0103065 0.00577894 0.438722
0 0.594812 0.522101 0.00607491 0.00510815 0.438629
0 0.412484 0.510044 0.00605091 0.00431272 0.437351
0 0.485986 0.395057 0.00706902 0.00537648 0.436408
0 0.20229 0.37417 0.00846383 0.00545115 0.436348
0 0.192794 0.32087 0.0059704 0.00454654 0.43611
0 0.232007 0.410603 0.00890032 0.0055801 0.435215
0 0.21543 0.299993 0.00652092 0.00439413 0.434753
0 0.42232 0.566709 0.00652475 0.00406717 0.434373
0 0.0398271 0.420061 0.00788991 0.00477844 0.434099
0 0.567971 0.465261 0.00599182 0.00464795 0.433973
0 0.672634 0.462778 0.00590366 0.00458289 0.433534
0 0.415642 0.735699 0.00765763 0.00497077 0.433241
0 0.667764 0.579653 0.0089936 0.00575209 0.432872
0 0.865568 0.166488 0.00646722 0.00470445 0.432841
0 0.1707 0.450134 0.0056911 0.00429793 0.431865
0 0.475979 0.449957 0.00573126 0.00383393 0.431761
0 0.499815 0.613495 0.00564966 0.00435021 0.431562
0 0.4353 0.435917 0.00579937 0.00390407 0.431561
0 0.41301 0.638126 0.00692835 0.00476788 0.431515
0 0.409765 0.293171 0.0065364 0.0039853 0.43148
0 0.180174 0.211521 0.00556849 0.00459196 0.430593
0 0.672209 0.479868 0.00683964 0.0040108 0.430373
0 0.692162 0.406016 0.00593688 0.00507622 0.430149
0 0.280486 0.404599 0.0057462 0.00461854 0.430086
0 0.741747 0.499093 0.00613315 0.00465295 0.429708
0 0.372387 0.378023 0.00631797 0.00407811 0.4292
0 0.160522 0.25841 0.00758675 0.00511219 0.427889
0 0.11611 0.859109 0.00632336 0.00540469 0.42769
0 0.233893 0.259716 0.00636605 0.00485603 0.427595
0 0.544582 0.530734 0.00670384 0.00511054 0.427503
0 0.837583 0.47837 0.00600202 0.00509139 0.427289
0 0.272247 0.67293 0.00654666 0.00459469 0.427005
0 0.337338 0.461806 0.00610594 0.00499775 0.426628
0 0.499021 0.334837 0.00567353 0.00495806 0.426496
0 0.973354 0.223624 0.00618467 0.00522861 0.425968
0 0.502121 0.635627 0.00638316 0.00464453 0.424568
0 0.262621 0.50186 0.00610508 0.00444693 0.42452
0 0.426391 0.519211 0.00594922 0.00453348 0.423863
0 0.267656 0.451975 0.00674273 0.00388518 0.423632
0 0.557118 0.4686 0.00594497 0.00417505 0.42357
0 0.524168 0.622307 0.00646443 0.00435636 0.423457
0 0.267532 0.424384 0.00657242 0.00476651 0.423305
0 0.862802 0.458037 0.00658855 0.00466568 0.42191
0 0.393712 0.622513 0.00560982 0.00528394 0.421807
0 0.0700566 0.425068 0.00742446 0.00568845 0.421652
0 0.278171 0.495148 0.00621097 0.00467342 0.421498
0 0.170951 0.317354 0.00703463 0.00541978 0.420828
0 0.370451 0.228268 0.00604758 0.00479305 0.420131
0 0.37383 0.714949 0.00645143 0.00544645 0.420065
0 0.341731 0.262199 0.00588773 0.00511129 0.419387
0 0.224001 0.338485 0.00707234 0.00458234 0.419125
0 0.331683 0.271935 0.00677533 0.00429932 0.418911
0 0.156963 0.560514 0.00703902 0.00619562 0.418496
0 0.962973 0.200642 0.00796637 0.0070265 0.41776
0 0.192046 0.265098 0.00575094 0.00452135 0.417215
0 0.896654 0.45335 0.00736554 0.00539204 0.416584
0 0.577786 0.574268 0.0052986 0.00487948 0.415838
0 0.203448 0.462931 0.00582762 0.00457247 0.414957
0 0.223979 0.311461 0.00790589 0.00446467 0.414639
0 0.835349 0.36088 0.00731077 0.00464141 0.414415
0 0.473352 0.456925 0.00530963 0.00392224 0.414371
0 0.135127 0.187231 0.00720899 0.00427191 0.413336
0 0.356231 0.457369 0.00632586 0.00383872 0.412886
0 0.467956 0.491571 0.00551525 0.00417116 0.412401
0 0.348578 0.421326 0.00699955 0.00428639 0.41219
0 0.381421 0.714309 0.00869124 0.0069781 0.412058
0 0.443892 0.485641 0.00527738 0.00391689 0.411562
0 0.292711 0.540654 0.00607374 0.00409136 0.411199
0 0.467951 0.514352 0.00615632 0.00498505 0.410506
0 0.399571 0.519841 0.00523956 0.00447266 0.410156
0 0.181182 0.423545 0.00668959 0.00397327 0.409171
0 0.618518 0.803767 0.00708532 0.00493897 0.409077
0 0.359617 0.550654 0.00584581 0.00460944 0.408667
0 0.538915 0.724413 0.00641798 0.00542315 0.408531
0 0.267798 0.345116 0.00609001 0.00435534 0.407892
0 0.227029 0.393612 0.00517706 0.00445069 0.407354
0 0.38739 0.399831 0.00675886 0.00386483 0.407076
0 0.142587 0.280014 0.00629181 0.00510383 0.406473
0 0.829163 0.400365 0.0075002 0.00494051 0.405429
0 0.187735 0.369702 0.00629403 0.00503523 0.405378
0 0.191083 0.376166 0.00685667 0.00488623 0.404091
0 0.919494 0.768102 0.011511 0.0088136 0.402876
0 0.234973 0.518821 0.0061994 0.00468838 0.402638
0 0.433897 0.631385 0.00747421 0.00671451 0.402287
0 0.471342 0.546243 0.00745538 0.00658727 0.402234
0 0.592163 0.4856 0.00557472 0.00419194 0.401475
0 0.704284 0.315029 0.00696251 0.0053303 0.401433
0 0.17676 0.547113 0.00650556 0.0051099 0.401422
0 0.357258 0.389237 0.00571924 0.00444633 0.401252
0 0.158295 0.282515 0.00711094 0.00441449 0.400301
0 0.357737 0.480659 0.00534665 0.00427896 0.400239
0 0.33238 0.22608 0.00688797 0.00486755 0.399825
0 0.206093 0.619161 0.00614562 0.0046188 0.399602
0 0.135436 0.446995 0.00857241 0.00580223 0.398904
0 0.299675 0.463513 0.00713761 0.00326568 0.398428
0 0.258664 0.434454 0.0089302 0.00735401 0.398142
0 0.474751 0.451311 0.00772331 0.00594687 0.397642
0 0.230158 0.413541 0.0074572 0.00527005 0.397022
0 0.617551 0.374396 0.00572089 0.00489858 0.396411
0 0.54437 0.620835 0.00603878 0.00410414 0.396249
0 0.117234 0.81552 0.00763151 0.00532921 0.396162
0 0.24354 0.304179 0.00663867 0.00485732 0.395588
0 0.0540768 0.147713 0.00767085 0.00484008 0.395285
0 0.541657 0.530932 0.00565678 0.00482874 0.395189
0 0.161702 0.378293 0.0068295 0.00470351 0.394327
0 0.576678 0.454439 0.00544621 0.00515632 0.394243
0 0.546957 0.704688 0.00699243 0.00759272 0.39409
0 0.348853 0.512959 0.0056796 0.00487191 0.39381
0 0.421558 0.623544 0.00579087 0.0051664 0.393639
0 0.460167 0.564581 0.00439257 0.00353461 0.393434
0 0.677883 0.771323 0.00659824 0.00458601 0.393301
0 0.244196 0.521311 0.00561757 0.00475578 0.393264
0 0.840858 0.334492 0.00720038 0.00453295 0.392516
0 0.47396 0.452994 0.00840897 0.00454968 0.392347
0 0.394929 0.49339 0.00643314 0.00462799 0.391782
0 0.561169 0.349878 0.00683092 0.00456276 0.391712
0 0.377247 0.572427 0.00547322 0.00519756 0.390972
0 0.450892 0.275069 0.00720027 0.00425878 0.390818
0 0.226161 0.506662 0.00578844 0.00463752 0.390802
0 0.382573 0.284676 0.00578894 0.00728977 0.390677
0 0.308325 0.466976 0.00685699 0.00468616 0.390516
0 0.215458 0.21663 0.0063968 0.00534848 0.390427
0 0.935199 0.17031 0.00604596 0.005055 0.390181
0 0.0911145 0.343802 0.00687933 0.00486967 0.390168
0 0.346242 0.512281 0.00938719 0.00568024 0.389939
0 0.155129 0.36081 0.00600927 0.00504726 0.389911
0 0.2189 0.49546 0.00534912 0.00408269 0.389069
0 0.268292 0.439678 0.00669834 0.00320469 0.38787
0 0.528669 0.652109 0.00653532 0.00435081 0.387808
0 0.611032 0.313069 0.00633204 0.0050513 0.38708
0 0.173697 0.41336 0.00857258 0.00484939 0.386767
0 0.447914 0.879719 0.00726287 0.00546427 0.385732
0 0.196927 0.318009 0.00717174 0.00416824 0.38569
0 0.355296 0.739617 0.00878291 0.00678302 0.385562
0 0.443184 0.34399 0.00665676 0.00411727 0.385546
0 0.334378 0.628934 0.00835996 0.00682863 0.385414
0 0.988482 0.365611 0.00678556 0.00530001 0.385108
0 0.504376 0.750081 0.00679342 0.00571132 0.384858
0 0.881593 0.178416 0.00606043 0.00431377 0.384725
0 0.532426 0.638562 0.00817096 0.00537233 0.38448
0 0.36995 0.624136 0.00749034 0.00553428 0.384056
0 0.473833 0.396977 0.00537574 0.00401986 0.383739
0 0.281277 0.302195 0.00643391 0.0052668 0.383175
0 0.14329 0.583486 0.00845515 0.00649212 0.382331
0 0.530442 0.475112 0.00589266 0.00359069 0.382307
0 0.729451 0.705835 0.00627625 0.00530942 0.382169
0 0.48095 0.516806 0.00680271 0.0049942 0.381905
0 0.294831 0.540872 0.00702144 0.004302 0.381224
0 0.325916 0.0713273 0.00610477 0.00405642 0.381221
0 0.158415 0.478558 0.00601185 0.0050148 0.381128
0 0.376475 0.481188 0.00585011 0.00413107 0.381102
0 0.602863 0.533012 0.00626388 0.00426396 0.380703
0 0.276435 0.288174 0.00574785 0.00488984 0.380563
0 0.76271 0.414534 0.00685617 0.00412911 0.380308
0 0.105937 0.531098 0.00725347 0.00483315 0.379838
0 0.644135 0.657157 0.00582062 0.00518718 0.378941
0 0.184936 0.456012 0.00879647 0.00488217 0.378756
0 0.112508 0.774346 0.00657916 0.00537297 0.378613
0 0.615593 0.527714 0.00665562 0.00527531 0.378525
0 0.731467 0.681518 0.00708766 0.00475715 0.377942
0 0.414848 0.14257 0.00621088 0.00473814 0.377099
0 0.250228 0.144234 0.00713148 0.00465055 0.376774
0 0.522259 0.37881 0.00716186 0.00569495 0.375549
0 0.0331459 0.34883 0.00685056 0.00511785 0.375463
0 0.809685 0.390258 0.00645708 0.00501869 0.375362
0 0.530859 0.653095 0.0074439 0.00391249 0.3745
0 0.36721 0.327252 0.00605958 0.00483118 0.373981
0 0.340091 0.365276 0.00663032 0.00507494 0.373104
0 0.604196 0.699797 0.00791964 0.00467197 0.373045
0 0.444025 0.133406 0.00677165 0.00448713 0.372462
0 0.0771777 0.213558 0.00626308 0.00479021 0.372407
0 0.19202 0.513076 0.00592117 0.00479258 0.371809
0 0.319632 0.567356 0.00607787 0.00382085 0.371759
0 0.392554 0.160285 0.00671951 0.00489243 0.371048
0 0.222488 0.371219 0.00654829 0.00487734 0.370916
0 0.982615 0.596159 0.00659624 0.00538879 0.370829
0 0.323243 0.38647 0.00637578 0.0043941 0.370034
0 0.896948 0.476207 0.00692655 0.00452818 0.37001
0 0.41466 0.469842 0.0065323 0.00410966 0.36963
0 0.308923 0.538957 0.00883938 0.00681256 0.369452
0 0.096326 0.507589 0.010004 0.00584031 0.369133
0 0.290541 0.646614 0.00566681 0.0050987 0.369092
0 0.309811 0.225554 0.00867645 0.00532386 0.368753
0 0.320542 0.369516 0.00702121 0.0051511 0.367947
0 0.122517 0.434875 0.00985842 0.00589485 0.36763
0 0.161766 0.445156 0.00716825 0.00529724 0.367626
0 0.14558 0.304294 0.00636205 0.00432969 0.367563
0 0.404384 0.272008 0.00662251 0.00452919 0.367313
0 0.368173 0.286494 0.00638547 0.00470426 0.366655
0 0.33619 0.335969 0.00624396 0.00472309 0.366616
0 0.668145 0.675089 0.00745928 0.00567798 0.366433
0 0.39516 0.475532 0.00715334 0.0040744 0.366261
0 0.158797 0.472355 0.00579266 0.00412214 0.365754
0 0.09708 0.484202 0.0063758 0.00475407 0.365146
0 0.449624 0.461923 0.00521013 0.0040947 0.364909
0 0.271256 0.304748 0.00588548 0.00448555 0.364714
0 0.112872 0.102456 0.00807704 0.00540117 0.364597
0 0.467038 0.630116 0.00622319 0.00530502 0.364558
0 0.203117 0.635461 0.00718289 0.00474728 0.362792
0 0.37473 0.675121 0.00696342 0.0048932 0.361732
0 0.396496 0.478112 0.00688441 0.00548577 0.361265
0 0.414068 0.308736 0.00585955 0.00524302 0.361209
0 0.119811 0.501969 0.00768334 0.00541183 0.360854
0 0.480447 0.250792 0.00613056 0.00461775 0.36065
0 0.22153 0.419471 0.00546346 0.00440231 0.360384
0 0.333472 0.558411 0.00628816 0.00477959 0.360264
0 0.220694 0.507206 0.00633922 0.00632804 0.360178
0 0.307655 0.288748 0.00809397 0.00516713 0.360079
0 0.901385 0.544004 0.00769693 0.00510691 0.359322
0 0.327084 0.534649 0.00640593 0.00648127 0.358471
0 0.65894 0.493504 0.00689937 0.00450369 0.35833
0 0.49863 0.641939 0.00666799 0.00511007 0.357974
0 0.201434 0.316976 0.00630065 0.00511672 0.357758
0 0.568857 0.731445 0.00663442 0.00461858 0.357695
0 0.873683 0.781429 0.00892641 0.00670934 0.357675
0 0.437271 0.458444 0.00654971 0.00573568 0.357448
0 0.244039 0.403625 0.00684286 0.00414586 0.356617
0 0.284955 0.492883 0.00705876 0.00357859 0.356603
0 0.298429 0.575487 0.0066921 0.00396049 0.355895
0 0.229875 0.314915 0.00617202 0.00478444 0.355554
0 0.250756 0.42822 0.00991357 0.00600871 0.355217
0 0.108412 0.141778 0.00618319 0.00414185 0.354668
0 0.222685 0.482865 0.00615065 0.00493188 0.354656
0 0.466398 0.434581 0.00593209 0.00397677 0.354273
0 0.331851 0.69428 0.00734023 0.00557189 0.353623
0 0.651728 0.474933 0.00770126 0.00518068 0.352356
0 0.343199 0.460128 0.00669372 0.00644998 0.352176
0 0.161023 0.588633 0.00672096 0.00525197 0.351994
0 0.691517 0.479987 0.00634549 0.00352952 0.35114
0 0.12314 0.33704 0.00869675 0.00648296 0.351018
0 0.328933 0.312061 0.00720853 0.0048212 0.350899
0 0.142723 0.222443 0.00775208 0.00628408 0.350501
0 0.436847 0.607708 0.00828898 0.0058248 0.349673
0 0.555636 0.331224 0.00620131 0.00467421 0.349558
0 0.515017 0.683322 0.00709803 0.00599735 0.349308
0 0.0536527 0.518446 0.00705653 0.00459016 0.349206
0 0.416995 0.616522 0.00805983 0.00485409 0.348962
0 0.305537 0.323115 0.00698576 0.00447277 0.348486
0 0.223703 0.395994 0.00641443 0.00383855 0.348485
0 0.142591 0.558138 0.00781039 0.00588079 0.34819
0 0.507947 0.635189 0.0063154 0.00505113 0.346898
0 0.224918 0.397566 0.00639846 0.00279223 0.346303
0 0.656399 0.711331 0.00735431 0.00529416 0.346298
0 0.330727 0.487272 0.00732801 0.00484952 0.346185
0 0.88022 0.737856 0.00740754 0.00567687 0.346153
0 0.295456 0.478866 0.00636276 0.00469043 0.34602
0 0.177057 0.469025 0.00584034 0.00433593 0.345913
0 0.928637 0.27449 0.006655 0.00503175 0.345707
0 0.209728 0.453895 0.00632352 0.00391095 0.345559
0 0.203983 0.372442 0.00645398 0.0051355 0.345534
0 0.58692 0.620648 0.00713382 0.00412774 0.345332
0 0.318322 0.536024 0.00795984 0.00489854 0.345212
0 0.339885 0.613759 0.00858367 0.00686158 0.344914
0 0.865723 0.869035 0.00782031 0.00603111 0.344465
0 0.218666 0.2194 0.00619545 0.00487544 0.344227
0 0.280169 0.654773 0.00803196 0.00510456 0.342739
0 0.0567248 0.138861 0.00668998 0.00429319 0.342628
0 0.231038 0.603066 0.00742455 0.00583518 0.342604
0 0.535502 0.0645891 0.00634401 0.00461628 0.341821
0 0.426615 0.196827 0.00720252 0.00481105 0.341005
0 0.635134 0.275064 0.00692239 0.00481364 0.340913
0 0.181491 0.591606 0.00776528 0.00470377 0.340671
0 0.421724 0.281997 0.00640413 0.00434685 0.340667
0 0.699507 0.386592 0.0063166 0.00423805 0.340278
0 0.532468 0.63509 0.00778697 0.0048617 0.340141
0 0.130499 0.551802 0.00701728 0.00597683 0.339958
0 0.556171 0.349558 0.00633421 0.00444533 0.339946
0 0.18704 0.387399 0.00927326 0.00743714 0.339518
0 0.547282 0.404041 0.00716835 0.00457832 0.339232
0 0.747845 0.153163 0.00588189 0.00508698 0.33911
0 0.129892 0.213656 0.00700146 0.00513657 0.338898
0 0.360547 0.615939 0.0123618 0.00574897 0.338854
0 0.366619 0.509409 0.00572069 0.00477356 0.338708
0 0.527706 0.312682 0.00574272 0.00484629 0.338145
0 0.525741 0.337495 0.00735556 0.00471076 0.338068
0 0.541432 0.705013 0.00868734 0.00788362 0.337374
0 0.156919 0.658625 0.00691753 0.00512742 0.337146
0 0.300143 0.241776 0.00571277 0.00509052 0.337061
0 0.0744632 0.410325 0.00674005 0.00425686 0.337055
0 0.460159 0.515038 0.00669136 0.0041044 0.336999
0 0.137648 0.149341 0.00645363 0.00525665 0.335315
0 0.189692 0.328274 0.00840624 0.00444121 0.334222
0 0.413889 0.572596 0.00647847 0.00405931 0.334218
0 0.50354 0.37392 0.00664565 0.00393207 0.333972
0 0.400839 0.291477 0.00744478 0.00500943 0.33386
0 0.261231 0.644854 0.00588513 0.00495278 0.333566
0 0.116603 0.504916 0.0068691 0.0044642 0.333556
0 0.387547 0.838331 0.00768134 0.00598102 0.332473
0 0.711278 0.297387 0.00747684 0.00466214 0.332451
0 0.196229 0.687213 0.00882532 0.00790294 0.332249
0 0.24375 0.539292 0.00593437 0.00511464 0.331328
0 0.333499 0.440369 0.00641761 0.00417035 0.330332
0 0.406728 0.638109 0.00585895 0.00482729 0.329705
0 0.246064 0.393429 0.00634905 0.00482926 0.328486
0 0.279042 0.317716 0.00668953 0.00417916 0.327893
0 0.854732 0.330409 0.00684329 0.00446734 0.327637
0 0.536435 0.525497 0.0101747 0.00582172 0.326884
0 0.117532 0.532964 0.00768805 0.00480913 0.326553
0 0.138691 0.221653 0.00629498 0.00490995 0.326383
0 0.182444 0.381368 0.00610047 0.00504066 0.325731
0 0.325522 0.560915 0.00564316 0.00462487 0.325638
0 0.440414 0.558688 0.00525407 0.00518816 0.325634
0 0.903324 0.12053 0.0064577 0.00434446 0.325423
0 0.188418 0.618476 0.00705026 0.00566383 0.325036
0 0.313695 0.45955 0.00712271 0.00530745 0.325031
0 0.193329 0.27036 0.00722933 0.00462711 0.323855
0 0.27925 0.673352 0.00664038 0.00408256 0.323798
0 0.173485 0.540547 0.0102538 0.00729178 0.323057
0 0.226622 0.544195 0.00602873 0.00513294 0.323
0 0.0732329 0.261834 0.00670321 0.00476309 0.322393
0 0.765293 0.57728 0.00588793 0.00504109 0.322067
0 0.171496 0.438718 0.00827437 0.00584006 0.321644
0 0.475974 0.456623 0.00977449 0.00387005 0.32147
0 0.275918 0.368009 0.00543093 0.00415283 0.320917
0 0.479689 0.488456 0.00639083 0.00499578 0.320738
0 0.210336 0.592667 0.00658011 0.00475621 0.319979
0 0.263808 0.309943 0.00679103 0.00462523 0.319009
0 0.34687 0.466998 0.00581814 0.00429452 0.318444
0 0.537665 0.266054 0.00555568 0.0047557 0.317943
0 0.388409 0.287062 0.0072935 0.00471396 0.317836
0 0.439324 0.233404 0.00728624 0.00530478 0.317456
0 0.368611 0.605782 0.00616606 0.00508028 0.317033
0 0.504769 0.643286 0.00668093 0.0041009 0.317032
0 0.50558 0.468579 0.0057805 0.00385073 0.316695
0 0.55063 0.0811216 0.0113915 0.00700705 0.315449
0 0.416841 0.464011 0.00636678 0.00397904 0.315443
0 0.539238 0.525678 0.00672276 0.00596939 0.315374
0 0.351397 0.549734 0.00724079 0.00494863 0.315153
0 0.116766 0.516226 0.0094183 0.00681499 0.315101
0 0.140734 0.446669 0.0068339 0.0054974 0.3149
0 0.33526 0.604449 0.00631443 0.0050307 0.314888
0 0.197135 0.692689 0.00889847 0.00530164 0.314563
0 0.134343 0.257146 0.00862976 0.00493588 0.314486
0 0.84847 0.391577 0.00617236 0.00502715 0.313983
0 0.232333 0.342262 0.00681663 0.00476487 0.313694
0 0.745211 0.380772 0.00724825 0.00527322 0.313513
0 0.371503 0.61608 0.00567507 0.00392262 0.312801
0 0.646005 0.412068 0.00628639 0.00485524 0.312801
0 0.963009 0.242949 0.0056182 0.00505115 0.312517
0 0.359165 0.386504 0.00674094 0.00413376 0.312247
0 0.230982 0.447294 0.00590299 0.00451468 0.311117
0 0.454418 0.604958 0.0107665 0.0077333 0.311098
0 0.24164 0.388741 0.00700374 0.00523718 0.311035
0 0.433986 0.555653 0.00567302 0.0038297 0.310263
0 0.116394 0.498252 0.0114142 0.00636988 0.309538
0 0.24095 0.337993 0.00939601 0.00588966 0.309487
0 0.147312 0.274073 0.00644425 0.00504675 0.309459
0 0.802996 0.387777 0.00622006 0.00503459 0.309264
0 0.188527 0.458488 0.00810745 0.00645374 0.309246
0 0.530903 0.421845 0.00589938 0.00521299 0.308286
0 0.132795 0.145762 0.00531366 0.00483931 0.308086
0 0.696117 0.560885 0.00846092 0.00561532 0.307949
0 0.221591 0.210972 0.00853183 0.00568535 0.307887
0 0.120066 0.148376 0.00699014 0.00602933 0.307734
0 0.43023 0.569478 0.00600299 0.00383872 0.307656
0 0.238885 0.375468 0.00702138 0.00446676 0.307345
0 0.492968 0.309882 0.0067957 0.00533951 0.307249
0 0.33986 0.346671 0.00933297 0.00496656 0.307222
0 0.366037 0.518024 0.00584692 0.00506656 0.306527
0 0.294839 0.526115 0.0064646 0.00431751 0.306478
0 0.747362 0.00836852 0.00748447 0.00597337 0.306397
0 0.258786 0.535817 0.00619433 0.0045325 0.305423
0 0.572425 0.090707 0.00681041 0.00564987 0.305336
0 0.277064 0.511187 0.00560441 0.00250667 0.305082
0 0.188809 0.488644 0.00681759 0.00495569 0.305059
0 0.878586 0.112644 0.0068976 0.00552129 0.304862
0 0.332998 0.489047 0.00560375 0.00387167 0.304828
0 0.424297 0.349146 0.00563307 0.00460183 0.303631
0 0.112822 0.072746 0.00611607 0.00492587 0.303158
0 0.245887 0.540006 0.0089398 0.00655453 0.302987
0 0.0996348 0.543751 0.00665631 0.00500099 0.302957
0 0.128411 0.333598 0.00733701 0.00501196 0.301381
0 0.185369 0.536942 0.00973023 0.00660056 0.300958
0 0.1618 0.329983 0.00788019 0.00547335 0.300457
0 0.642269 0.455901 0.00536243 0.00414667 0.300444
0 0.693176 0.330434 0.00825924 0.00486294 0.300269
0 0.331747 0.576105 0.0085651 0.00612681 0.299399
0 0.422366 0.513937 0.00583518 0.0040423 0.299378
0 0.257028 0.43357 0.00594152 0.0055954 0.299137
0 0.191249 0.456165 0.00570451 0.00454037 0.297796
0 0.245854 0.384181 0.00831426 0.00582514 0.297403
0 0.519078 0.512644 0.00741643 0.00622542 0.297049
0 0.0706189 0.241941 0.00826712 0.00502899 0.296675
0 0.205913 0.399831 0.00930031 0.00645639 0.296373
0 0.406457 0.288187 0.00735021 0.004876 0.296134
0 0.202127 0.266138 0.00646249 0.00494812 0.295937
0 0.277365 0.552435 0.00832355 0.00618143 0.295412
0 0.869765 0.155497 0.00731231 0.00472341 0.295146
0 0.0888258 0.225584 0.00682292 0.00496511 0.294404
0 0.46196 0.567808 0.00518052 0.00450168 0.29355
0 0.869643 0.885429 0.00711872 0.0057462 0.293066
0 0.178702 0.594358 0.00653742 0.00488072 0.293052
0 0.173076 0.41842 0.00725773 0.00420493 0.292973
0 0.1107 0.522429 0.00606072 0.00481511 0.292886
0 0.113874 0.898114 0.00679625 0.0038235 0.292496
0 0.0984741 0.5418 0.00869256 0.00704828 0.292255
0 0.302486 0.384281 0.00862479 0.00454242 0.292006
0 0.501751 0.718895 0.00967011 0.00587775 0.291972
0 0.379619 0.278981 0.00616996 0.00486527 0.291839
0 0.111357 0.511506 0.00784711 0.00456533 0.291578
0 0.578307 0.158991 0.00648756 0.00542231 0.291551
0 0.61675 0.542587 0.00535229 0.00438786 0.290558
0 0.858134 0.389039 0.00926458 0.00625952 0.289059
0 0.467333 0.618698 0.00841883 0.00550129 0.288627
0 0.139571 0.38391 0.0100454 0.00745727 0.288414
0 0.220468 0.618141 0.0066657 0.00527531 0.288026
0 0.519096 0.0480142 0.00578312 0.00478789 0.287746
0 0.306129 0.686767 0.00710695 0.00592268 0.2877
0 0.339914 0.638887 0.0063694 0.00537644 0.287479
0 0.305431 0.647224 0.00890085 0.00694292 0.287405
0 0.362563 0.324484 0.00588568 0.0047532 0.287196
0 0.22992 0.255057 0.00559301 0.00489734 0.286409
0 0.187267 0.319799 0.00589506 0.00519258 0.285897
0 0.415822 0.623176 0.00780569 0.00612561 0.284973
0 0.45083 0.164998 0.00729572 0.00480242 0.28497
0 0.193867 0.101183 0.00675538 0.00462686 0.28482
0 0.53623 0.476676 0.00541429 0.0038503 0.284581
0 0.547961 0.666594 0.0111125 0.00840336 0.284274
0 0.294532 0.459707 0.0106207 0.00534699 0.283897
0 0.157046 0.378245 0.00676719 0.00507695 0.283842
0 0.196181 0.203485 0.00667836 0.00528166 0.28306
0 0.260555 0.502028 0.0115896 0.00515097 0.28253
0 0.453698 0.563097 0.00467936 0.00443411 0.282439
0 0.73531 0.421505 0.00670954 0.00570922 0.281207
0 0.91856 0.238465 0.00648357 0.00513572 0.281062
0 0.572529 0.575103 0.00562401 0.00468624 0.281021
0 0.739503 0.447085 0.00665283 0.00442522 0.280877
0 0.107462 0.294391 0.00852068 0.00591428 0.279924
0 0.243465 0.375912 0.00593979 0.00439265 0.279865
0 0.743933 0.578422 0.00645867 0.00542337 0.279632
0 0.272506 0.577242 0.00574574 0.0048084 0.278903
0 0.446242 0.496292 0.00705238 0.00510943 0.278859
0 0.194644 0.560393 0.00602194 0.00387436 0.278682
0 0.537726 0.607644 0.00519027 0.00452049 0.278602
0 0.105856 0.437428 0.007007 0.00462367 0.278317
0 0.799119 0.154145 0.00873942 0.00587008 0.27788
0 0.23266 0.518553 0.00741815 0.00495958 0.277277
0 0.247873 0.342694 0.0074097 0.00493553 0.276774
0 0.222477 0.152543 0.00626482 0.00542015 0.276151
0 0.0823264 0.284443 0.00982198 0.00701152 0.275967
0 0.19837 0.400439 0.00821534 0.00608941 0.275872
0 0.624995 0.469656 0.00656889 0.00382966 0.275372
0 0.410257 0.370329 0.00713829 0.00503916 0.275069
0 0.754621 0.128866 0.00802279 0.00580321 0.274635
0 0.136024 0.508584 0.00734965 0.00441047 0.274264
0 0.150207 0.543165 0.00776839 0.0051193 0.274152
0 0.260662 0.296594 0.00599897 0.00418163 0.274005
0 0.248997 0.401164 0.00665867 0.0048652 0.273548
0 0.301158 0.430317 0.00716613 0.00445142 0.273524
0 0.177011 0.528705 0.00595677 0.00457063 0.273198
0 0.629739 0.680489 0.00944962 0.00775689 0.272768
0 0.222768 0.294695 0.00788847 0.00730039 0.272448
0 0.571521 0.421303 0.00675541 0.00441141 0.272359
0 0.636938 0.720416 0.00715604 0.00579637 0.272354
0 0.0961953 0.308085 0.00718813 0.00530405 0.272341
0 0.32398 0.472947 0.0064575 0.00430738 0.27226
0 0.36492 0.331114 0.00700183 0.00454419 0.271588
0 0.157692 0.454435 0.00635665 0.0051773 0.270583
0 0.179819 0.302658 0.0117244 0.00804074 0.270393
0 0.522883 0.223315 0.0075487 0.00532318 0.270377
0 0.640261 0.403256 0.0050307 0.00489341 0.269751
0 0.225339 0.395079 0.0062088 0.0048169 0.269639
0 0.64541 0.581408 0.00682289 0.00414342 0.269597
0 0.183656 0.193555 0.00704972 0.00573722 0.269501
0 0.219268 0.393935 0.00901941 0.00603812 0.269338
0 0.828751 0.159409 0.00598902 0.00500292 0.26926
0 0.402079 0.393123 0.00800578 0.00484742 0.269247
0 0.988672 0.552471 0.00713593 0.00524868 0.268896
0 0.9658 0.551152 0.00745472 0.00564426 0.268558
0 0.494306 0.224443 0.00693379 0.00517758 0.26855
0 0.208881 0.446469 0.00630037 0.0048349 0.268503
0 0.225586 0.3414 0.00663086 0.0044929 0.268499
0 0.323241 0.526388 0.00569 0.00386479 0.268413
0 0.364788 0.326585 0.00964814 0.00472448 0.268387
0 0.133706 0.625062 0.00662719 0.00442244 0.268327
0 0.218696 0.451382 0.0056976 0.0040723 0.268041
0 0.719713 0.72816 0.00651765 0.00574107 0.267928
0 0.550107 0.345713 0.00628748 0.00528343 0.26748
0 0.265045 0.102048 0.00656507 0.00523556 0.267461
0 0.254295 0.567249 0.00715639 0.0062735 0.266764
0 0.210222 0.450418 0.00666761 0.00529886 0.266417
0 0.398356 0.701885 0.00576765 0.00500813 0.266218
0 0.375365 0.807712 0.00705999 0.0045814 0.266093
0 0.474272 0.628013 0.0058096 0.00461239 0.265863
0 0.578814 0.369578 0.00595027 0.0055386 0.265615
0 0.14683 0.417178 0.00774644 0.00539187 0.265474
0 0.87095 0.735568 0.0086336 0.00656778 0.265319
0 0.361366 0.489398 0.00602003 0.00394707 0.265227
0 0.223461 0.4542 0.00696039 0.00458366 0.265189
0 0.599879 0.727712 0.00775317 0.00571576 0.26359
0 0.237553 0.484427 0.00666067 0.00414462 0.263449
0 0.107727 0.37907 0.00901434 0.00601795 0.263273
0 0.319181 0.435538 0.00602709 0.00381218 0.262825
0 0.198299 0.491872 0.00621454 0.00504156 0.262668
0 0.346119 0.390001 0.00585581 0.00518666 0.262606
0 0.307438 0.38154 0.00664038 0.00429315 0.262225
0 0.362303 0.606181 0.00573434 0.00440748 0.262193
0 0.138009 0.352619 0.00656694 0.00500448 0.261134
0 0.453098 0.765556 0.00739751 0.00564797 0.260454
0 0.373127 0.276872 0.00686144 0.0046722 0.260065
0 0.663544 0.703496 0.00874079 0.00690898 0.259945
0 0.302568 0.373244 0.0104786 0.00574991 0.259909
0 0.167319 0.570548 0.00631979 0.00503027 0.259365
0 0.546321 0.558873 0.00648813 0.00433845 0.259227
0 0.37682 0.38979 0.00760965 0.00539067 0.258961
0 0.620322 0.773115 0.00706144 0.00481545 0.258756
0 0.251033 0.604041 0.00623445 0.00420574 0.25848
0 0.783118 0.681405 0.00737203 0.00510567 0.258445
0 0.417853 0.487539 0.00731587 0.005674 0.25759
0 0.278431 0.509331 0.00590212 0.00462991 0.25726
0 0.125306 0.336874 0.0137661 0.00947432 0.25715
0 0.846561 0.390569 0.00999119 0.00694925 0.257115
0 0.695441 0.689111 0.00707438 0.00529707 0.256672
0 0.236966 0.557134 0.00798771 0.00566426 0.256671
0 0.398063 0.681183 0.0068173 0.00475668 0.256608
0 0.653119 0.569672 0.00830768 0.00594152 0.256572
0 0.360171 0.347914 0.00880496 0.00438771 0.256098
0 0.314557 0.251683 0.00632495 0.00517918 0.256026
0 0.771147 0.662301 0.0062506 0.00512135 0.255996
0 0.2031 0.506129 0.00838314 0.00448673 0.255856
0 0.689479 0.479009 0.0076661 0.00535451 0.255455
0 0.563145 0.422584 0.00729664 0.00517628 0.254965
0 0.0707421 0.634043 0.00869757 0.00694258 0.254919
0 0.262823 0.49799 0.00783903 0.0042637 0.254601
0 0.200747 0.592425 0.00891363 0.0056528 0.254553
0 0.0678214 0.133632 0.00676097 0.004946 0.254521
0 0.536469 0.596193 0.00624821 0.00415655 0.254276
0 0.191757 0.387687 0.00723288 0.00729849 0.25412
0 0.18402 0.44119 0.00706596 0.00420835 0.254099
0 0.640822 0.563344 0.0078618 0.00651144 0.253783
0 0.353462 0.396025 0.00718115 0.00475621 0.253765
0 0.195412 0.39782 0.0072618 0.00539323 0.253082
0 0.317123 0.635161 0.0055687 0.00511131 0.252994
0 0.908263 0.212892 0.0138619 0.00976124 0.25297
0 0.981336 0.218953 0.00583464 0.004381 0.252337
0 0.326212 0.150989 0.00611272 0.00481642 0.25177
0 0.102082 0.50267 0.0103392 0.00704127 0.251718
0 0.231246 0.477461 0.00746453 0.00784806 0.251589
0 0.176086 0.385262 0.0065654 0.00493355 0.25143
0 0.556717 0.24653 0.0075124 0.00567392 0.250711
0 0.296184 0.550157 0.00637504 0.00442244 0.250517
0 0.0897481 0.42167 0.00712073 0.00549479 0.250497
0 0.681735 0.261033 0.00821832 0.00575996 0.249389
0 0.10772 0.348251 0.00676984 0.0051819 0.249312
0 0.400048 0.468436 0.00524934 0.00403482 0.249296
0 0.822134 0.407544 0.00702793 0.00429456 0.249284
0 0.395052 0.312811 0.00615877 0.00504339 0.249278
0 0.372529 0.524973 0.00694789 0.00410479 0.249267
0 0.271292 0.536179 0.00691814 0.00547047 0.248019
0 0.868033 0.380397 0.00728005 0.00474882 0.247863
0 0.125576 0.50129 0.0069168 0.00450938 0.24737
0 0.172568 0.45291 0.00550782 0.00417266 0.247029
0 0.367088 0.365635 0.00677986 0.00415834 0.246275
0 0.15911 0.378281 0.0128612 0.0058324 0.245501
0 0.581553 0.577946 0.00614119 0.00397622 0.245476
0 0.236324 0.479211 0.00642594 0.00450669 0.245359
0 0.409793 0.520691 0.00563871 0.00488867 0.24479
0 0.364814 0.344945 0.0053673 0.00550225 0.244722
0 0.418458 0.469369 0.00627742 0.00479263 0.24419
0 0.241197 0.486032 0.00649271 0.00745343 0.244128
0 0.196068 0.163836 0.011783 0.00771248 0.243725
0 0.253971 0.527891 0.00588952 0.00401858 0.243421
0 0.548662 0.496711 0.00679189 0.00393467 0.243167
0 0.314357 0.44379 0.00682502 0.00418031 0.243101
0 0.640379 0.463206 0.00604527 0.00397618 0.241746
0 0.487296 0.368745 0.0108615 0.00620904 0.2417
0 0.363956 0.38058 0.00594865 0.00507485 0.241532
0 0.205528 0.615158 0.00737349 0.00451092 0.241242
0 0.686671 0.367402 0.00964173 0.00630585 0.240559
0 0.485981 0.44143 0.00629409 0.00382927 0.23988
0 0.221433 0.623444 0.00790761 0.0047601 0.239783
0 0.17646 0.341045 0.00727766 0.0049363 0.23956
0 0.829123 0.494694 0.00695368 0.0051052 0.239173
0 0.152488 0.86399 0.00735122 0.00539417 0.239063
0 0.47293 0.386799 0.00691364 0.00502053 0.239013
0 0.564782 0.60523 0.00619122 0.00533194 0.238884
0 0.34035 0.713062 0.00894142 0.00709081 0.238845
0 0.594678 0.702165 0.0113521 0.00741774 0.238139
0 0.690989 0.652904 0.0069779 0.00634065 0.237805
0 0.607499 0.149695 0.005862 0.00462787 0.237493
0 0.499625 0.526999 0.00703876 0.0058245 0.237236
0 0.902508 0.24276 0.00938728 0.00596822 0.236511
0 0.28239 0.21362 0.00679892 0.00490373 0.23611
0 0.350404 0.071589 0.00583102 0.00493916 0.235522
0 0.151059 0.445519 0.00907151 0.00588925 0.235377
0 0.2839 0.506452 0.00635127 0.00416403 0.235238
0 0.501164 0.175698 0.00624787 0.00500712 0.235172
0 0.256306 0.447898 0.00618447 0.00510366 0.235109
0 0.09288 0.270502 0.00789954 0.00592941 0.234775
0 0.223692 0.54377 0.0123876 0.00616618 0.234718
0 0.282154 0.520117 0.00738617 0.00438774 0.234344
0 0.798186 0.60013 0.00986929 0.00761657 0.234319
0 0.301665 0.393479 0.00618555 0.00394553 0.23336
0 0.851601 0.41206 0.00837908 0.00527728 0.232887
0 0.22322 0.409015 0.00650003 0.00761871 0.232875
0 0.468969 0.804713 0.00810414 0.00647332 0.232474
0 0.0921085 0.443515 0.00929057 0.00583728 0.23221
0 0.358735 0.420185 0.00613574 0.00456793 0.232066
0 0.703603 0.316919 0.00917345 0.00831798 0.232041
0 0.19093 0.43003 0.00731822 0.00463008 0.231931
0 0.58363 0.465791 0.00524794 0.0042999 0.231565
0 0.0856376 0.457763 0.00697902 0.00553804 0.2314
0 0.0468354 0.200688 0.00824686 0.00497567 0.231335
0 0.550038 0.41793 0.00565969 0.00405281 0.231025
0 0.185335 0.742985 0.00788245 0.00516004 0.230822
0 0.37521 0.142428 0.00589229 0.00489558 0.230491
0 0.40729 0.382561 0.00608063 0.00421108 0.230421
0 0.198276 0.53423 0.0075202 0.00514042 0.230398
0 0.602635 0.8589 0.00617059 0.00560677 0.230283
0 0.965128 0.189216 0.0084852 0.0060213 0.230132
0 0.357324 0.348065 0.00577962 0.00520615 0.228972
0 0.34621 0.568668 0.00669027 0.00511281 0.228324
0 0.102558 0.153436 0.00687461 0.00460524 0.228027
0 0.415602 0.637615 0.00933869 0.00424083 0.22799
0 0.891545 0.221476 0.00774058 0.00600119 0.227724
0 0.078126 0.370217 0.00883846 0.00546201 0.227676
0 0.707324 0.511806 0.00668429 0.00644212 0.227674
0 0.10775 0.355427 0.00572165 0.00500277 0.226989
0 0.876959 0.366641 0.00664947 0.00495034 0.2269
0 0.322916 0.633206 0.00870734 0.00798116 0.226658
0 0.276489 0.2537 0.00606206 0.00467881 0.226328
0 0.173199 0.391328 0.00587366 0.00524334 0.22627
0 0.11842 0.52544 0.00686077 0.00471009 0.226102
0 0.145961 0.51218 0.00698236 0.00553732 0.225927
0 0.25628 0.660947 0.00940298 0.00658598 0.225907
0 0.373777 0.522291 0.00624388 0.00351914 0.225037
0 0.214066 0.812707 0.0109508 0.00890199 0.224331
0 0.48027 0.350255 0.00640197 0.00430388 0.224155
0 0.19419 0.444542 0.00644766 0.00458721 0.223786
0 0.091011 0.575367 0.0111746 0.00564592 0.223216
0 0.176984 0.661473 0.0103657 0.00892378 0.223035
0 0.178407 0.438969 0.00752518 0.0049041 0.222625
0 0.204024 0.420583 0.00748704 0.00447895 0.221981
0 0.121714 0.165785 0.00853867 0.00522671 0.221881
0 0.38597 0.397646 0.00620382 0.00352884 0.221863
0 0.615321 0.647604 0.00898191 0.00684876 0.221149
0 0.573438 0.29879 0.00754756 0.00504376 0.22113
0 0.37363 0.318996 0.00678074 0.00427334 0.220918
0 0.0141302 0.398703 0.00906759 0.00632231 0.220894
0 0.867331 0.726184 0.0108248 0.00769795 0.220812
0 0.310719 0.0743826 0.00550094 0.00440633 0.220745
0 0.253674 0.442313 0.00670483 0.00461538 0.220175
0 0.187579 0.393878 0.0105284 0.00604769 0.21988
0 0.391528 0.462004 0.0054729 0.00457576 0.219496
0 0.295736 0.488605 0.0105132 0.00461221 0.219205
0 0.181001 0.269425 0.00763128 0.00517711 0.219157
0 0.0660028 0.417776 0.00818331 0.00535224 0.218893
0 0.718479 0.546467 0.00774485 0.00671938 0.21885
0 0.111317 0.894631 0.00845065 0.00565464 0.218561
0 0.424134 0.631479 0.00675407 0.00498962 0.218417
0 0.80427 0.683866 0.00979309 0.00767744 0.21822
0 0.513208 0.681164 0.00609029 0.0056961 0.217794
0 0.309043 0.38108 0.00534736 0.00458931 0.217284
0 0.253753 0.52406 0.00635925 0.00509122 0.216537
0 0.158082 0.281981 0.00899099 0.00709339 0.21589
0 0.328283 0.472225 0.00694712 0.00466936 0.215887
0 0.748768 0.489317 0.00791098 0.00459439 0.215716
0 0.382626 0.286726 0.00635609 0.00516258 0.215351
0 0.35362 0.454465 0.00593286 0.00413714 0.215208
0 0.46384 0.16647 0.00593526 0.00530027 0.213447
0 0.306862 0.553097 0.00653797 0.00482665 0.213396
0 0.358033 0.456679 0.00567114 0.00354897 0.213379
0 0.104165 0.29048 0.00663175 0.00489709 0.212845
0 0.483287 0.474415 0.00555095 0.00471642 0.211816
0 0.0541524 0.354725 0.00688342 0.00503929 0.211118
0 0.0925061 0.142525 0.0104818 0.00614739 0.210897
0 0.611399 0.287782 0.00741654 0.00440492 0.210881
0 0.0535766 0.445815 0.00708739 0.00517854 0.210391
0 0.324195 0.287722 0.00550194 0.00495665 0.209624
0 0.562938 0.308117 0.00544706 0.00495336 0.209586
0 0.306126 0.381382 0.0105517 0.00627444 0.209509
0 0.137702 0.638844 0.0112345 0.00774181 0.209174
0 0.846716 0.268823 0.0066636 0.00500828 0.209142
0 0.138606 0.446937 0.0117141 0.00665706 0.208875
0 0.328332 0.360136 0.00600829 0.00459275 0.208306
0 0.275177 0.487173 0.00603225 0.00452716 0.208185
0 0.391071 0.274654 0.00981882 0.0057463 0.208081
0 0.304188 0.383182 0.0109185 0.00455225 0.208027
0 0.430468 0.536167 0.00717345 0.00555788 0.207806
0 0.530016 0.381087 0.00686278 0.00431029 0.207265
0 0.228759 0.543547 0.0119114 0.00622883 0.206759
0 0.423983 0.390537 0.00643097 0.00459991 0.206696
0 0.14681 0.360323 0.00686002 0.00478752 0.20605
0 0.440855 0.460976 0.00551066 0.00391369 0.205923
0 0.479919 0.730149 0.00733334 0.00476168 0.205745
0 0.648483 0.321684 0.00578945 0.00482169 0.205502
0 0.323792 0.89918 0.00739933 0.00517354 0.205402
0 0.376558 0.548391 0.00560657 0.0048187 0.204952
0 0.596724 0.319139 0.00713786 0.00466635 0.204711
0 0.0793611 0.222146 0.00683842 0.00486285 0.204443
0 0.178434 0.464602 0.00822946 0.00459029 0.20427
0 0.83679 0.45598 0.0101989 0.00701143 0.204197
0 0.558061 0.350048 0.0117557 0.00637127 0.203924
0 0.262165 0.0648676 0.00581965 0.00520319 0.203167
0 0.539355 0.748152 0.00711484 0.0060818 0.2029
0 0.829591 0.40407 0.00792967 0.00467534 0.202868
0 0.460219 0.446496 0.00686363 0.00384214 0.20284
0 0.15151 0.378922 0.00585531 0.0048461 0.202339
0 0.877685 0.794537 0.0098388 0.00758623 0.202175
0 0.4599 0.653195 0.0063299 0.00526356 0.202083
0 0.580756 0.370272 0.0078598 0.00499992 0.202029
0 0.0802513 0.37814 0.00711648 0.00547402 0.201517
0 0.501665 0.461323 0.0049125 0.00341425 0.20098
0 0.0266657 0.358683 0.00828973 0.0057204 0.200677
0 0.479031 0.158788 0.00753246 0.00559214 0.200611
0 0.449702 0.709089 0.00789855 0.00941531 0.200608
0 0.252575 0.167893 0.0106707 0.0080635 0.200177
0 0.584975 0.394525 0.0076205 0.00571918 0.199916
0 0.783213 0.483224 0.00630155 0.00552774 0.199064
0 0.374272 0.841294 0.00760515 0.00550761 0.19894
0 0.00144977 0.422386 0.00286317 0.00749489 0.198891
0 0.255938 0.663182 0.00928424 0.00561801 0.198846
0 0.206536 0.344625 0.00768442 0.00582253 0.198795
0 0.730199 0.360752 0.00895883 0.00731618 0.198246
0 0.564646 0.264737 0.00774822 0.004968 0.198203
0 0.994608 0.582933 0.00636111 0.00491495 0.197903
0 0.31903 0.469211 0.00665964 0.00480678 0.197893
0 0.398218 0.634409 0.00907948 0.00644823 0.197509
0 0.0720435 0.405129 0.00839923 0.00493303 0.197151
0 0.162099 0.37293 0.00606332 0.00514708 0.19709
0 0.324609 0.716702 0.00614885 0.00462914 0.197005
0 0.429313 0.738924 0.00692635 0.00598179 0.196545
0 0.32633 0.47256 0.0110837 0.00585775 0.196391
0 0.342812 0.420166 0.00696764 0.00348268 0.195969
0 0.123181 0.501488 0.00837329 0.00481579 0.195749
0 0.470592 0.323465 0.0082049 0.00746326 0.195406
0 0.101045 0.331929 0.0111654 0.00834795 0.195195
0 0.899082 0.509403 0.00634093 0.00496009 0.195101
0 0.364532 0.452859 0.00535713 0.0039793 0.194758
0 0.207626 0.407785 0.00571615 0.00486755 0.194478
0 0.247683 0.541076 0.00603852 0.00459072 0.19437
0 0.975364 0.493288 0.00624736 0.00534673 0.194222
0 0.321506 0.521666 0.00619561 0.00457178 0.194118
0 0.184153 0.332814 0.0129634 0.00697295 0.19402
0 0.357856 0.401002 0.00828001 0.00631449 0.193956
0 0.567692 0.638958 0.00808046 0.00625739 0.193673
0 0.425909 0.155474 0.00687928 0.00519846 0.193477
0 0.532771 0.549017 0.00649623 0.0043064 0.193166
0 0.149561 0.746139 0.00889901 0.00679713 0.193002
0 0.703622 0.319163 0.0070619 0.00457065 0.192908
0 0.945908 0.571547 0.00668532 0.0052698 0.192463
0 0.570891 0.221478 0.00655304 0.00495956 0.192332
0 0.16727 0.259138 0.00747245 0.00572228 0.191544
0 0.843944 0.689282 0.0113317 0.00902833 0.191461
0 0.179069 0.43357 0.00818623 0.00565421 0.191389
0 0.151445 0.373926 0.00898341 0.0058816 0.191038
0 0.248667 0.38495 0.0069808 0.00621195 0.190948
0 0.208909 0.173441 0.00694157 0.00557839 0.190821
0 0.361936 0.347346 0.00629525 0.0035535 0.190585
0 0.0499716 0.402114 0.00874822 0.0058748 0.190349
0 0.403823 0.705071 0.00540215 0.00555484 0.190331
0 0.493006 0.156153 0.00915117 0.00678004 0.190058
0 0.78013 0.400626 0.00795645 0.00626452 0.189955
0 0.265619 0.424455 0.0119067 0.00562331 0.18973
0 0.364903 0.344749 0.00815221 0.00753671 0.189548
0 0.803332 0.360745 0.0100931 0.00703308 0.18935
0 0.388877 0.46795 0.00538289 0.00450215 0.189131
0 0.193129 0.41289 0.00567215 0.00507241 0.189117
0 0.505446 0.459677 0.00604334 0.0036651 0.188932
0 0.645705 0.262259 0.0084616 0.00575735 0.188806
0 0.169154 0.178813 0.00588932 0.00476927 0.188731
0 0.0086906 0.613606 0.00707226 0.00495513 0.188699
0 0.0893283 0.308072 0.0079292 0.00605304 0.188438
0 0.166113 0.482556 0.00714288 0.00539482 0.188377
0 0.38125 0.47597 0.00765703 0.00481284 0.187694
0 0.672022 0.448807 0.00733111 0.00504698 0.187613
0 0.231156 0.476023 0.00605277 0.00448172 0.187447
0 0.341704 0.244525 0.0069086 0.00479498 0.187186
0 0.434679 0.270987 0.00565615 0.00364773 0.186967
0 0.382398 0.710577 0.0106431 0.00886972 0.186906
0 0.485195 0.589963 0.00756232 0.00523223 0.186743
0 0.327346 0.374509 0.00645642 0.00517081 0.186567
0 0.155272 0.427727 0.00641795 0.00514191 0.18579
0 0.503655 0.496297 0.00648283 0.00402815 0.185245
0 0.512444 0.408414 0.00597119 0.00369562 0.184941
0 0.103762 0.224604 0.00654882 0.00491951 0.184774
0 0.167345 0.261306 0.00779747 0.00526039 0.184493
0 0.26859 0.648926 0.00637926 0.00454678 0.184479
0 0.469592 0.448978 0.00755158 0.00497714 0.184424
0 0.672929 0.63595 0.00824208 0.00628111 0.184285
0 0.443298 0.561784 0.00675553 0.00531647 0.183831
0 0.316994 0.123675 0.00845705 0.00493634 0.183009
0 0.651626 0.446673 0.0085831 0.00560728 0.182972
0 0.314285 0.561185 0.00547989 0.00480669 0.182897
0 0.377399 0.188676 0.00978774 0.0063789 0.182693
0 0.270199 0.625528 0.00893569 0.00555809 0.182686
0 0.431292 0.200844 0.00745224 0.00563716 0.180002
0 0.381339 0.401197 0.00800415 0.0046609 0.179707
0 0.354911 0.487335 0.00712111 0.004539 0.179671
0 0.166527 0.251416 0.008657 0.00569822 0.179199
0 0.708707 0.280847 0.00699693 0.00512956 0.178637
0 0.0345996 0.17101 0.00688446 0.00621142 0.178502
0 0.62527 0.305276 0.00807932 0.00616284 0.178351
0 0.816326 0.101083 0.0110625 0.00894518 0.177877
0 0.414183 0.616937 0.0079719 0.00560946 0.177774
0 0.0756162 0.510424 0.00682079 0.00433367 0.177713
0 0.626533 0.748261 0.0086487 0.00629799 0.177408
0 0.592689 0.484025 0.00592486 0.00495359 0.176838
0 0.2695 0.483792 0.00662363 0.00428186 0.176551
0 0.278491 0.718938 0.00636897 0.00457276 0.176159
0 0.439693 0.461712 0.00658202 0.00413659 0.176156
0 0.548446 0.657311 0.00747495 0.00631252 0.175931
0 0.152612 0.400185 0.00792502 0.00578082 0.175244
0 0.588618 0.837285 0.00796443 0.0059181 0.175112
0 0.516441 0.684421 0.00718403 0.00510554 0.175018
0 0.420636 0.533998 0.00647229 0.00441116 0.174711
0 0.379395 0.304326 0.0058912 0.00503792 0.174343
0 0.19867 0.163152 0.00612965 0.00484455 0.174247
0 0.50541 0.22717 0.006189 0.00530251 0.174117
0 0.395424 0.622458 0.0112348 0.00625657 0.17406
0 0.288175 0.397776 0.0109521 0.00678555 0.173882
0 0.438971 0.350659 0.00549596 0.00415924 0.173873
0 0.312439 0.309537 0.00614463 0.00423842 0.173799
0 0.582326 0.408764 0.00597996 0.00401486 0.173783
0 0.157019 0.26607 0.0090302 0.00732747 0.173218
0 0.28236 0.280417 0.00727749 0.00524659 0.172874
0 0.19701 0.317855 0.0120202 0.00525794 0.172475
0 0.482208 0.50279 0.00576306 0.00415941 0.172452
0 0.088368 0.845935 0.00693374 0.00569687 0.172229
0 0.543161 0.614378 0.00591158 0.00470834 0.172163
0 0.232967 0.426947 0.00597164 0.00464192 0.171971
0 0.422236 0.574846 0.00636735 0.00499903 0.171822
0 0.397116 0.273797 0.00835424 0.00686182 0.171487
0 0.173521 0.460838 0.00826531 0.0053481 0.170618
0 0.260113 0.483734 0.00723731 0.00490132 0.170251
0 0.106945 0.441665 0.00608386 0.00433854 0.170145
0 0.390948 0.631163 0.00794115 0.00572888 0.169911
0 0.160235 0.158435 0.00748678 0.00450719 0.169694
0 0.122264 0.156101 0.0071106 0.00436628 0.169288
0 0.13288 0.528711 0.0114305 0.00798979 0.168542
0 0.617298 0.559032 0.00644722 0.00504147 0.168428
0 0.439303 0.678117 0.00934379 0.0076974 0.168296
0 0.244483 0.480042 0.00683004 0.00462286 0.168153
0 0.870981 0.212753 0.00571565 0.00478801 0.168084
0 0.224438 0.499974 0.00718417 0.00488029 0.168015
0 0.167994 0.62831 0.00693064 0.00433187 0.167244
0 0.814587 0.37815 0.00668685 0.00606958 0.166483
0 0.291752 0.416982 0.00715345 0.00421711 0.16596
0 0.276238 0.513136 0.00527615 0.00459948 0.165696
0 0.484426 0.299985 0.00601758 0.00423489 0.165676
0 0.348215 0.422835 0.00767647 0.00598533 0.165342
0 0.393575 0.274603 0.00654774 0.00507391 0.165278
0 0.486601 0.249944 0.00546324 0.00505395 0.165076
0 0.218536 0.49167 0.00571922 0.00433474 0.164656
0 0.269293 0.264465 0.00748843 0.00585587 0.164654
0 0.539132 0.729626 0.00699807 0.00554992 0.164318
0 0.290517 0.579092 0.00772756 0.00576846 0.164261
0 0.0728648 0.599862 0.0134664 0.0092864 0.164118
0 0.716187 0.287601 0.00761794 0.00523139 0.163686
0 0.315924 0.513854 0.00732963 0.00470407 0.163415
0 0.376898 0.470628 0.00645745 0.00444061 0.163214
0 0.119744 0.629663 0.0134464 0.00892673 0.163042
0 0.226261 0.453821 0.00683272 0.0050578 0.162944
0 0.31013 0.600133 0.0062298 0.00509357 0.162898
0 0.581261 0.594233 0.00761834 0.00590229 0.162232
0 0.401065 0.636368 0.0087435 0.00735264 0.162127
0 0.667526 0.582103 0.00920594 0.00482259 0.161893
0 0.201938 0.761753 0.0078066 0.00514379 0.161502
0 0.847401 0.210496 0.00839003 0.00573203 0.161439
0 0.671417 0.478862 0.00639786 0.0029841 0.161274
0 0.478494 0.212175 0.00732009 0.00474177 0.161188
0 0.850151 0.816726 0.0124704 0.00917348 0.160931
0 0.43233 0.641674 0.0085541 0.00714582 0.160791
0 0.258866 0.547601 0.0066063 0.00389732 0.160787
0 0.37797 0.464397 0.00526569 0.00461333 0.160729
0 0.492681 0.31531 0.00655304 0.00401836 0.160285
0 0.46925 0.632087 0.0064218 0.00505686 0.16021
0 0.349053 0.341423 0.00595423 0.00482601 0.159754
0 0.97159 0.239665 0.0063619 0.0057463 0.159629
0 0.377777 0.47607 0.00814893 0.00400186 0.159577
0 0.863022 0.449868 0.00757594 0.00632282 0.159568
0 0.148359 0.34358 0.00740762 0.00450769 0.159509
0 0.371867 0.130524 0.00984635 0.00635955 0.159435
0 0.895945 0.591901 0.0125061 0.00798522 0.159335
0 0.990456 0.426674 0.00836256 0.00600166 0.159186
0 0.121892 0.419195 0.0111289 0.0075687 0.158612
0 0.143829 0.0739526 0.00552308 0.00474664 0.158297
0 0.20069 0.53352 0.00993125 0.00541832 0.157963
0 0.437398 0.252143 0.00917465 0.00659643 0.157171
0 0.329103 0.402639 0.00867708 0.00415851 0.157048
0 0.17179 0.23435 0.0080722 0.00522233 0.156461
0 0.688018 0.477856 0.00639484 0.00414407 0.156248
0 0.650047 0.475763 0.00575355 0.00405448 0.156195
0 0.1239 0.462079 0.00848109 0.00604077 0.156135
0 0.199681 0.369486 0.0122121 0.00671989 0.155765
0 0.158914 0.365269 0.00583196 0.00482451 0.15558
0 0.53988 0.465219 0.00926737 0.00671079 0.155497
0 0.600536 0.804753 0.00862573 0.00743227 0.155476
0 0.112605 0.421111 0.00887672 0.00602658 0.155475
0 0.809423 0.430467 0.00602732 0.00497223 0.155053
0 0.253866 0.564596 0.00779745 0.00617036 0.154985
0 0.444181 0.254497 0.00758221 0.0047239 0.154825
0 0.735204 0.854434 0.00758939 0.00640963 0.154536
0 0.305942 0.383185 0.00647357 0.00370186 0.154062
0 0.3976 0.410012 0.00576566 0.00381812 0.153921
0 0.114504 0.720038 0.0112774 0.00928046 0.153775
0 0.21275 0.455427 0.00642918 0.00462098 0.153695
0 0.476419 0.803614 0.00839601 0.00675669 0.153532
0 0.141029 0.437321 0.0125533 0.00767607 0.153514
0 0.0963381 0.136208 0.00737245 0.00553671 0.153384
0 0.491406 0.476324 0.00572802 0.00364065 0.153284
0 0.271831 0.475073 0.00531903 0.00473591 0.153249
0 0.604312 0.700685 0.00963643 0.0077813 0.153241
0 0.585849 0.300771 0.0115773 0.00781906 0.152996
0 0.116892 0.396071 0.00701931 0.00545115 0.152344
0 0.552626 0.0808037 0.00737203 0.00530617 0.152051
0 0.640104 0.475746 0.00631153 0.00451912 0.152029
0 0.66562 0.581394 0.00547783 0.00590874 0.152026
0 0.656277 0.706887 0.0107599 0.00722634 0.152014
0 0.427901 0.404194 0.00656518 0.00470159 0.151628
0 0.0935562 0.140331 0.0108528 0.00540181 0.151406
0 0.872107 0.164472 0.00707444 0.00418318 0.151175
0 0.23905 0.600686 0.00945297 0.00596943 0.151029
0 0.248524 0.492735 0.00685529 0.00506105 0.150923
0 0.0746644 0.4356 0.00776271 0.00710769 0.150047
0 0.483252 0.0803319 0.00646015 0.00436858 0.149577
0 0.303241 0.190298 0.00655401 0.00496406 0.149478
0 0.727001 0.659016 0.0069498 0.00506686 0.148876
0 0.179175 0.34062 0.00808613 0.00505365 0.1488
0 0.324364 0.530549 0.00573844 0.00439209 0.148739
0 0.606717 0.614702 0.0091184 0.00812204 0.148662
0 0.337084 0.286119 0.00797654 0.00562156 0.148456
0 0.421602 0.543851 0.00879599 0.00517773 0.148431
0 0.188964 0.247261 0.00723677 0.00471789 0.147721
0 0.166962 0.369404 0.00847145 0.00663531 0.147667
0 0.0772597 0.0887225 0.00741839 0.00599027 0.146903
0 0.162823 0.459437 0.0111419 0.00510033 0.146742
0 0.932193 0.277748 0.00754106 0.00541809 0.146729
0 0.865839 0.782191 0.0100432 0.00801125 0.146391
0 0.512675 0.525252 0.00926515 0.00471569 0.145843
0 0.253056 0.203449 0.00687099 0.00524058 0.145605
0 0.454571 0.189192 0.00777745 0.00824291 0.14558
0 0.21303 0.636501 0.00869318 0.00700507 0.145074
0 0.504742 0.447301 0.00683514 0.00444843 0.144882
0 0.33607 0.386889 0.00607371 0.00495278 0.144691
0 0.133344 0.706433 0.0122322 0.00955264 0.144533
0 0.151811 0.460223 0.00599538 0.00480216 0.144433
0 0.509228 0.32717 0.0067851 0.00640021 0.144379
0 0.143956 0.37224 0.00825359 0.00642583 0.144337
0 0.230029 0.672651 0.00630209 0.00551099 0.14427
0 0.10037 0.323018 0.00799274 0.00560331 0.143662
0 0.254397 0.267323 0.00641827 0.0050291 0.142903
0 0.50626 0.695582 0.00684221 0.00497825 0.142335
0 0.281504 0.402522 0.00834569 0.00606864 0.142067
0 0.22236 0.543279 0.0074109 0.0045481 0.141949
0 0.356232 0.396209 0.0132751 0.00636048 0.141861
0 0.873058 0.781631 0.0142569 0.00909364 0.141319
0 0.167686 0.173379 0.00788647 0.0052306 0.141209
0 0.306983 0.379007 0.00941728 0.00418796 0.14113
0 0.235837 0.674366 0.00860854 0.00602855 0.140879
0 0.822366 0.782268 0.0152064 0.0111205 0.140772
0 0.194403 0.164759 0.00761062 0.005361 0.140772
0 0.139616 0.381865 0.0149921 0.00648768 0.140681
0 0.117538 0.379679 0.00725334 0.00619443 0.140606
0 0.235221 0.558719 0.00751966 0.00611048 0.140466
0 0.530652 0.401478 0.00943178 0.00557467 0.140447
0 0.128094 0.337505 0.00793134 0.00680089 0.140428
0 0.146262 0.465891 0.00974222 0.00743881 0.140102
0 0.258749 0.381914 0.00667956 0.004819 0.139753
0 0.172684 0.416947 0.0114886 0.00759926 0.139706
0 0.521834 0.380901 0.00620199 0.00412034 0.139442
0 0.378569 0.714751 0.0157347 0.00873324 0.139433
0 0.271502 0.569895 0.00634908 0.00608065 0.139258
0 0.232524 0.50417 0.010017 0.00450019 0.139241
0 0.306357 0.405228 0.00705996 0.00533246 0.138074
0 0.385507 0.472486 0.00749738 0.00569345 0.138
0 0.0880473 0.475532 0.00663959 0.00554116 0.137958
0 0.123831 0.43872 0.00673681 0.00469996 0.137858
0 0.576412 0.393731 0.0053373 0.00473138 0.137845
0 0.279467 0.119739 0.011686 0.00769928 0.137573
0 0.554207 0.324094 0.00713678 0.00547611 0.137553
0 0.0571867 0.417333 0.00874859 0.00631333 0.137294
0 0.176724 0.54816 0.00918979 0.00826342 0.137031
0 0.322524 0.406061 0.00611705 0.00403037 0.136552
0 0.791123 0.750903 0.00996252 0.00753921 0.135998
0 0.156928 0.275248 0.00898857 0.00499138 0.135899
0 0.510666 0.526312 0.00704611 0.00471368 0.135742
0 0.630654 0.401015 0.00616843 0.0044059 0.135687
0 0.922287 0.402269 0.00749393 0.00587993 0.135242
0 0.189677 0.0769863 0.00801156 0.00476419 0.135239
0 0.446827 0.296398 0.00598489 0.00472065 0.135073
0 0.432258 0.273242 0.00915191 0.0051327 0.134889
0 0.870254 0.594083 0.0121919 0.00726417 0.134165
0 0.114161 0.461446 0.00832161 0.00743047 0.133828
0 0.294721 0.660211 0.00819461 0.00550385 0.133727
0 0.227322 0.261659 0.00735214 0.00425996 0.133585
0 0.207167 0.468423 0.00616817 0.00499206 0.13339
0 0.427507 0.49825 0.00570895 0.00403836 0.133326
0 0.101635 0.299449 0.0125581 0.00800576 0.133061
0 0.175637 0.41809 0.0143178 0.00598521 0.133048
0 0.233537 0.479198 0.012203 0.00481635 0.133033
0 0.137348 0.253681 0.00823234 0.00641933 0.13271
0 0.0266571 0.464173 0.00821292 0.00661855 0.132597
0 0.154488 0.522845 0.00763897 0.00610929 0.132274
0 0.292595 0.190925 0.0062363 0.00490136 0.132103
0 0.782846 0.533307 0.0117761 0.0101249 0.131547
0 0.346292 0.458078 0.0109844 0.00465483 0.131476
0 0.319174 0.608571 0.0085472 0.00621422 0.131439
0 0.993816 0.644335 0.00826009 0.00622255 0.130615
0 0.149553 0.155177 0.00796606 0.00546025 0.130606
0 0.577451 0.403899 0.00590896 0.00397737 0.130598
0 0.375528 0.412755 0.0069673 0.00535601 0.130213
0 0.406656 0.293583 0.0127692 0.00577421 0.12965
0 0.526921 0.140965 0.00876524 0.00592394 0.129619
0 0.172795 0.318538 0.00901229 0.00748602 0.12956
0 0.225315 0.43749 0.00628364 0.00546192 0.129317
0 0.397533 0.561275 0.00599438 0.0042175 0.129289
0 0.082358 0.154954 0.00895688 0.00608607 0.129276
0 0.460767 0.652121 0.010224 0.0055842 0.129127
0 0.309104 0.39932 0.00664839 0.00446963 0.128397
0 0.62196 0.577961 0.0106172 0.00483657 0.128378
0 0.762446 0.513695 0.00885226 0.00559091 0.128259
0 0.723825 0.563991 0.00774411 0.00470894 0.127903
0 0.459637 0.187487 0.00692185 0.00476425 0.127879
0 0.516329 0.76005 0.0103165 0.00748655 0.127479
0 0.803412 0.536831 0.00645143 0.00522244 0.127122
0 0.443552 0.44174 0.00587197 0.0043146 0.126692
0 0.466114 0.439448 0.00475014 0.00425092 0.126219
0 0.344741 0.511737 0.0057662 0.00458123 0.12617
0 0.248659 0.495909 0.00723634 0.00540828 0.126033
0 0.234891 0.215161 0.0068551 0.00553358 0.125791
0 0.168852 0.488333 0.00710713 0.0051155 0.125689
0 0.97455 0.724108 0.0136705 0.00994326 0.125306
0 0.197478 0.26311 0.00655062 0.00541982 0.125213
0 0.0686656 0.362796 0.012225 0.00783156 0.125048
0 0.0659522 0.375138 0.0102113 0.00691159 0.124679
0 0.33945 0.607238 0.00770428 0.00482362 0.124316
0 0.621983 0.152829 0.00614101 0.00479244 0.124247
0 0.325905 0.373263 0.00741067 0.00597465 0.123878
0 0.12839 0.457355 0.0110929 0.00743954 0.123715
0 0.100192 0.366641 0.0080456 0.008137 0.123412
0 0.457179 0.187399 0.0120293 0.00613801 0.12336
0 0.407706 0.448129 0.00688181 0.00544205 0.123265
0 0.522212 0.773762 0.00939571 0.00739517 0.123242
0 0.374846 0.392525 0.0129311 0.00615365 0.122998
0 0.222041 0.403153 0.00756894 0.00446446 0.122945
0 0.218156 0.455142 0.00603415 0.00421523 0.122811
0 0.195326 0.295213 0.0065233 0.00444509 0.122806
0 0.260869 0.535345 0.00918135 0.00459679 0.122497
0 0.228177 0.426431 0.00571868 0.00445001 0.122374
0 0.730245 0.359712 0.00667819 0.00466904 0.122256
0 0.348263 0.22097 0.0079411 0.00604316 0.122129
0 0.0900197 0.1726 0.00782522 0.00527069 0.122111
0 0.261109 0.372081 0.0065529 0.00445685 0.121697
0 0.341258 0.467581 0.00542119 0.0045263 0.121593
0 0.525882 0.453993 0.00679912 0.00396143 0.12141
0 0.868199 0.382518 0.00699095 0.00435589 0.121158
0 0.164478 0.266967 0.00814916 0.00738006 0.121031
0 0.63188 0.585601 0.00636259 0.00519872 0.120919
0 0.284074 0.496124 0.00550798 0.00432777 0.120576
0 0.166231 0.617751 0.00684226 0.00465508 0.120012
0 0.222056 0.422649 0.00511973 0.00397327 0.119734
0 0.375895 0.307997 0.00666127 0.00526088 0.119578
0 0.741077 0.399371 0.00654279 0.00435688 0.119334
0 0.666118 0.277314 0.0069196 0.00493094 0.119249
0 0.191932 0.477692 0.00713076 0.00590383 0.119022
0 0.229037 0.253748 0.00677889 0.00655953 0.118946
0 0.234254 0.248374 0.00650815 0.00475104 0.118918
0 0.444668 0.272603 0.00683141 0.00440802 0.118803
0 0.115766 0.100537 0.00599572 0.00518796 0.118743
0 0.245899 0.348743 0.0067088 0.00475839 0.118585
0 0.163869 0.453917 0.0106615 0.00622883 0.118565
0 0.25254 0.412738 0.00701557 0.00623067 0.118362
0 0.0715446 0.418303 0.00863707 0.00603633 0.118032
0 0.10855 0.402763 0.011738 0.00705281 0.117959
0 0.123182 0.437471 0.0100676 0.00632184 0.11793
0 0.0741733 0.246059 0.00788097 0.00436857 0.117373
0 0.560263 0.441706 0.00734684 0.00465419 0.117373
0 0.172055 0.411129 0.00998009 0.00612138 0.117098
0 0.116459 0.441984 0.00858453 0.0052268 0.116962
0 0.486207 0.642308 0.00727641 0.00561703 0.116959
0 0.804618 0.415822 0.00788641 0.00621648 0.11688
0 0.1575 0.278184 0.00946635 0.00531859 0.116723
0 0.30246 0.288869 0.0117608 0.00907289 0.116521
0 0.560407 0.422117 0.00638823 0.00434713 0.116395
0 0.227222 0.791762 0.00889661 0.00705118 0.116367
0 0.273175 0.473866 0.00790613 0.00652897 0.116348
0 0.33164 0.522322 0.00763695 0.00528638 0.116102
0 0.613828 0.559909 0.00722466 0.00431708 0.116059
0 0.370301 0.29918 0.00575722 0.00507549 0.115813
0 0.862437 0.717842 0.00975993 0.0072145 0.115677
0 0.420218 0.623304 0.0102256 0.00721553 0.115629
0 0.082575 0.535543 0.00861891 0.00552125 0.115551
0 0.275134 0.556071 0.00570975 0.00477211 0.115425
0 0.424924 0.498468 0.0119943 0.00545696 0.115343
0 0.0732995 0.261874 0.00961847 0.0069726 0.115334
0 0.454715 0.563479 0.00850087 0.00548684 0.115305
0 0.492111 0.586561 0.0110893 0.00850564 0.115137
0 0.136157 0.379645 0.0121315 0.00737534 0.115122
0 0.158515 0.441104 0.0106179 0.0072669 0.114923
0 0.33537 0.734109 0.00714254 0.00584159 0.114815
0 0.448189 0.259051 0.00692532 0.00575814 0.114196
0 0.301643 0.48491 0.00732516 0.00414975 0.113824
0 0.474859 0.569116 0.00717747 0.00465564 0.113778
0 0.0602327 0.4036 0.00946944 0.00586942 0.113731
0 0.23583 0.372178 0.00748708 0.00480831 0.113622
0 0.274819 0.503112 0.00561338 0.00509203 0.113595
0 0.221149 0.221665 0.00662907 0.003426 0.113529
0 0.272567 0.51803 0.00518927 0.00518012 0.113467
0 0.337553 0.643438 0.00744076 0.00464064 0.11345
0 0.286394 0.57301 0.00680348 0.00481041 0.113239
0 0.149479 0.566472 0.00858491 0.00741398 0.113199
0 0.553472 0.482126 0.00707096 0.00526544 0.113164
0 0.42503 0.688123 0.00646993 0.00584215 0.112742
0 0.429023 0.0674193 0.00623727 0.00497583 0.112448
0 0.117977 0.504133 0.0109457 0.00517893 0.112408
0 0.975101 0.393882 0.00996075 0.00738825 0.112202
0 0.370851 0.394425 0.00968262 0.00594704 0.112054
0 0.887475 0.326304 0.00856054 0.00587609 0.111781
0 0.171158 0.117053 0.00907855 0.00781302 0.111287
0 0.295363 0.342021 0.011272 0.00670004 0.111285
0 0.176874 0.481033 0.00649543 0.00479677 0.111084
0 0.224653 0.512482 0.0101631 0.00597422 0.110994
0 0.0238821 0.399302 0.00722583 0.00546427 0.110989
0 0.62173 0.805188 0.0116748 0.00783293 0.110527
0 0.526022 0.652462 0.0128588 0.00665382 0.110427
0 0.411358 0.704837 0.00664488 0.00408256 0.110399
0 0.650651 0.392107 0.00589345 0.00389364 0.110191
0 0.969111 0.408699 0.00873583 0.00658727 0.110054
0 0.152674 0.687883 0.0146314 0.00826864 0.109985
0 0.0938791 0.617041 0.0100393 0.0075487 0.109932
0 0.100839 0.387203 0.00969435 0.00655025 0.10913
0 0.446378 0.415206 0.00847132 0.00421467 0.10905
0 0.171114 0.403857 0.0071876 0.00500399 0.108741
0 0.829711 0.401421 0.0106474 0.00910415 0.108728
0 0.303495 0.244702 0.00713154 0.0049272 0.107881
0 0.195226 0.400033 0.00591327 0.00593306 0.107537
0 0.154115 0.298268 0.00738525 0.00553663 0.107512
0 0.40226 0.297598 0.0121734 0.00693852 0.107134
0 0.523885 0.719089 0.00591431 0.0050563 0.107064
0 0.2175 0.767637 0.00904457 0.00631141 0.106923
0 0.178133 0.467059 0.00981731 0.00676841 0.106845
0 0.442817 0.316514 0.00679228 0.00358906 0.106593
0 0.19676 0.690499 0.0117652 0.0101192 0.106387
0 0.454038 0.443231 0.00631702 0.00383927 0.106365
0 0.254316 0.544047 0.0062995 0.00502044 0.106333
0 0.528202 0.417379 0.0126766 0.00796983 0.106285
0 0.0947623 0.236481 0.00662574 0.00531051 0.106222
0 0.442377 0.394179 0.00677482 0.00584929 0.106041
0 0.422079 0.346897 0.00999495 0.00870151 0.105894
0 0.137871 0.386508 0.00732965 0.00615267 0.105311
0 0.896101 0.76065 0.010179 0.00765931 0.105274
0 0.430061 0.353667 0.00772496 0.00723664 0.105239
0 0.65564 0.517003 0.00701169 0.0052277 0.105108
0 0.376255 0.430271 0.0067274 0.00400169 0.105099
0 0.297371 0.292034 0.00723646 0.00498945 0.10497
0 0.92089 0.215645 0.0123036 0.00848145 0.104859
0 0.141324 0.521645 0.00852036 0.00594246 0.104846
0 0.124403 0.375549 0.00890132 0.00637928 0.104773
0 0.158311 0.556341 0.00912333 0.00504207 0.104543
0 0.210266 0.322588 0.00777645 0.00586277 0.104485
0 0.157825 0.388411 0.0114572 0.00800488 0.104194
0 0.24564 0.248553 0.00726538 0.00492664 0.10386
0 0.145174 0.265004 0.00798415 0.00568366 0.103692
0 0.209211 0.446104 0.0095744 0.00638335 0.103616
0 0.276098 0.648094 0.00981227 0.00644455 0.103529
0 0.122846 0.494249 0.00650901 0.0052992 0.103381
0 0.279953 0.520869 0.00646659 0.00488931 0.103287
0 0.953987 0.324898 0.00659026 0.00472653 0.103215
0 0.24515 0.246456 0.00741013 0.00578859 0.102443
0 0.661869 0.704356 0.0159995 0.00852449 0.102398
0 0.930003 0.275828 0.0099758 0.00804307 0.102382
0 0.562703 0.514606 0.00549447 0.00454981 0.101666
0 0.633068 0.293783 0.00935029 0.00695867 0.101245
0 0.124498 0.733937 0.0117121 0.0106302 0.101233
0 0.123651 0.304402 0.00614972 0.00552287 0.101133
0 0.417558 0.285778 0.00673487 0.00484605 0.10108
0 0.236959 0.465535 0.00624143 0.00547791 0.100734
0 0.331674 0.372383 0.00627212 0.00447813 0.100681
0 0.139303 0.438838 0.00866088 0.00627841 0.100389
0 0.0920139 0.257251 0.00989254 0.00739062 0.100355
0 0.120665 0.436842 0.0140046 0.00873957 0.100338
0 0.367599 0.529391 0.0057542 0.00451404 0.100312
0 0.66959 0.581339 0.00679308 0.00509383 0.100228
0 0.20715 0.257796 0.00696921 0.00500508 0.10019
0 0.363965 0.0375737 0.00860643 0.00626145 0.730754
0 0.165788 0.43361 0.00590579 0.00463164 0.689078
0 0.0595782 0.152347 0.00755535 0.00500766 0.611032
0 0.461052 0.961919 0.00910767 0.00599339 0.577186
0 0.0931784 0.393068 0.00657305 0.00430042 0.573182
0 0.416801 0.196039 0.00660161 0.00384553 0.541281
0 0.0802821 0.318908 0.00821353 0.00523225 0.499009
0 0.0606371 0.758025 0.00627668 0.00435553 0.495134
0 0.226401 0.241029 0.0065755 0.00406193 0.42973
0 0.883713 0.247405 0.00714755 0.00430002 0.418944
0 0.375059 0.548327 0.00556084 0.00402594 0.405557
0 0.240978 0.253506 0.00693915 0.00405868 0.403383
0 0.303456 0.321807 0.00678639 0.00439802 0.393126
0 0.0629629 0.356106 0.00728665 0.00438959 0.391317
0 0.101183 0.415393 0.00761393 0.00494723 0.385787
0 0.0863166 0.767154 0.00689474 0.003975 0.362271
0 0.359277 0.693546 0.00644433 0.00434935 0.360633
0 0.00152614 0.23249 0.00302557 0.00630469 0.353323
0 0.178786 0.771491 0.00743127 0.00420942 0.352281
0 0.150797 0.491157 0.00743347 0.00432457 0.33196
0 0.152145 0.743455 0.00576129 0.00434967 0.323419
0 0.845374 0.267529 0.0147618 0.0091981 0.29531
0 0.0754203 0.772133 0.0077688 0.00538668 0.284117
0 0.180341 0.984276 0.00743206 0.00509197 0.283717
0 0.148128 0.441457 0.00833789 0.0050358 0.27994
0 0.305497 0.239836 0.00686793 0.00490239 0.279125
0 0.915537 0.16207 0.0132399 0.00779001 0.270188
0 0.302494 0.245597 0.00701141 0.00483512 0.26075
0 0.0919516 0.355855 0.00733905 0.00503765 0.258323
0 0.297445 0.0385224 0.00803908 0.00541266 0.250629
0 0.081305 0.422454 0.00869696 0.00598491 0.244448
0 0.330437 0.340313 0.01117 0.0058655 0.242622
0 0.0994026 0.439273 0.00878613 0.00488392 0.22997
0 0.641598 0.904507 0.00610753 0.00447179 0.229218
0 0.707482 0.262892 0.00653911 0.00445012 0.227089
0 0.25727 0.419775 0.00773696 0.00434766 0.223355
0 0.434784 0.970879 0.00708604 0.00437202 0.221285
0 0.304664 0.652448 0.00968921 0.00656226 0.217943
0 0.117674 0.361325 0.00986729 0.00573334 0.204194
0 0.337229 0.840798 0.00605237 0.00427029 0.201006
0 0.548529 0.66978 0.00810011 0.0048974 0.198003
0 0.499284 0.614071 0.00707877 0.00498232 0.191751
0 0.195229 0.151244 0.00672815 0.00478896 0.190927
0 0.296116 0.20005 0.00712818 0.0044229 0.183943
0 0.424915 0.778304 0.0087653 0.00499331 0.17139
0 0.0461115 0.339873 0.00805408 0.00479366 0.165614
0 0.0916344 0.416703 0.0107602 0.00734367 0.161657
0 0.359413 0.7867 0.00744311 0.00476301 0.153152
0 0.0735424 0.274322 0.00935944 0.0051863 0.149917
0 0.31921 0.233644 0.00703271 0.00460403 0.145961
0 0.562029 0.948301 0.00674792 0.00459418 0.144786
0 0.373412 0.821472 0.00738919 0.00449546 0.144715
0 0.463461 0.881716 0.00641632 0.00503405 0.144275
0 0.29768 0.390974 0.00664055 0.00442217 0.138853
0 0.821276 0.774724 0.00717894 0.00460649 0.137083
0 0.250493 0.791026 0.00744303 0.00419124 0.133681
0 0.705386 0.920319 0.0128027 0.0104062 0.129899
0 0.300125 0.928099 0.00694646 0.00485914 0.118421
0 0.160467 0.525181 0.0100039 0.00687689 0.117753
0 0.28886 0.393108 0.00768969 0.00454287 0.117153
0 0.051662 0.155354 0.00793791 0.00598117 0.110072
0 0.00192301 0.819245 0.00384602 0.00614579 0.109715
0 0.341614 0.634988 0.00615962 0.00472048 0.106144
0 0.696453 0.678064 0.00619801 0.00414257 0.611333
0 0.906728 0.606979 0.00637309 0.00416867 0.606638
0 0.43805 0.0516605 0.00690222 0.00459099 0.602557
0 0.539204 0.037997 0.00880285 0.00596798 0.601239
0 0.636076 0.96243 0.00864502 0.00595862 0.579984
0 0.899078 0.584636 0.00721264 0.00419483 0.577928
0 0.833945 0.566351 0.00629489 0.00473215 0.56172
0 0.154791 0.732402 0.0142239 0.00881316 0.550553
0 0.575162 0.221595 0.00873073 0.00499838 0.537641
0 0.358346 0.0954878 0.00624231 0.00435065 0.524042
0 0.583271 0.803787 0.00673997 0.00385568 0.507476
0 0.918595 0.577236 0.00868161 0.00592506 0.498249
0 0.61662 0.0570543 0.00966855 0.00620378 0.482332
0 0.771565 0.777969 0.00857862 0.00597854 0.454567
0 0.900774 0.560832 0.00764378 0.0048045 0.448339
0 0.69435 0.760165 0.00741069 0.00493751 0.434866
0 0.773618 0.758819 0.00682815 0.0043977 0.427896
0 0.940457 0.847569 0.00777022 0.00517499 0.412178
0 0.819578 0.0157038 0.0074695 0.0051849 0.412061
0 0.55706 0.219637 0.00872366 0.00512045 0.405072
0 0.565169 0.029015 0.00707066 0.00418 0.402785
0 0.640861 0.306717 0.00635485 0.00423587 0.389978
0 0.500674 0.385965 0.00720946 0.00495698 0.346176
0 0.63128 0.166413 0.00616284 0.00434167 0.342685
0 0.402561 0.774791 0.00638529 0.00383798 0.340776
0 0.309109 0.179358 0.00882874 0.00549692 0.32989
0 0.699668 0.0721432 0.0059549 0.00436765 0.319595
0 0.724923 0.77243 0.00857592 0.00546563 0.275812
0 0.591527 0.0761266 0.00631495 0.00467321 0.275406
0 0.854446 0.721771 0.00769138 0.00510132 0.249083
0 0.765599 0.721658 0.0067265 0.00456184 0.243922
0 0.703638 0.799939 0.00675344 0.00440621 0.238287
0 0.624724 0.4517 0.00703855 0.00468628 0.23353
0 0.737859 0.462005 0.0130227 0.00851485 0.230154
0 0.907915 0.64438 0.00730427 0.00539656 0.223861
0 0.502389 0.012541 0.00702294 0.00524325 0.223831
0 0.116234 0.752483 0.00710575 0.00424445 0.215711
0 0.513655 0.696323 0.00685008 0.00446946 0.215147
0 0.497276 0.0316672 0.00993943 0.00518448 0.210507
0 0.798687 0.679099 0.00726263 0.00444806 0.209231
0 0.763756 0.0779295 0.00686892 0.00523736 0.201105
0 0.953349 0.660538 0.00733701 0.00452363 0.189374
0 0.566626 0.0935775 0.00671132 0.00433385 0.183848
0 0.924416 0.228235 0.00794411 0.00557029 0.178859
0 0.847492 0.256634 0.00714207 0.00508278 0.175968
0 0.276957 0.673988 0.0085094 0.00543086 0.167366
0 0.942646 0.379879 0.00744836 0.00445699 0.164378
0 0.605256 0.662399 0.00787449 0.00494464 0.157861
0 0.772957 0.0391916 0.0118603 0.00724726 0.152002
0 0.806862 0.0117137 0.00863592 0.00552895 0.150751
0 0.937016 0.64391 0.00700816 0.00405855 0.147662
0 0.947796 0.606409 0.0105031 0.00551261 0.14305
0 0.847896 0.921924 0.0118291 0.00846143 0.138534
0 0.832598 0.51956 0.00951449 0.00545649 0.136713
0 0.290967 0.260985 0.0101647 0.00542647 0.132382
0 0.576408 0.0750189 0.00912011 0.00491445 0.131675
0 0.461818 0.467418 0.00722984 0.00460253 0.131419
0 0.101758 0.563175 0.0111368 0.00810272 0.131058
0 0.924048 0.258532 0.00765745 0.00469886 0.128256
0 0.55936 0.0428879 0.0065254 0.0040064 0.127061
0 0.826636 0.670666 0.00779247 0.00454287 0.126467
0 0.668777 0.659782 0.012562 0.00697893 0.12566
0 0.913208 0.232779 0.00811466 0.00455499 0.124401
0 0.851821 0.558579 0.00741355 0.0049189 0.122683
0 0.925623 0.725907 0.00924341 0.00537469 0.12054
0 0.626431 0.178495 0.006791 0.00421526 0.118395
0 0.0848353 0.837911 0.0135183 0.00780669 0.115231
0 0.998422 0.767711 0.0031565 0.00740845 0.112801
0 0.969444 0.153474 0.0080297 0.00559842 0.111971
0 0.568179 0.0780476 0.0119945 0.00732209 0.10244
0 0.154484 0.239118 0.00589746 0.00466018 0.101332
0 0.367815 0.0686949 0.00692189 0.0054724 0.100589
0 0.696453 0.678064 0.00619801 0.00414257 0.611333
0 0.906728 0.606979 0.00637309 0.00416867 0.606638
0 0.43805 0.0516605 0.00690222 0.00459099 0.602557
0 0.539204 0.037997 0.00880285 0.00596798 0.601239
0 0.636076 0.96243 0.00864502 0.00595862 0.579984
0 0.899078 0.584636 0.00721264 0.00419483 0.577928
0 0.833945 0.566351 0.00629489 0.00473215 0.56172
0 0.154791 0.732402 0.0142239 0.00881316 0.550553
0 0.575162 0.221595 0.00873073 0.00499838 0.537641
0 0.358346 0.0954878 0.00624231 0.00435065 0.524042
0 0.583271 0.803787 0.00673997 0.00385568 0.507476
0 0.918595 0.577236 0.00868161 0.00592506 0.498249
0 0.61662 0.0570543 0.00966855 0.00620378 0.482332
0 0.771565 0.777969 0.00857862 0.00597854 0.454567
0 0.900774 0.560832 0.00764378 0.0048045 0.448339
0 0.69435 0.760165 0.00741069 0.00493751 0.434866
0 0.773618 0.758819 0.00682815 0.0043977 0.427896
0 0.940457 0.847569 0.00777022 0.00517499 0.412178
0 0.819578 0.0157038 0.0074695 0.0051849 0.412061
0 0.55706 0.219637 0.00872366 0.00512045 0.405072
0 0.565169 0.029015 0.00707066 0.00418 0.402785
0 0.640861 0.306717 0.00635485 0.00423587 0.389978
0 0.500674 0.385965 0.00720946 0.00495698 0.346176
0 0.63128 0.166413 0.00616284 0.00434167 0.342685
0 0.402561 0.774791 0.00638529 0.00383798 0.340776
0 0.309109 0.179358 0.00882874 0.00549692 0.32989
0 0.699668 0.0721432 0.0059549 0.00436765 0.319595
0 0.724923 0.77243 0.00857592 0.00546563 0.275812
0 0.591527 0.0761266 0.00631495 0.00467321 0.275406
0 0.854446 0.721771 0.00769138 0.00510132 0.249083
0 0.765599 0.721658 0.0067265 0.00456184 0.243922
0 0.703638 0.799939 0.00675344 0.00440621 0.238287
0 0.624724 0.4517 0.00703855 0.00468628 0.23353
0 0.737859 0.462005 0.0130227 0.00851485 0.230154
0 0.907915 0.64438 0.00730427 0.00539656 0.223861
0 0.502389 0.012541 0.00702294 0.00524325 0.223831
0 0.116234 0.752483 0.00710575 0.00424445 0.215711
0 0.513655 0.696323 0.00685008 0.00446946 0.215147
0 0.497276 0.0316672 0.00993943 0.00518448 0.210507
0 0.798687 0.679099 0.00726263 0.00444806 0.209231
0 0.763756 0.0779295 0.00686892 0.00523736 0.201105
0 0.953349 0.660538 0.00733701 0.00452363 0.189374
0 0.566626 0.0935775 0.00671132 0.00433385 0.183848
0 0.924416 0.228235 0.00794411 0.00557029 0.178859
0 0.847492 0.256634 0.00714207 0.00508278 0.175968
0 0.276957 0.673988 0.0085094 0.00543086 0.167366
0 0.942646 0.379879 0.00744836 0.00445699 0.164378
0 0.605256 0.662399 0.00787449 0.00494464 0.157861
0 0.772957 0.0391916 0.0118603 0.00724726 0.152002
0 0.806862 0.0117137 0.00863592 0.00552895 0.150751
0 0.937016 0.64391 0.00700816 0.00405855 0.147662
0 0.947796 0.606409 0.0105031 0.00551261 0.14305
0 0.847896 0.921924 0.0118291 0.00846143 0.138534
0 0.832598 0.51956 0.00951449 0.00545649 0.136713
0 0.290967 0.260985 0.0101647 0.00542647 0.132382
0 0.576408 0.0750189 0.00912011 0.00491445 0.131675
0 0.461818 0.467418 0.00722984 0.00460253 0.131419
0 0.101758 0.563175 0.0111368 0.00810272 0.131058
0 0.924048 0.258532 0.00765745 0.00469886 0.128256
0 0.55936 0.0428879 0.0065254 0.0040064 0.127061
0 0.826636 0.670666 0.00779247 0.00454287 0.126467
0 0.668777 0.659782 0.012562 0.00697893 0.12566
0 0.913208 0.232779 0.00811466 0.00455499 0.124401
0 0.851821 0.558579 0.00741355 0.0049189 0.122683
0 0.925623 0.725907 0.00924341 0.00537469 0.12054
0 0.626431 0.178495 0.006791 0.00421526 0.118395
0 0.0848353 0.837911 0.0135183 0.00780669 0.115231
0 0.998422 0.767711 0.0031565 0.00740845 0.112801
0 0.969444 0.153474 0.0080297 0.00559842 0.111971
0 0.568179 0.0780476 0.0119945 0.00732209 0.10244
0 0.154484 0.239118 0.00589746 0.00466018 0.101332
0 0.367815 0.0686949 0.00692189 0.0054724 0.100589
